TOL1	TOL2	TOL3	TOL4	TOL5	TOL6	TOL7	TOL8	TOL9	TOL10	TOL11	TOL12	TOL13	TOL14	TOL15	TOL16	TOL17	TOL18	TOL19	TOL20	TOL21	TOL22	TOL23	TOL24	TOL25	TOL26	TOL27	TOL28	TOL29	TOL30	TOL31	TOL32	TOL33	TOL34	TOL35	TOL36	TOL37	TOL38	TOL39	TOL40	TOL41	TOL42	TOL43	TOL44	TOL45	TOL46	TOL47	TOL48	TOL49	TOL50	TOL51	TOL52	TOL53	TOL54	TOL55	TOL56	TOL57	TOL58	TOL59	TOL60	TOL61	TOL62	TOL63	TOL64	TOL65	TOL66
A[C>A]A	0.01324057410946022	0.012436412447086792	0.00489712568152284	0.00884741491372273	0.017898974181639347	0.06950432278780228	0.003090460324104513	0.00526376969338731	0.009716460479205394	0.01095835413845746	0.0428145305977793	0.00850211047513564	0.01760889485148088	0.08482994002010061	0.031546937863292504	0.021912685948108593	0.008950601694927259	0.00643702050326426	0.03992340313046152	0.0158977618918688	0.010584610001621291	0.0101430182873773	0.0051050438220727	0.038294263071796605	0.07090369944234998	0.01094957521523319	0.02921797013914119	0.04365489631270592	0.08380380532047388	0.02152551157523928	0.0129931976876768	0.01345789767805021	0.012355284189105621	0.0792596847895283	0.0073632868319944604	0.0684273659926864	0.01799956934827284	0.1731066276483588	0.03110069655271345	0.00244264886709879	0.021891664357515352	0.0029176871042295898	0.04008944587667468	0.01460444580651532	0.0355173666385948	0.017725188286416928	0.01634774592775962	0.0139933618693267	0.050015216942969204	0.006428051123193749	0.01253371458849868	0.0224572676974683	0.030060627107483202	0.00904282104661046	0.0345224775355177	0.00690822117230529	0.02291677318434333	0.01593758148715629	0.01900614030229122	0.0124734973731999	0.01726597886910851	0.031440790352890796	0.02518617230517671	0.015651623531975162	0.0352278869354737	0.0067687993087342906
A[C>A]C	0.01353609901822208	0.005527745724877267	0.002946815525747567	0.03483967153644762	0.001674764074972203	0.022212345694246575	0.002671595691954752	0.004463406363903812	0.010395432003783456	0.007763648124791829	0.00597749988100037	0.04584871389294268	0.020184879620185024	0.04783194388797132	0.0283427516508794	0.0715561736547067	0.003574066053112379	0.0042397726920297	0.01158836064756516	0.005082160545742092	0.0056432401937256595	0.02064174044603102	0.0138964274373871	0.004859298029880753	0.014901991851290873	0.02466161259206581	0.018649950088982778	0.004979297914874913	0.00382668095174698	0.011934665760537169	0.00848343433651852	0.004423299543365259	0.00871111295970027	0.00567790519551589	0.0077926572574954596	0.033670297247684805	0.00785962229354689	0.057797562421934325	0.02605351948820545	0.03103649983616054	0.02968091681715341	0.0024793209765339302	0.011501754236328161	0.007485822945285041	0.02983717905271157	0.08136807522491721	0.04744994344910631	0.0309237865029915	0.021264338937216756	0.002694001420888684	0.02958574455495143	0.00509676743354635	0.01286863753258929	0.04710936252653739	0.0291300566467805	0.03587463483205546	0.0061069702810295605	0.004443455840777581	0.0211742389975959	0.00702433764785873	0.039713218729017	0.0069293331197466095	0.012975533561221369	0.0424002591235379	0.00589164648544564	0.02655277438752917
A[C>A]G	0.01647264578441498	0.01470157594179504	0.01684988180995331	0.02239227423580055	0.00912893614100097	0.0186233566197535	0.0033061646672996204	0.015918235282290416	0.03567379173504951	0.0341468098458932	0.017552969592224528	0.01786233613407226	0.03397955299358437	0.0898904956306307	0.01370391376572142	0.00947834651571967	0.00582303648991439	0.01853944383130075	0.00562079865439396	0.00902608665411909	0.00663592117304986	0.01263185712612035	0.06689120191026626	0.01467450014931001	0.08650060966250456	0.00806340367290327	0.01180839657425228	0.01148402903111277	0.01285720828646813	0.02140830699638492	0.00548520710083447	0.01124861157013535	0.00576032627192866	0.04071397964040778	0.013477817134945341	0.00646314554944164	0.03413278162492636	0.01571591286635857	0.00748171499075859	0.0028110771017013	0.01941335993750689	0.01593152005793069	0.01596450027156336	0.00807546168401091	0.0113001688574366	0.058738949604571884	0.0113858842001133	0.018676446750721533	0.002294047516468523	0.018080592178001433	0.02178077140270433	0.0360173417541345	0.0413458773626277	0.01327791278244973	0.020770028732971173	0.01201772940125455	0.01965581085075636	0.0064742971517822104	0.011847631093841241	0.01568035521394046	0.01640622836908472	0.0382975414112766	0.01517808994811682	0.01987202050765655	0.021109981753286648	0.0642302670126086
A[C>A]T	0.01245664701573898	0.02160296341247302	0.016838993907034982	0.02267832772615392	0.01243652202855397	0.02568522174082903	0.001807577311591932	0.005596758019690312	0.01225099462681741	0.0215443542836674	0.00867983617307423	0.01064135593135734	0.01021006358983015	0.04905222738924347	0.00633134168420519	0.01094293126549625	0.003856485259377648	0.027743514533983958	0.00468395279532999	0.00457173835456193	0.003411015411474623	0.01790354021979107	0.00999290513090997	0.02590395077284492	0.06623990936497047	0.00275985408260433	0.010282357521681211	0.00907370853089708	0.00964448855180789	0.01211844410925106	0.050726847393775754	0.01840097016952799	0.01094145882018251	0.03670709893120093	0.00547424835238982	0.013462366126990099	0.04154898579333033	0.01313096312789095	0.0159064509675734	0.0269581728845205	0.013881707048029528	0.025327147896718732	0.04271577546622652	0.03164964758606304	0.02386995127686319	0.08264891169546335	0.018356218578244328	0.04589467397985019	0.01147569940195752	0.01415512391568417	0.008790716229256021	0.00898134836896031	0.02418785584274286	0.01702563505545682	0.00798166968998789	0.01209474806871989	0.046322190961058496	0.01725646875357937	0.017384936500237088	0.00898870495420183	0.0187262062559376	0.008970820337742571	0.00496195721290422	0.01831238999333288	0.0033409249363945803	0.012366455795237619
C[C>A]A	0.013011455581619449	0.000949370426469399	0.001903143329642515	0.01361724694206554	0.0026776754966289897	0.03303809356858027	0.00365824828766216	0.002792403576525136	0.001967812517907343	0.00902804643888504	0.00580856636887629	0.02548754678058652	0.00818963754495779	0.010056004312317124	0.03429368871016778	0.072117403914736	0.019147627176246993	0.01122661734893501	0.0263078176677044	0.00426811133985866	0.003744030217220212	0.00755697848796725	0.02259856372245644	0.0076117261862492305	0.01761642030036315	0.010837388551000419	0.01640946235492567	0.003996074202065028	0.022862110846031212	0.01406941909037155	0.0060440046291732	0.00878306796777359	0.0336016892480971	0.02950580173202806	0.0132530688861829	0.02498088403901225	0.005798748040451411	0.1134765401212357	0.01771034798571377	0.03745194276662252	0.01560596947132441	0.00925549479730291	0.01654214796848918	0.005454673887124	0.026328035946573798	0.04425303567786477	0.00509273949197943	0.01920497158154431	0.0499538701401848	0.011671051718444389	0.019571494250124902	0.00793226131194868	0.0540341297792607	0.02066617231905079	0.04708912873222977	0.035758531421592	0.005513438084141771	0.01569989367881195	0.02429464852070301	0.01041269566972001	0.01564107186292697	0.01746878989291445	0.02140458296956353	0.0129665478600428	0.011486298912468421	0.00443555525278224
C[C>A]C	0.00727394381035241	0.001729191921031099	0.00881335436663385	0.002732595420299766	0.00833464119231193	0.01179284951505856	0.004531075922123474	0.00454676701596626	0.006338067640195669	0.029554472121991637	0.0560899367404446	0.00307459185161659	0.02500742731202748	0.01544799752954998	0.0258536216068772	0.01014499362316471	0.003748859136136749	0.0146885728276753	0.011371503795652889	0.00985784571522348	0.002285093213737626	0.010997020174037057	0.00963285464432536	0.003956697237386219	0.02779037937442511	0.01100530206844358	0.024261684889480863	0.020725367321183262	0.05688684499163435	0.0362173726805489	0.01098903010124325	0.00667752575006317	0.00847069522877995	0.010362573764853219	0.011694245038937661	0.02977950761601057	0.02036805174753793	0.014135561687911281	0.00891184645248457	0.01682095557979963	0.011041391993055899	0.01816445516023023	0.06193198604712218	0.00818573893781338	0.023736028475617697	0.05474038049827459	0.00577605653341325	0.01270800455789993	0.02313225015967083	0.008774444416934361	0.0660181599537255	0.03378087008698722	0.0564111889904638	0.02094338833333143	0.01807682521389079	0.0049515408022311296	0.01818600684026559	0.0243711051298614	0.01088011658969685	0.01463249872528987	0.00624763131961054	0.01703579947975243	0.01879901172643429	0.01863336634345519	0.0192852533772083	0.0077125331782549305
C[C>A]G	0.01662627829791978	0.005891969132995803	0.00654228829132537	0.00744843504261176	0.002425618842080985	0.00464042263772654	0.00814053954647528	0.001415717483704298	0.002403286448642348	0.05196135727747314	0.01097323922518097	0.00674780432188331	0.02607585823822732	0.00653850715024434	0.0026979418781972	0.00426769951578818	0.00308233549089506	0.00590796768226814	0.00415384316660184	0.0033348801899826903	0.00342010296435896	0.010291803588605389	0.1241371507430315	0.02383374316561851	0.09381584755353232	0.00558394255317722	0.0295380271747659	0.0112937855622372	0.012809361000533521	0.00993963079818502	0.0067385162612304105	0.0077713015316002	0.0235265699725333	0.01480503004884296	0.01143702727127024	0.014223631636598028	0.0119392492237443	0.0052657208044240905	0.013982801927983821	0.01101871427120052	0.01410192065784636	0.00562961396484663	0.0063065199512021795	0.0362655661073672	0.00928986448180918	0.00978008740356479	0.00945389723434677	0.02238843712453193	0.0156206448675518	0.00721642172536654	0.01889885068745277	0.021297229958724517	0.027344213988622322	0.0641281007813385	0.00656668051560691	0.0061633123337915	0.00685519121839111	0.0167113456966943	0.0103066706738287	0.0400982997240895	0.01111791791401839	0.00735660624912704	0.0073354950063764844	0.0167879141549535	0.021121839320742387	0.009927338460441349
C[C>A]T	0.016106204193599198	0.0072515445077161195	0.00970988979754152	0.0187587554997111	0.0018907650166853688	0.01881772457842993	0.01036359367866906	0.001690735638784924	0.00901606803998017	0.037018555794373	0.01624218755482379	0.0084078448390241	0.008550534280160539	0.02126021130940091	0.00734201587417249	0.01058304614758006	0.00565968129657915	0.05481583459804357	0.00636109886235654	0.004223230943067971	0.00513095062670226	0.01418892429174613	0.00925015854579171	0.0060817442064251895	0.02134562552096627	0.00419630537379564	0.01605222362139972	0.00569755051488825	0.00579585290509284	0.014104790049823991	0.01149317649273389	0.0312830526172398	0.02561495893762726	0.0437240535038206	0.01070296503037072	0.014216769238891539	0.02399178380713212	0.02042292910090391	0.0240496741688705	0.00728528161405906	0.01520186145519662	0.0051078040156159	0.021872834898529432	0.00813153490956835	0.01857004641666008	0.009154394191517631	0.011146776034279719	0.00998396830489165	0.021673238657728182	0.01377470661038966	0.022275137470792197	0.02099816495634553	0.014974384068894031	0.01864420864720633	0.0341587006781454	0.01768477490629669	0.03211198803515262	0.021846936905883782	0.016078515320065538	0.024337462602491047	0.00918474277530042	0.01696074490469448	0.01694623274230176	0.02907326796536442	0.00482944417834842	0.00628474066264143
G[C>A]A	0.00841042360459524	0.01078453216342141	0.0088468505517354	0.006046721530401301	0.01043955159772989	0.021400574796579627	0.002491999226583255	0.005442318301003509	0.01766801906410329	0.02193329287585727	0.02208266639021541	0.0199283898765515	0.00923372964441766	0.07297651353614248	0.00702185374106274	0.00636132448063758	0.00467026477614748	0.012877350736712048	0.01541424039726196	0.0075458616384162895	0.00340329179286646	0.01233515991453336	0.052896615402976785	0.0034741909753848096	0.03936633274335386	0.00531472626684264	0.01809574966587873	0.00604444158042977	0.02706066372065611	0.01572038847843776	0.01485386947756928	0.00887174323800387	0.02901886118892111	0.03002988677072161	0.011904557603719269	0.01137601046275985	0.018690245728513598	0.04200068782770202	0.009744576931313469	0.00566356385619576	0.01181620956372023	0.008507705860664721	0.02265696174101815	0.03439445537816025	0.0161582913105708	0.0219771457812199	0.03779442075221439	0.01015697454221011	0.01743486444737324	0.01058229122488486	0.01763642912378659	0.011276335531791661	0.02098767992764517	0.048344459823941865	0.01327445286688227	0.00730022027129941	0.0226960255800316	0.00890436950465755	0.013853552667920951	0.01533376980865052	0.013199253454295321	0.00787521754781282	0.0150773672882758	0.012976462683387851	0.005233033967865706	0.028468820459136922
G[C>A]C	0.008618506581151441	0.00483531744532456	0.0074558374861604295	0.00267928142607904	0.002726266206436731	0.00727560194483293	0.0028926655096036856	0.002134366104242977	0.00251917754172105	0.0296948848992191	0.016027919365226555	0.00631723180064801	0.00970180800015996	0.02679338275157182	0.00647890675385519	0.00708377882087052	0.00211450814797078	0.01256311105439099	0.015820884983497548	0.00695989483740171	0.00875968182822035	0.01162910812816863	0.02424237395801599	0.01973016015711532	0.00940666831466843	0.0156867320495044	0.01208447082154411	0.00316879066547328	0.00482281074192957	0.01687462305483585	0.0072860903934232595	0.00857538002135544	0.04143997588478952	0.005861862502102333	0.01362062949496606	0.02494845765826885	0.0098909417275227	0.024696948095045232	0.00950693348847782	0.01886710531528033	0.01675986847329592	0.008006119324430329	0.01090193586091039	0.009867292378662459	0.01733596528010991	0.008648115688095221	0.01339454088074804	0.03185722635640519	0.00853983758138178	0.00554119608641319	0.045837545008188804	0.01870381589498629	0.027549006526782452	0.00691276287528483	0.01769009994894943	0.00889404569063084	0.0501847011276384	0.00915046878254379	0.011956119533480669	0.01481628750681013	0.0056912507017443	0.01200420206513153	0.00472312014839611	0.02564031813833638	0.01252336059206104	0.00902974798275365
G[C>A]G	0.00880419726903268	0.002947898606785257	0.004687571654828675	0.001871828531163474	0.01168014030019353	0.00498193824736751	0.002117802650606361	0.008313901442211174	0.00314504484227053	0.03013387897816413	0.0311302907967964	0.0038078694462213	0.03390548303607324	0.08568779836270683	0.00970537856658055	0.01254387038098451	0.00320263058170823	0.007380265244835983	0.01010957011182429	0.0027556308202443588	0.0261997907547697	0.00540319210118783	0.16407424925284864	0.0030923481334325003	0.00705363502683253	0.01163818314027943	0.028127944095585083	0.006742522949644961	0.00949891718050669	0.01517694286059661	0.0020786754331213572	0.0251194388670955	0.00945281456852516	0.07414884126227253	0.00900977421126637	0.00498445671269326	0.03057221552899097	0.00372706959475749	0.038410726671781206	0.010035022462248598	0.00995507803566121	0.02188622730797868	0.0095515015169556	0.03253148572327503	0.02004414616198235	0.0013597254115133382	0.00639055535223042	0.010057582799895791	0.0037656631534306604	0.00932816999187747	0.0311328202470757	0.0406937520282603	0.0046789431785218	0.02200319997602112	0.01246700457719506	0.02959997349281819	0.0655626096029115	0.0639099187805043	0.014095746812471902	0.09166088961734911	0.012288261696867229	0.00827451850845843	0.0207838585106583	0.014515529822502189	0.01552665092307934	0.0084279339100445
G[C>A]T	0.00994419756737229	0.01251415085886947	0.00798366128118613	0.01122614676847371	0.00579935361905077	0.01161356016208439	0.002579779098233278	0.004039005972469896	0.013392575432091231	0.0385427705373657	0.009736648564089189	0.00792979096051836	0.0056133959937840205	0.05772799010506572	0.00501232330305029	0.00666642358401391	0.00501103459008139	0.03001846098297369	0.01255430625809728	0.00763194916784101	0.00425195918144457	0.01271830200976305	0.06861233019846555	0.005257578167999049	0.04649441981749641	0.00729116736364008	0.0161752912712094	0.00853192348045973	0.01652564784344869	0.02262262746536372	0.006511279871169021	0.01672387066634839	0.03001080397234763	0.01375630223903791	0.0092594458590965	0.00800621329572747	0.02132790226290782	0.02973927428786795	0.01846060638762027	0.00841956387072915	0.0054531521054884	0.040754049099920066	0.0125033087688644	0.013793338529061078	0.01843288544787195	0.029269827295195724	0.0059866358627806305	0.00597884224707388	0.0033655043979881703	0.00478277252344438	0.01927388922236698	0.0055968209941689	0.008717254363701011	0.01834546729052461	0.024264126572576598	0.0283440430752901	0.0372636178740946	0.01525849754023055	0.01928763415684484	0.011526311773584961	0.039281617230792695	0.024198464996739277	0.0067505782820030695	0.012688772783684481	0.0062016022398984	0.01680510412740136
T[C>A]A	0.017191762062966	0.016689878586512972	0.007871199994008819	0.0038103606384803403	0.0078730619189539	0.0319261856589776	0.002817964228426464	0.002077055924886519	0.012248429549145168	0.0364179086800164	0.01093195438023388	0.00961969779271167	0.00909414180406457	0.03101868119527539	0.00806267539324899	0.02066756871174454	0.0076024448251258295	0.00973765308455744	0.014495217802090331	0.02463146410349123	0.00746482878749438	0.00937103871680843	0.00671462899533802	0.0025374107525990798	0.00955110714956065	0.0043816282619041705	0.015251052573568881	0.00627118780339262	0.0284706627955089	0.015305497134328942	0.00889025272870842	0.0317267262806661	0.02399583919938693	0.05354101320897802	0.01305190735744614	0.00542104771855828	0.01104837301328355	0.02859441033572048	0.014023111984270139	0.00296545721003783	0.0062355755672950895	0.00298155942445059	0.00496955252299544	0.01248152664516641	0.03516258685917389	0.00846016788870322	0.0054924941571611995	0.00774488261642284	0.0270499149806998	0.00304533096071501	0.017143104644533492	0.01148306801798904	0.013620239306474439	0.01223195743576323	0.0260798724724292	0.017536145271316472	0.01995763470520081	0.019865900512787908	0.041420622843083	0.01147164327792613	0.01027105774325734	0.01482333438678804	0.020823719231472602	0.01622463536676937	0.00343638453379963	0.01950208445392345
T[C>A]C	0.00974678154317697	0.006684525757002209	0.00851803739572572	0.00402802283484406	0.00371140891967695	0.00410456234232915	0.003231153383396388	0.001896385498888055	0.0033138837839785	0.0293485616158409	0.01400675891275659	0.0037071997178290397	0.00493634742168665	0.01697083474727838	0.00946305833036723	0.01483072204502135	0.003398573150330835	0.0043405837565834	0.01716516072253474	0.01633649621699687	0.00320984912122494	0.00487308416054487	0.01106663488726418	0.0032386508652923612	0.013539397139740832	0.00550445115958774	0.01617854274685793	0.00897744332925145	0.011586049765105081	0.01435108386643046	0.009020677610230489	0.01506882423654954	0.01617648362815097	0.011278218766540619	0.07880581644841331	0.00499809332572981	0.011450310684324061	0.01213940289488759	0.0041092468769619705	0.00870722823550757	0.0045427082968056195	0.01274705401365524	0.01664466282737049	0.01686672916374775	0.01615850080924247	0.00400725834313163	0.01227647887372832	0.01196245776345428	0.00630212524717876	0.02068149100667671	0.00257241798808363	0.01578207283776896	0.01030938768211365	0.00344163813323139	0.009609412491107399	0.0093290069598488	0.018698776722761032	0.01377699413430075	0.039708064476142134	0.045186952892145	0.01479586833195691	0.01366692441688991	0.00488363273743639	0.008420297769975129	0.046040155132555896	0.01198897380744081
T[C>A]G	0.011255007250466239	0.00662566802286249	0.004543059318476237	0.0032693034779465602	0.00835036983899055	0.00888752328671296	0.00188184756329981	0.00878881404376064	0.00540034802084099	0.0484136884638723	0.01319214122974216	0.00479753073149891	0.009014290150897641	0.03943212139394409	0.0054636078975440795	0.01489730466562969	0.00313485593629905	0.004716952722482815	0.00717975085139638	0.014100156577574739	0.0029183232798645304	0.004123193467959091	0.08275385096378615	0.02420914336611191	0.0084842347173807	0.01090993750723857	0.01130501787348218	0.01464036443592258	0.01349221322979764	0.02832984902224482	0.01915178902266133	0.01844748750347282	0.016565244162322832	0.00700377699447176	0.01705559312210344	0.006178638680930991	0.01749169429471771	0.004423675971230936	0.020610790767428153	0.00588868914768779	0.00568263224148789	0.008242497903620409	0.00539472226768077	0.022778250206031973	0.01343011790202347	0.01670246034985889	0.0447724629275187	0.010423671491900169	0.01755798978460217	0.0044682134370808806	0.00948876088102696	0.02019033669439219	0.00589283841766125	0.01227712287821747	0.00704932894048026	0.0030956145348790803	0.027847093736467352	0.02001001259976701	0.01487910961719361	0.00787000768149841	0.04021978862538991	0.04101648664657334	0.2412830978260407	0.01178030459250806	0.0186908234228452	0.02211249897729356
T[C>A]T	0.0146347714862186	0.02595621548273848	0.01067926037441463	0.011613721343101149	0.00792886278456224	0.03238923264351031	0.003000787622461303	0.00208641783822551	0.02352121847753625	0.052218528396920705	0.01577360728440188	0.009150985480860331	0.011627689854693191	0.025759485858447912	0.00836191474552456	0.00846249443930246	0.00847344356682001	0.04813987167134598	0.01194300703285988	0.00914059615319978	0.0643941158434128	0.06227598929270012	0.0087814022563829	0.0777335428361677	0.0062715635039623	0.00882206775777593	0.02292259255780368	0.01565165510315734	0.00966427163564061	0.01574019764317502	0.006929395816035281	0.0242576092387157	0.01707264405468447	0.00892103513914331	0.01653178099545908	0.00978812635742755	0.0842776832750472	0.0098182669946028	0.01914437102073564	0.0725352122449629	0.19671805819337818	0.0220944872833415	0.03363415703625977	0.00568174058575116	0.01455630824708715	0.023177340076604498	0.031616611564745836	0.02141246768080085	0.0082755507261367	0.00784476636184734	0.0815841583124461	0.00974508823326383	0.01478126569331711	0.03729686138506408	0.0194267141763753	0.01849918066009653	0.01998175645734712	0.01718341016843853	0.10402072637212208	0.018267243607635292	0.01507542361796799	0.01560882443878356	0.01233436584406379	0.0082724374464261	0.0326306516875018	0.01372551594020199
A[C>T]A	0.036984685823712296	0.0630874166573025	0.058460045400163196	0.01604009472935861	0.02477298714122273	0.044479709377589896	0.0504073840033607	0.01444358561716199	0.01797065963085128	0.01632922656778171	0.02141375433283263	0.03913738561312368	0.01852566829515917	0.017344303723676062	0.01401065860155283	0.0244669133886319	0.00843835058914869	0.03990041011249318	0.00997200348103175	0.0043265113779784	0.1299516109043259	0.3940679792222568	0.012125511755355659	0.0645388491902847	0.0384192714156973	0.011464111043116811	0.01630153229208884	0.1329512663533721	0.03301941693059961	0.01856110345563924	0.07941380819669532	0.0770521532402648	0.01072082051847729	0.004539137997000529	0.03757849411075432	0.10269844451578783	0.0957807740037385	0.0032851185630928567	0.014692239141569502	0.0908900941033681	0.03844401203425969	0.01690571320614893	0.00913558446239183	0.07889930916541231	0.01738099679307436	0.0072826516505200695	0.01808711802215427	0.03036438081190463	0.0373125239036006	0.01451214859590795	0.01767868109555161	0.031340154171498	0.012574347228257489	0.0257330704575276	0.01454585428051531	0.01557069410232492	0.02658400417716781	0.0187357400965684	0.0076556043475995705	0.02846868771613338	0.00875651815666715	0.0094190663352164	0.0235464787788519	0.0394794836816975	0.0328822002475144	0.0272310349336706
A[C>T]C	0.0349325800513185	0.036570363136070996	0.0612605069862325	0.01023883335113481	0.010816338181537391	0.0379292862202396	0.05387717202214859	0.003300092890571745	0.01324374030025537	0.02627955769671669	0.0280606564024214	0.01956834982347554	0.012302952973170841	0.01232065275874264	0.021432997300203198	0.02781840660786629	0.0080516864085451	0.01589374441471271	0.011119884633706719	0.006716592668528301	0.01135463879111975	0.01493243845809693	0.01100423975366431	0.0031562947871819	0.01089827259202246	0.02455825226451691	0.01987185442255545	0.00826802873043637	0.00996058984516193	0.02682640042797425	0.00564643108806615	0.02583063332119282	0.01701603609855842	0.00531918726429672	0.01279026621547239	0.01772295762334348	0.00407678027585878	0.00527949787653874	0.01915283127116512	0.009565838562133649	0.012490280344933099	0.01541934926998778	0.015970340498244452	0.038163548746971115	0.04774008947186306	0.00469446899505698	0.02822595866300702	0.02043828810855534	0.0290103219437392	0.06383970591619709	0.01364089358918083	0.0759704841071686	0.01611113489404829	0.010057423488171631	0.01046534611911738	0.01100139215132609	0.02366847896186782	0.01178630352193501	0.0235372153885818	0.0407449760698266	0.02047470885475454	0.01178171727184635	0.011714778934606051	0.01947469734733902	0.01390654137277135	0.0199238842480806
A[C>T]G	0.0380271085582307	0.019863655068646586	0.025974790014396083	0.00617774935128827	0.005069773319992684	0.007531964336909812	0.02484228450949301	0.31330031008447734	0.00741999320346629	0.00865944153448359	0.030319440467499865	0.00519051571692045	0.02461691404524911	0.002442669872168327	0.018444426273839527	0.009226500575370628	0.00523279789134688	0.00774796732259229	0.00782584789219441	0.005540516460244849	0.010380365539348603	0.0058477727965712	0.00763685299467487	0.001356249508488787	0.01224136068194621	0.00960553516280984	0.019515731166457	0.0058302776552096505	0.01026190837862136	0.01169426839234488	0.049663727586228605	0.04233532015635324	0.008629199284889151	0.00743146160242876	0.020246681571568486	0.00986146318751457	0.012099192887729149	0.0027373164593733398	0.0091077604979286	0.00636291943023582	0.00492789748759216	0.00420621290079563	0.00859558668005974	0.00809383848229489	0.01579033205891727	0.0052410020706320296	0.0133480925133086	0.00657516103899106	0.02515669706424558	0.009334910528246436	0.02255659374685917	0.0559899731832674	0.021996589561557478	0.02076833318526493	0.01753630979227393	0.047293025912719756	0.01236383131623502	0.01875843132209157	0.01265363015835942	0.008556403707517	0.01595193620351318	0.03396111866234481	0.01030724570744881	0.01522919191499434	0.02660221005932465	0.00845830432582822
A[C>T]T	0.02772683944089903	0.053322044574357505	0.062151178142741695	0.0250141766347672	0.0117503516001463	0.0450335131756254	0.037421883881122144	0.013399199671813649	0.03587905242573578	0.01957101673690584	0.00854075718975025	0.04000562971684427	0.00888197169372281	0.01326192655996445	0.014061258252489061	0.01991161752807516	0.01027319178070603	0.02597303318626534	0.01576014060176474	0.00682305379869046	0.02087802586140839	0.01064934673468133	0.00434090448511044	0.02449254273532247	0.012848912262307641	0.01769024140104751	0.01726045362895963	0.01970660681451758	0.00413703451681689	0.0256381206049019	0.06672086328185593	0.043360659520868906	0.0251437015664903	0.01437790829391115	0.01168460030185917	0.01653729790761882	0.00811200116248882	0.0050343414397945	0.0158494597590477	0.011968767594004899	0.013003724644073079	0.0228687314714325	0.010738302122597389	0.00642771159817168	0.02094089296449302	0.00852114869915834	0.028504614872805437	0.009082918722289359	0.006882499350421021	0.01378603313181094	0.02644205986622194	0.00986766200517607	0.026091569760585097	0.01740789318851491	0.014530381647494029	0.0302885439160706	0.01754128879494107	0.148298033133814	0.01716646634132426	0.0228879195862219	0.01519150152233825	0.021696699128052402	0.00945629203247729	0.03680413700499319	0.00933423251513169	0.03075734180424152
C[C>T]A	0.0440769853835104	0.0376167055550587	0.0452031335355874	0.0072055077102590095	0.06532948194277399	0.01496645141086269	0.06673620679473741	0.002980202978162405	0.01173423353969617	0.01170066682388644	0.0285434951943521	0.01221448847580709	0.014611804091770552	0.03250310960535916	0.0311255505877552	0.02018361272727229	0.05592629881372228	0.0104845916712396	0.05734783678214646	0.0714144677841032	0.00739626400578607	0.0068604914790360095	0.00429921270871799	0.03756778017856205	0.0252273009260726	0.11162741913447125	0.0556131153524439	0.02497372983899479	0.023722454136148458	0.0283790221027869	0.07016001838078931	0.01255561327089166	0.0176524600231791	0.01338890792511158	0.10811497552197481	0.0076732715605259995	0.043106232364636066	0.012579632198801389	0.0137985314938187	0.00571263203038924	0.03208511487404355	0.02502564830781247	0.00541456007091324	0.01504469392713844	0.00667575550950733	0.0331832601206092	0.01888255807847663	0.0361271012407544	0.0103080098196126	0.01254166987249314	0.01775026407359781	0.01611361945275073	0.01944093154512149	0.02199066054710932	0.0331568635046493	0.008566280753665851	0.016167401756186	0.01722269847598341	0.01193588609876544	0.01197393796176587	0.010208711697520651	0.002645428376349304	0.029864380985512702	0.012284701768355472	0.01386477957771285	0.013740838742489941
C[C>T]C	0.0318536347400483	0.01535805115553476	0.057062783191428004	0.00455134519507004	0.02984763972646969	0.0200859032965002	0.0681639430572463	0.0060226421509822995	0.00932028295975308	0.0420639543530463	0.0849451337207067	0.00666976196128596	0.02685749150216964	0.0184452737575979	0.0690101587114611	0.011985340924543529	0.03543844890404967	0.00951690889308741	0.03030555654051873	0.062307045646065	0.0568395079507632	0.01248418359084357	0.01024192351412757	0.00645066533176871	0.01714799493783676	0.22261832155968686	0.0422585278881883	0.01855895015899255	0.05028760167818555	0.032939622208629296	0.0076467289226873	0.00817981505137526	0.04953233492917625	0.01758209218909023	0.01428959137784833	0.007864451006436731	0.041188200525241775	0.00487594227228741	0.0417636425537464	0.01282783720920313	0.01879690117605794	0.029448779004734513	0.014542976934394493	0.01987213618611041	0.06616911234629319	0.028697679251567708	0.02002955718242904	0.019096864976714797	0.01333819897596381	0.0135471319496724	0.00892219372166882	0.01613073473636639	0.01174029827659576	0.07493856794899201	0.00615792384831401	0.0551712125693443	0.045544967330921504	0.017983255897774615	0.01567125070720061	0.03848361383422594	0.01436861944183064	0.0519226765836308	0.0168895090045767	0.01348124887863934	0.10223912635281049	0.01568945111017751
C[C>T]G	0.0604174442924103	0.02540549146510049	0.014205647084235528	0.00853305018999966	0.01302235701681969	0.0032431246885081004	0.0877293295561231	0.10581517282571666	0.00765391089045412	0.02274712365498055	0.0351231459358058	0.0037712448048400496	0.08915957434482968	0.0071058960113568395	0.029519536567152317	0.00532166380654832	0.014565358068439619	0.01159543874480007	0.28821914681800975	0.02485306436107105	0.002081792710644449	0.0045970218810233	0.00331727049197841	0.02008415841158618	0.01801806045455589	0.050714433835441365	0.01291927300364675	0.01990632074701237	0.01153107414052817	0.02215863538439326	0.02307845777274565	0.01300048319396524	0.01765646831082258	0.00815410852067167	0.01895118254825371	0.0071977020017238	0.009981117214273581	0.00494217032879803	0.01749991370825158	0.01292010287411732	0.00946187602078459	0.01018251138532871	0.007729141978891471	0.01896335703150507	0.02322694863075178	0.0139370316392425	0.01031982356725911	0.026327880391760553	0.1501296213731277	0.024112619774912258	0.00603084185825686	0.01529193549327499	0.03610549384507657	0.00924245075936149	0.01922576245673466	0.015025707872976472	0.01974761584043911	0.027156508943481178	0.01089809518798447	0.02369473916739664	0.040895035896199305	0.0076396413774119	0.02764561104486011	0.01168580041783557	0.01922356989563217	0.016097872756913968
C[C>T]T	0.039330271556051274	0.001514301394032065	0.001910308075094092	0.009325789025154027	0.00158574947817718	0.003857258233514724	0.05082334289442418	0.01402899707082568	0.0022301674414769088	0.002983289460689512	0.0026668301930974758	0.1375596093964884	0.00502452553964887	0.001240285840138463	0.06013076904458149	0.07379674105916764	0.015216009362760609	0.020569528084390686	0.02431032416511407	0.016019390254213672	0.12611669017501065	0.00907797265800603	0.014480772867372269	0.01716805229947552	0.0024539385452380397	0.1218463845465472	0.0235505312431232	0.030083440928976826	0.01341669563402633	0.02216478771598223	0.011395342653207439	0.0218700111016563	0.02646309587503821	0.0040336343793748695	0.01937016194626308	0.01649808495312752	0.02077019629237592	0.00224916316898292	0.02955844084738664	0.1765465997325373	0.00314541898577988	0.0922130788521738	0.0066726740121967	0.005123671755328961	0.01196718190039828	0.037188991583619914	0.0234086234163488	0.05328484614692034	0.01073821122284274	0.0957948265753424	0.013252637124680021	0.0236033180843089	0.0279955759836122	0.017371600533078232	0.01524467803514319	0.01740254449055784	0.00453249025249625	0.0075115459676964105	0.02236346286574454	0.044603369000587006	0.06326989118501866	0.01754310203235207	0.03429361236133441	0.0297860120643504	0.00526701091252724	0.04842467846134202
G[C>T]A	0.03521256071729808	0.0482520495676603	0.0522984970137796	0.0298286116712982	0.02790762455625773	0.0279950336525918	0.0660654106724202	0.006568627348164	0.01578968063324062	0.0213534443083195	0.0286972234623198	0.0251600589286591	0.01443138205835773	0.01889861398672666	0.0256537312804089	0.01009917897668057	0.00744944912160897	0.03869366676397417	0.010727342519259091	0.00440753373175481	0.00827383936212671	0.021090801271557248	0.009659840941842891	0.002612576870851921	0.00854967703051096	0.01401611386517981	0.03423274139052025	0.00658162625603403	0.01646379485073225	0.017334685723816	0.026075246711056044	0.03055534303638158	0.0353856924342518	0.01197677445792045	0.021509164147707482	0.01665020784456345	0.007719357354756699	0.00346656945956077	0.0282062985357539	0.0039137049724782295	0.01754448856266671	0.0399792830498337	0.01671565130418555	0.03004917607535414	0.0272644098543013	0.01253990546046078	0.02337523168845456	0.03288781062519935	0.009756892272855689	0.0085562568181558	0.018721851495394612	0.0676172203408999	0.01372575534548751	0.02639012650266665	0.031358458454440505	0.04105933925715307	0.05732170999805984	0.0356003664707831	0.02589676717699092	0.01243170129417436	0.03429057754358587	0.0033790454238735003	0.02195217091669881	0.01759717071865954	0.01360836167108307	0.037353296429093796
G[C>T]C	0.0406224595543805	0.0327075179898225	0.0849591415190228	0.00724376323862678	0.011314518048323329	0.0272025506900544	0.0745595494350546	0.00544563376083664	0.02499896698360772	0.0414878703688584	0.0375320612201174	0.017298137459805782	0.02765999220005206	0.00934274387719576	0.0340638886510076	0.04234047565624574	0.01260757319541422	0.1480803590294967	0.01326159857328765	0.00853617107699591	0.00599892438274568	0.01434174085145849	0.00982802395984453	0.1316828232103453	0.01104967398190548	0.00724973372806757	0.02073455814272048	0.00360104263898976	0.03005857838158836	0.02502720583790756	0.0634813898287675	0.0376730884842842	0.038576779789641996	0.00588867482371042	0.01424762646992645	0.0236920498477805	0.01318420063001126	0.00673749558599351	0.0340304006802053	0.00926838305682839	0.0050156105038688305	0.02151152115894395	0.020240432065005	0.0545565503261882	0.0420197339017781	0.01027755139306653	0.0837105747710653	0.01284233088982443	0.0265777623861112	0.0391978350788912	0.039150405971077204	0.012739358782173131	0.01038237544738628	0.0074293392999181095	0.0250287211426841	0.03275338520690148	0.02516945802690245	0.0119042604525125	0.01518757536343673	0.0236096017898295	0.01073860463577128	0.035232500529220404	0.0321844792769415	0.012676351682770239	0.0232262359754017	0.03745925019642121
G[C>T]G	0.0703153794151129	0.01999081361195017	0.02434410934628318	0.00401978286156154	0.0033454547123730003	0.005600418104941526	0.0753691664829533	0.2100674914569626	0.00297791212904265	0.007572926555022459	0.04393956653100381	0.00705861789077635	0.15526762692415857	0.0055658135189279295	0.037995561684509446	0.00542025834432109	0.00622521498969008	0.00764027233192891	0.02963182503183995	0.003556133544408702	0.017334934988591507	0.0092684392657283	0.006635458510157019	0.001324674939193871	0.01499281753203302	0.00831837057272105	0.02483636107334922	0.232942101571336	0.0126575402409452	0.0262405564211158	0.00753674791119785	0.01084741199415096	0.017919203516147522	0.01398040757853276	0.01091827375931433	0.07718460422874115	0.00905161679067274	0.00406125275266672	0.047478409752231276	0.00691895484619552	0.00616416969030303	0.02321596853922783	0.00938472856720919	0.0070917975055046194	0.0343636320481855	0.00546358361194634	0.007037818877233639	0.03380975819634432	0.02207376749850229	0.00842069379523948	0.01724101370854161	0.02151510446187425	0.028258959134952518	0.0054582844487736605	0.012718215433845059	0.031187487914065837	0.0132481884175807	0.0215779779322869	0.018692202232006558	0.009250603694607031	0.01911828473661957	0.00303262232036022	0.015152146330073585	0.0309111562036763	0.02589020389389978	0.01371793183043193
G[C>T]T	0.029167903379380543	0.0576236541262064	0.0527892611119811	0.0272064087466374	0.01132061868644395	0.02580825287110667	0.050527508853537274	0.014760641839425022	0.05881855904279885	0.0382995539908287	0.022442037066931	0.0305159265263392	0.02058474117711103	0.02009245939619448	0.02344041280827	0.0214777253662744	0.01206306211304285	0.13675926428769578	0.01298932013220808	0.01399260163642324	0.00801803103421331	0.0151799764412843	0.02221689566591665	0.0059423692071419	0.00813831950853473	0.01607502270362187	0.0683475136971975	0.02447513252479512	0.01053585101539753	0.02178682627884362	0.031243880184824817	0.04482319494681479	0.01588668521805688	0.01572734846943927	0.01392193358506372	0.041341314397691696	0.0062942876193440205	0.00722327143551406	0.01598084101950163	0.005360944920972249	0.00727384120584058	0.0431320042759959	0.02033432053015027	0.02616936355220763	0.01365093608519529	0.007878999920230969	0.0071148585214468995	0.02245169052442924	0.00727410794720289	0.01546107316135449	0.01963821220131453	0.01707466706194737	0.01031726398579191	0.02113188542030202	0.01330712493995468	0.025601413213492418	0.010249841463182929	0.01576979965987313	0.0718731656181979	0.0476519799135166	0.01274625421564354	0.025675274920561403	0.012860002691511479	0.14421385082060612	0.03277315346008087	0.01871768866559929
T[C>T]A	0.0376616285016521	0.048527797977507496	0.047837528067335405	0.007871380619749969	0.1208863171711277	0.04409204240813676	0.04900157730674979	0.0038955114748879414	0.01151675082779347	0.0407320297256232	0.01536768423763352	0.02076579318214217	0.01734825087202412	0.02880599013226983	0.01614761221439177	0.028991198297803798	0.14243528209491677	0.02670232277948913	0.015582646060079211	0.1939385127863557	0.02634387433151038	0.010889616394373799	0.01484138181363885	0.00828653061840729	0.01204496018219232	0.00882735051849204	0.01283190967416344	0.01795347025550081	0.02468511881036365	0.01439666717799297	0.02741435118626505	0.05107203519827935	0.04948934392537306	0.01889266359160286	0.0239720400858935	0.01323340684046291	0.00726745451765184	0.01678122959391505	0.03925373301925324	0.007753934790282109	0.01270232366860459	0.01808506608024114	0.018028688299213662	0.03991114909168072	0.02769846433840203	0.0049645327481323	0.01596483162888702	0.00899622105103297	0.0442583476630257	0.00913894179229481	0.009105155080203129	0.02718597701085366	0.030075108062483202	0.01279808740607476	0.00754740333226862	0.02310371061739045	0.0387591990106294	0.0932342647734814	0.02432449523967906	0.01335107024976558	0.02725381458132967	0.0276697109461287	0.01480961197238504	0.01503116786759731	0.02061077326615423	0.031137789492005498
T[C>T]C	0.042856143099726754	0.000928826415139974	0.024319268708815324	0.023043608769568246	0.003269240716171226	0.012791916765518989	0.04866421432837231	0.00440529665084734	0.0015222744833768632	0.014077868914441866	0.00452096195200701	0.01161534077058892	0.01068211334570971	0.002916052541492985	0.02877006354943315	0.09060232718053371	0.13916166763472224	0.054101450731290975	0.0103155921437393	0.12897774177212679	0.05555133906293494	0.01033969660304687	0.01376726075724401	0.00422691080585332	0.01676306261013761	0.01876359249702584	0.014892186703421451	0.008073419861093679	0.00710520283906291	0.01788542669252618	0.01985977264647485	0.01230847131312783	0.03421673524631492	0.0053909908314787106	0.00727462534223181	0.01836298847887372	0.0058001479751244	0.02249107599611589	0.08330533214939503	0.1045173614705778	0.03248299962222024	0.047277006097073956	0.01246162919078398	0.0050200612579358594	0.00915863548082068	0.012252015282503428	0.00685006136113726	0.021818594879141933	0.00768569801059834	0.0496774149280526	0.01282805843638522	0.033088452425867124	0.0051444336373912495	0.0040226913465225	0.014084364258817369	0.042610798466234404	0.00563237564812189	0.01358896211555817	0.01921021793145647	0.0187969248159572	0.09291356181855727	0.0250455499718057	0.037605853769467	0.01992455733309289	0.005044442682339971	0.00786460182741021
T[C>T]G	0.0530216156805738	0.048948363599269	0.02043937453659183	0.012912331271101299	0.13692043599378897	0.00938042498294259	0.054714005964714305	0.126329987772474	0.00602447176510976	0.0523060709733148	0.0458551033701597	0.01491213840269142	0.141116890282727	0.005125595497748053	0.036167640168058804	0.01321363764913904	0.16478486149965216	0.03965847034761978	0.05284907659559876	0.0829983865867938	0.0034011501833599513	0.012690800210807589	0.01083079251453808	0.00865460298199108	0.01930275912726523	0.01473968064144133	0.02563600681316469	0.0244431861174157	0.01612946992987813	0.027265737216363398	0.006895975223748921	0.014315725213744801	0.02197870139642491	0.07519294758564088	0.015020294856268981	0.02249262172608629	0.01248658158249079	0.00305229460087694	0.01064095036134975	0.00274721794599243	0.00755244958923583	0.013158812263399905	0.01172043062550795	0.02188277911214432	0.01179715684317671	0.01208655860391555	0.03485460425928133	0.019218389891747477	0.0213763928823995	0.01648209298020594	0.02403525071564818	0.0170385337249761	0.00851659358320401	0.011630948620072589	0.01686951489469257	0.0300461963626978	0.01695970568126181	0.02139590714651949	0.015388356821829149	0.024375329985036498	0.01990762257763527	0.0335847193952412	0.0318570444228273	0.030938361455940297	0.03475044102306	0.0382065645130044
T[C>T]T	0.02765229461598449	0.03398789220069619	0.0502255402265149	0.017129251825007984	0.03832107195941706	0.043086620742528156	0.04377294662083737	0.014164475398404975	0.0069232559798434	0.02410721960983991	0.01463329076857885	0.01256557047425187	0.013396506408961579	0.02125440139396846	0.02655515104935632	0.01150024739503827	0.13609174273216335	0.03848500843939959	0.02380221643370968	0.10333079970046541	0.1505162881780343	0.01093278759146364	0.00653037102356792	0.0777771560523276	0.00597378913368095	0.01613543770009121	0.01522962452173735	0.01694206991191004	0.050361892978500127	0.015920413458245908	0.04465214166568608	0.01355794034373119	0.011270202221577971	0.01400486614150756	0.014664006412425	0.01124162061419831	0.00477997887740704	0.03234195605439895	0.01615707954871101	0.014341647679125939	0.08808079961968529	0.008996808121742562	0.03803036093369671	0.01418155750800635	0.00811450281617878	0.0064533396859089796	0.00689558472559005	0.050297182483465395	0.015117825988398309	0.0833981561444207	0.015469946154627039	0.02197908186816671	0.020359465719772218	0.014040693354981211	0.039292615558542854	0.0444574732681314	0.01338337341215927	0.0256705867283303	0.027258947945365902	0.00865736284661197	0.02129632265116098	0.042661248773935095	0.01637207947167712	0.02141522930334608	0.02716993491630636	0.020763362547656962
A[C>G]A	0.00915532095310528	0.01665473438115106	0.020720854864186802	0.001999244276135676	0.00251498987056866	0.00733910778972825	0.0016882879289385681	0.00475758541932829	0.0034484743325690903	0.00589145632214254	0.0076813745829082195	0.00572543597505462	0.00901923808598835	0.004451375168026159	0.00570189085620974	0.00471357765199501	0.00512858178959188	0.0067983303753837	0.006579650560216171	0.005808338064995949	0.033465406168130596	0.00838165393075404	0.00324344808948741	0.07360809582072869	0.00683086794287306	0.00541991735676095	0.01966467016729523	0.0477853611260875	0.0031961589866042	0.01620586149861091	0.005554725092417869	0.01549240509687673	0.013065042213566549	0.01284043962987466	0.0068633740412027	0.11605805206346018	0.00511715003862402	0.0022818214832154102	0.012768121553801309	0.00399442556486622	0.00785349984067988	0.00898981102530947	0.00599562727427511	0.01648724808845162	0.0280649726061897	0.00834836714215273	0.02320843411498499	0.00959146526764112	0.026259026103030103	0.02435679812889111	0.0272831590662478	0.0210685324004865	0.0318093301750734	0.01563748457884658	0.044905032131590805	0.03941614593245707	0.01567021445882191	0.00475873354333087	0.016379739353565268	0.0254420864448356	0.00514229031832142	0.02600066281683086	0.0044402944856925	0.01211029363082829	0.023835087979619647	0.030764220634001596
A[C>G]C	0.009746606057496991	0.01112477304927751	0.01680354114780641	0.000992086776919231	0.0031812064117655832	0.0064769560466608304	0.0024505257974755	0.0025790528666282658	0.003487433792118915	0.00582404706108916	0.00744301357581407	0.00843096202576676	0.00580881396127682	0.00211567884929834	0.01429176972928349	0.00420763116035285	0.003207353659699887	0.004831389099324664	0.00881525667401002	0.00575782274860444	0.001668758112299552	0.00774069064458804	0.02061303511664522	0.00374049450999333	0.011224333611007279	0.00720485907351762	0.01346960797148253	0.00531015196461804	0.00629004620745922	0.01827192935349489	0.0029560138617655603	0.0090430773623265	0.025822543136129018	0.00677418429870826	0.01305300728445898	0.01193754795272629	0.007913413095003659	0.004336669447227871	0.0401834764817776	0.012316870792262461	0.006860424375925539	0.01546319243013521	0.02467372293549542	0.03284016495530289	0.00966576381122564	0.01730653810784517	0.00529404165621307	0.00699439416032428	0.02561826485851665	0.01234456995686967	0.014999569469679	0.00710534768217966	0.01320227337876397	0.0942256655508956	0.00322970601078257	0.01006592671506229	0.01788363522888637	0.01825287025762485	0.01127838584160832	0.0049817338215088595	0.011977486841336371	0.0194955883832854	0.01974024506285573	0.01243324971662213	0.00781569962325217	0.020741119199448172
A[C>G]G	0.00806278715647463	0.00690389993572971	0.01643909599975038	0.000959248716429398	0.0040174337691794	0.0035042760454173302	0.001614775900060152	0.0073812306682996464	0.00241563825349994	0.00663939980803641	0.00566977634096035	0.00648292701059971	0.00657913708855067	0.00990710290947063	0.01263747333977195	0.00398454178003885	0.00330813001224097	0.00663349604622767	0.00879439508793335	0.00808890383877295	0.0028338737339732196	0.00413208577721263	0.0045678283428885	0.002458315641078479	0.00982156539990413	0.012540705978053259	0.01567053408762505	0.006295757763002251	0.01798535095157133	0.02123796177493953	0.01124808843847803	0.01555651573434326	0.02373234940910478	0.01480321340385566	0.00329026624507502	0.00922703160602911	0.00834840408321977	0.0037243352235190796	0.03729057276387093	0.00664596743703385	0.00802149782879508	0.0072232493437347995	0.00618836267131186	0.01691652944187472	0.0152570257124083	0.01694380865111127	0.04021318947691269	0.0108047002177525	0.01428679272729132	0.02109252782443534	0.014833946223019647	0.00845078713634739	0.012917028306094432	0.018947523044841548	0.030041584190048	0.00826457697426793	0.01118736802492243	0.012901643936873208	0.014519291753901611	0.00684894406487406	0.00703025863630324	0.019289050098824048	0.010296048753365941	0.01389644862343761	0.03004923879303513	0.00913122269231975
A[C>G]T	0.00585054503198176	0.00943775194514347	0.00991221262557065	0.00138061719080024	0.00063249823283767	0.00255746045077803	0.00114772611596597	0.00140359585736413	0.00448117190602034	0.00182692719238813	0.00117619426487744	0.00228356370589258	0.00242047869199647	0.00296838795797178	0.00930428665478996	0.00247687480465242	0.00187075115945178	0.00685140175091127	0.00319366269027647	0.00222795710494011	0.00160294252964518	0.00129886540879259	0.00214085642072233	0.0253740346354366	0.0132608897035163	0.00147208743245677	0.00589720034528303	0.00189620909005194	0.00388627697301427	0.00612893887531808	0.0133783361290101	0.00317188073797862	0.00751012152971631	0.0196025705087843	0.00318565792860554	0.00665066189129787	0.0105092831577444	0.00186404636885821	0.00732191547023788	0.00456577195810766	0.00717920528135549	0.00306602604264395	0.0040944225659128	0.0138096842238321	0.0027686955459808	0.00504086312810086	0.00644852822445956	0.0109952830588036	0.00459350014403495	0.00789537437156163	0.00427452697162857	0.00100069498575897	0.00847955714830643	0.00898539702124821	0.00439741597618892	0.00192443495004717	0.00808774464324818	0.00346207948147654	0.00501255136082388	0.0131221992157837	0.00303598344036292	0.0216691358628925	0.00931156977118931	0.00270514921553528	0.0223858907734367	0.0304283006322468
C[C>G]A	0.0070735364618625795	0.00659820301483645	0.01171687519152061	0.00133861913416607	0.002973330794780878	0.0025975250161916503	0.000905805645438403	0.005062177075268487	0.003575035879116076	0.01052290898388739	0.006206443045291741	0.00299655647033329	0.008415394784139591	0.00499380346360793	0.004859602247119069	0.00484690702119997	0.004910754571313691	0.0029463625882170602	0.01458880639774027	0.01179971884728286	0.00316974084119823	0.00677313808838189	0.01231099860816522	0.0019816949134650068	0.0187161434014046	0.016800994154931942	0.0163542780045616	0.00798107352104769	0.0035239574846405303	0.055845224327052	0.001112256811237081	0.0065878909463909195	0.00345350438655709	0.00587403645511403	0.00471579205074705	0.01460383284788929	0.00401227363517335	0.00495640713772981	0.00941538867530317	0.00888290022904869	0.00406164837255686	0.00234266246611212	0.02798123849227817	0.008959256275260459	0.01552052398923765	0.013997868225785571	0.02644425781796353	0.01889715753593138	0.030386375455636702	0.00742696323795079	0.02157828104690206	0.01115645460514159	0.01595559493392137	0.025497764765732272	0.0468110751416645	0.0403789629523546	0.00788156853690833	0.02339655337235622	0.03539860986842015	0.01346459557396602	0.01630530954740117	0.01281536229413946	0.014546893573883021	0.02482416948592437	0.00436222232875751	0.020153579576179838
C[C>G]C	0.00248101605846132	0.001090862569605213	0.010346642105870097	0.0008965910410069641	0.0070000780517954515	0.0040933476755646535	0.001074986998504068	0.012967533465407242	0.00623171904349475	0.00474570477402079	0.01931416252433734	0.0042695609872657	0.00980864163062232	0.0031607579190821153	0.018595015440981223	0.00253261307284572	0.005347371057181662	0.001538720128222292	0.00863079696836382	0.003070464608650187	0.00418489641910524	0.0025424941006275802	0.0146744093429671	0.000962699365614807	0.0103462458465896	0.01820479562643473	0.01910657442271358	0.00753971064344155	0.02718091372256253	0.020055571010506798	0.003827602832957835	0.00336047688188007	0.0347828350352958	0.015134186923927009	0.0059672300593398234	0.00465736970507615	0.010834335440608439	0.0034481314227401303	0.00608080377276182	0.01191892526857214	0.00500139322092824	0.03253923043859189	0.0947360223048035	0.01970894796041918	0.00605369715444929	0.06372471973104005	0.01149493076870449	0.01142199162343595	0.01208691894579544	0.010372006151052179	0.00653742563614963	0.004559186972644239	0.011093724975226042	0.00939102271493421	0.06091452572652888	0.00471629550670708	0.01884231216368349	0.00279130796297396	0.01577888772737923	0.01329690003546042	0.02885908560528221	0.0056398978925110395	0.01874336088682895	0.0099627054998138	0.017912188610756982	0.01724798779728399
C[C>G]G	0.000305958861858006	0.000308023323745982	0.000418058219419308	0.000938414245896391	0.000597465774804751	0.00070667207064067	0.000642422780576183	0.000182191381122477	0.00585124707893479	0.000242796584623487	0.000366598284666501	0.00362088478722513	0.000433562560906078	0.00270168775798296	0.00168079959957353	0.00205469427861242	0.00114894548539726	0.00126333941963857	0.00369323014648536	0.000457544608482387	0.00210602226310624	0.00116923775145565	0.00293266165564062	0.000593175866653717	0.00449814138460831	0.00748713244077538	0.00444252687676213	0.00183652188618937	0.00308756362186507	0.00779188814072534	0.00186146593287342	0.00230037289286138	0.00888907272160138	0.00673357493661165	0.0031259967303581	0.00173380203924148	0.0126514736344222	0.0106792806249301	0.00452677959663053	0.00721763139677498	0.00442270005038672	0.00487588208054112	0.058139395930834	0.00593802246226028	0.00193656853989293	0.0343216003197013	0.00630320506604455	0.00662112799238923	0.00165679116680878	0.00427946913113525	0.00125655704495113	0.00307110543457726	0.0180861651922329	0.00516679058522107	0.00497181712370352	0.00330370179343428	0.00453183461084036	0.00294327142872802	0.0159600387924356	0.00628437449752362	0.00676668243112131	0.00353200393359846	0.00456821523512955	0.00143229108921309	0.0110840252126487	0.00710106279801226
G[C>G]A	0.00766075262790006	0.00753844765823544	0.01118746991017505	0.003565256719095388	0.00247048748724656	0.00326705465631171	0.0015083907309884981	0.0025610510192059983	0.0043010990412319875	0.00572703528546465	0.007472743795352781	0.00461341439266984	0.00698411272209429	0.0066121872982259095	0.01103158602552231	0.00636137156749548	0.0029448923308916996	0.00530745456759915	0.00790073391653449	0.00697480595347228	0.0022114838751093506	0.00824123539300475	0.00934096572537876	0.0018463692756162538	0.00706841334464305	0.01915035191514924	0.01636322634993478	0.00296493613378195	0.01020852765464356	0.013964191788186541	0.005047562176331431	0.01250591122125124	0.01063594153897428	0.0100949523392594	0.0202751497347648	0.00709668994438648	0.00774368977122759	0.00286948997289239	0.007041559634956861	0.00901078076891737	0.01074191415500327	0.00797279869980555	0.01497613543259902	0.01368874661111905	0.0029920220660938	0.004383005729179745	0.0422709925929278	0.01852109416380807	0.01543112024840961	0.016175196015230812	0.0255530697321355	0.00433402110215419	0.0105053879813864	0.006292738304855459	0.01081702406362346	0.01520012159739215	0.00909231913680784	0.01066067360465283	0.01533565531886524	0.01837529125469226	0.02047141646601886	0.0403187419512038	0.0244808194709957	0.01493815594695147	0.00790618452965054	0.023530027857835728
G[C>G]C	0.0019469569429311	0.000424882806014017	0.000886860082180611	0.00123410159287172	0.000837107502659194	0.00215160477699901	0.000672537655778813	0.000412307433867288	0.00148117954227383	0.000861077853731541	0.00294200384022165	0.00454145316358127	0.00211454639774129	0.00203331395718408	0.0946820204307428	0.00404188116375413	0.00334755585349012	0.000934496779064095	0.0052930580198945	0.00271675625603972	0.00177684636417233	0.00107357145676717	0.00285624122407274	0.000455743325281672	0.00270713170659332	0.00285742164133002	0.00732633671575346	0.00140809055001912	0.00364609427934094	0.0129179541039998	0.00212118936987754	0.00136675971016582	0.00734671074638563	0.00626269808223202	0.00433637240632704	0.0016830229668976	0.00400336391376311	0.0613030362380331	0.0156373756757268	0.0367624352553006	0.0195916861786234	0.0374506416442211	0.0302395808210285	0.00699790624370323	0.00536409341995174	0.00305457450629829	0.00651858204492818	0.0571875761133594	0.0262831467923648	0.0136073242743313	0.0113354512470229	0.00193120405369347	0.0343345627252824	0.00400848265197346	0.00175976011920243	0.00943265230273306	0.00424756147513288	0.00125730635725695	0.00427861754925576	0.0234593989272311	0.0157504810745558	0.0029276005983888	0.00269134768233844	0.00124949650494176	0.00559656717518676	0.00345613751028802
T[C>G]A	0.00471342319708086	0.00580752504520619	0.0118621314481726	0.00203460596804706	0.000958569640526642	0.00190577974567605	0.000895719896229522	0.000450757320748867	0.00197463488108666	0.00248876329022112	0.0023513027687057	0.00513568636154942	0.00158632546473182	0.00346071468127691	0.00430452203138466	0.00310196531578251	0.00508500359203406	0.00176976541706856	0.00287847074852686	0.00478993705514757	0.00262441819522143	0.00656638251019582	0.00156154159468847	0.00119444183979383	0.00299522421420778	0.0028785457580932	0.00440573033490902	0.00326415191419088	0.00409805972945061	0.0135417722169033	0.0029838720549077	0.00877822954712714	0.00493468706136413	0.00707500406818874	0.00374381040378169	0.0062123924064021	0.0066317888006106	0.00238826217293319	0.0132331377157525	0.00410933736027603	0.00193352048136849	0.000952632340675809	0.00719887834852252	0.0059159856432422	0.0117661292175503	0.00318519901992351	0.00589135465917132	0.00344844055440001	0.0227130885664234	0.00156821366987381	0.00424390044960388	0.011709766807771	0.0107924403074823	0.00297447840282363	0.00273657999642934	0.00781595070374366	0.00463580095312759	0.00730104793472904	0.0134209816149571	0.0013453680451038	0.00632591427107154	0.0243738670240091	0.00786267451349081	0.00506890626882261	0.0167528526969305	0.00245301443389896
A[T>A]A	0.01197384642870504	0.01801058187317265	0.00445219974951847	0.0593581449834937	0.0803753244721002	0.0621509443901722	0.00293334048720019	0.00230121656436241	0.0045263886844427	0.00635787237961023	0.0476337720566202	0.02836447290106299	0.00825591145372837	0.00496815484396948	0.02332096849473247	0.02314634222619883	0.0175113150391024	0.00546600886645285	0.033463912316691935	0.01597190076231498	0.02379713470420311	0.09950249529667726	0.014278287436406521	0.01358720994212239	0.008265990393254409	0.01012322429352721	0.02099466358491162	0.0109694012918128	0.07416871497486256	0.038381180119072975	0.012686673342689409	0.0581065157859139	0.035593314275364996	0.0259608332305993	0.21733177670525594	0.00599751453463339	0.00731807822548816	0.03495009250563662	0.012629647729290368	0.012962775601548768	0.0834489443714819	0.02422014467523927	0.02124583280766766	0.004501219125010589	0.0313335805973329	0.016072646481628722	0.01041591843627554	0.01339519331359837	0.01027045721641631	0.02050432154487076	0.02675312978267416	0.0268485057569499	0.012102082243357029	0.01188542641572307	0.04893909823573196	0.007502515489223821	0.00714327484721365	0.01589565618995734	0.034102765404930006	0.0072724437417564895	0.03047360350488224	0.0361635365684574	0.013904343516393951	0.01342752545005878	0.00884259634109709	0.05210620424581403
A[T>A]C	0.00929746835439223	0.026863390207225557	0.0097347962122967	0.047096292457873196	0.02917395729442833	0.02106722159983677	0.0024683238109940303	0.0032567426077658	0.07769790443341495	0.00844925156710518	0.01246808083091013	0.02126087581498429	0.011192038261560698	0.003430664239725446	0.01085981576073903	0.00927641410423483	0.008492297237204429	0.00695512465718476	0.00611529861382825	0.00508629442223445	0.00559576142100128	0.004124238899072621	0.00582087451893812	0.0026298073456526598	0.01120823566544792	0.00951398142497567	0.01398063867630741	0.009921585814496509	0.013665550229628738	0.01725649423681734	0.028630325806	0.01495462768935699	0.02727953215169133	0.03156783038814505	0.00541227863800807	0.00540263742957918	0.015783997972536278	0.026550360030038453	0.01381520366173586	0.00742292545085329	0.01165015964415326	0.0657244840375818	0.00550741852742288	0.03977120595451296	0.0097677069598985	0.013707899881930372	0.044660009230479726	0.01355344919920573	0.00836249843528121	0.06507247417727847	0.0272788475432282	0.038882719138574204	0.048719417779551404	0.006614736120390499	0.01920792256817829	0.00613383872066307	0.01431073525387199	0.00871387677309108	0.01674891130440259	0.021963166241611598	0.0271766097952909	0.02648782679037957	0.013421131479051291	0.0189454167293595	0.01573713453208832	0.00694775452580898
A[T>A]G	0.010734665358074741	0.0397076728781202	0.01617451222280406	0.1077660887009767	0.01176120858333552	0.0155100577063448	0.0037777162533607967	0.00474843511231436	0.12421480205554931	0.010067002381115641	0.00935105856147454	0.052268013679408656	0.0062632472216808	0.01103685746609249	0.01305913994266005	0.0281782382170831	0.00995613982674239	0.012571702727699391	0.0036378511064447203	0.00733515275821699	0.0052337503485469904	0.01037941187663657	0.009525177971654721	0.01891080010867003	0.0292523832389348	0.00697404686154572	0.01590543586326761	0.00909487962146023	0.02549146413218599	0.0303585330648652	0.01168403084877099	0.02781017334099934	0.00541701919361005	0.0281874330005162	0.01226445915814433	0.010641444703633299	0.0725284759727119	0.038069676340834496	0.02063625142992412	0.008475195637163261	0.02019495245190966	0.044380847559097394	0.0072836174122762	0.034626983266494396	0.02334819945209408	0.00661980003553707	0.02541181682604462	0.02113073133074677	0.01185633468037399	0.0354812968986849	0.01733424362261008	0.02360520582296432	0.00816361226243257	0.018976954041821148	0.01905643450826392	0.022865695034768162	0.01367721116725944	0.013012397930989919	0.01983532837052747	0.01367402648752774	0.0171656858280409	0.01734268090258168	0.00432613624807341	0.01394367029798519	0.0130526077493609	0.017639359403856518
A[T>A]T	0.00513657050717259	0.0467739595573057	0.0108519826548222	0.128406726202331	0.00400550592956197	0.0259064514662978	0.00141513589379912	0.0031679081772565	0.210737024470671	0.00241246574961604	0.00252584916735613	0.120316347958112	0.00758008772576782	0.00530861066868499	0.0167013740135445	0.047785994959891	0.0318643101158175	0.00592935944131426	0.0142700243157507	0.00416105245491937	0.00969509862336494	0.00730026708641944	0.0194387198814167	0.0264644274490157	0.0197412574060208	0.00855731375851467	0.00913611382786987	0.0107035336537476	0.0426303552089352	0.00939686963929513	0.0458783200411884	0.00731303217153817	0.0108255448470694	0.0260121879351815	0.00823000439409879	0.0128557185049132	0.031402156961029	0.00947851395524712	0.017164351020588	0.00648472681801794	0.025809253439351	0.00524690414481403	0.0141337808193197	0.00850532008820114	0.059820139834407	0.0189074390643036	0.00764721503986405	0.0458035575406111	0.0154515877385704	0.0309134124138101	0.00893943023240785	0.0153338999914859	0.0203815268540118	0.0177075970849879	0.016567293981176	0.0185199120069469	0.0134588521241219	0.0220566502524831	0.00982979520017151	0.00928693680589524	0.0143285297688442	0.0285119039963327	0.00607521110177336	0.00683560207338935	0.019304892942446	0.0112321437953325
C[T>A]A	0.01313652648462281	0.02468996556470639	0.01135917005433438	0.0540711566530782	0.09777438881948487	0.03640218224925936	0.00461270667621466	0.001735759696337843	0.04331981515820837	0.01279558883903991	0.03889262895599506	0.00807735172784799	0.01461654221815132	0.01553304358225279	0.025564606926708502	0.02218049223230846	0.00410978228466719	0.0091426286920715	0.00763720280344574	0.00746316600007384	0.00650346033890477	0.00996972522569527	0.007683099376547785	0.0598593146410933	0.02184891251642754	0.011727199947474641	0.01548592968395828	0.00944983299989006	0.03126663955553659	0.01446455586310288	0.03880098824570316	0.01483089577676195	0.01099468673604799	0.01202173689016541	0.0084004806122018	0.01453553335021515	0.03012459655049414	0.01955579262464776	0.02034587892206714	0.02133219006946547	0.01792916969615211	0.0200100116761717	0.02828388937300563	0.026548285024387698	0.015447682749689499	0.03640589843082956	0.031123888020277032	0.01726177706129341	0.01467997698621761	0.022625688788532633	0.02338576198074906	0.00871780531508374	0.01752368321401973	0.02035823869557704	0.01341914002160423	0.022572316991015598	0.01586546157756018	0.015731003342706988	0.00984713519617666	0.01258342377313195	0.02358847982591808	0.003318378560059092	0.00644383975110443	0.01932194110190125	0.00890093505559316	0.030922129513977603
C[T>A]C	0.00922037488254124	0.01360617278420104	0.00886425447682275	0.041661072549597805	0.022049475861518168	0.01004779405047597	0.0034750763255223197	0.001874155148124346	0.0072989544220726	0.01210110304045498	0.0247373870650361	0.00389537826540444	0.0240028995223608	0.00579144663796163	0.01108779275189966	0.010344267704913819	0.00531865126027859	0.00498901570495344	0.00825253869321112	0.001773286223647571	0.0665728636452229	0.00870353194701771	0.00604107656581642	0.00401178899440182	0.016204186620939982	0.011762013309455161	0.0390754107162588	0.0546421977279863	0.00792861690280525	0.01587394305427356	0.006356186651892829	0.01634294673199111	0.02248298220715879	0.01713607736560379	0.00937610114565839	0.04264590055293522	0.03009478270376546	0.011967626451302841	0.01041010479634658	0.0392293658097142	0.0141719033497609	0.01880932978136791	0.0223282351200048	0.01909424834827345	0.00568432183131297	0.0038791013676145003	0.02824225150480539	0.01605359773266786	0.01594590195378519	0.02248946233252984	0.02462124752036421	0.0238453314109695	0.024324706749609508	0.01335243199611734	0.01183998360549677	0.022266535586523792	0.024733002832572917	0.01426536776970053	0.00897353011695794	0.02992697417003228	0.00950321348848489	0.01574663963928219	0.01414175029722272	0.01170836667298361	0.01795317043240402	0.01878058396523822
C[T>A]G	0.00577204804421477	0.0103295939995425	0.00743922698500098	0.0371936486817898	0.00390079353439057	0.00434724461045921	0.00224358564696324	0.000750822957913711	0.00559162624835407	0.00562791058443596	0.0141378235963969	0.00283235825232694	0.00490114853612415	0.00250086971886841	0.00504550087253107	0.00471959558189014	0.00170885719520253	0.00361452878579436	0.0044123582928782	0.00114442065035947	0.00281259838730579	0.00588861788577602	0.00366334708805667	0.0193104492632479	0.00911781281880015	0.00253773952965097	0.00734494588603072	0.0023117875399455	0.00372521235318808	0.00921979881109721	0.0501855001496958	0.00578403137987634	0.00921531269381993	0.0248435926977717	0.00385573270358421	0.0114587161673676	0.0153285407811676	0.0113917037411567	0.00363418251868369	0.00668244837151561	0.00435804255340365	0.00790003741375011	0.00587739669677276	0.0102429186148809	0.0162250954510175	0.00255490378724127	0.0129188790487803	0.00273843055571435	0.00166038512442037	0.00411926729093219	0.016374303842271	0.00423775846967016	0.00418841162048914	0.00256195083887115	0.00300179351985826	0.0114079450863343	0.00799666005577962	0.00564576877019216	0.00438748381475418	0.00894854577297805	0.00900096508280232	0.00241271009105517	0.0111524910991243	0.0193329872978638	0.00108374375708497	0.00293262438937535
G[T>A]A	0.011136369397781998	0.02217367655466775	0.0050516444735077895	0.0330693919162802	0.05732509070752097	0.02686425863205679	0.0023388383386806497	0.004061384903874965	0.04971393965500866	0.00568003603040534	0.01796546179419823	0.0299802411504983	0.0145799390985324	0.00884707912670847	0.0074571050436663	0.01718153521831646	0.00461321894190301	0.0040819815723050264	0.01059086482764626	0.01651648040671656	0.008356943312361101	0.0061813554379943	0.00853760957532688	0.004725678595106669	0.014866171257294041	0.0076929892465759896	0.020183784970966852	0.021238508136388952	0.03203890038073336	0.0148717573303084	0.01589098466629798	0.013494354266151701	0.00675026673120529	0.01992182612612289	0.01728916413770695	0.00974184498146256	0.03729323728864351	0.0029810923341795	0.00837260950144396	0.007014574672857109	0.01621627425689676	0.0379115609009291	0.01501931287236289	0.0265873020692878	0.00916638248226489	0.02040979821857642	0.02854099299490957	0.01733937853502213	0.00682804542605857	0.023111225393278978	0.007433883462977421	0.02153696255363365	0.00553183855368632	0.02596224462751677	0.021783128166875408	0.01526255051441596	0.01421761792612063	0.009116747924509009	0.00942556513442784	0.02357761557603683	0.01422253951928898	0.02227867532761885	0.011480849959864429	0.02242558787079362	0.0775854021493638	0.017977047256740188
G[T>A]C	0.00516535041317372	0.00844269178234767	0.0021258808329033	0.0114458746294672	0.00272996082217197	0.00388242779586368	0.000974745568399774	0.00122765684661156	0.00213157850172226	0.00255263027210233	0.0135484505619307	0.00363119784754255	0.00329714921860836	0.00108729899170847	0.00564679507674368	0.00428389956615517	0.00678822812422183	0.00148813929231264	0.00215248390881199	0.00113088306553284	0.00791625277051821	0.00484867327748421	0.00187542218038673	0.045313095480471	0.00215557004275819	0.00317190235706623	0.00748321019833682	0.00459000089139237	0.00450463125844231	0.0108504026011332	0.00626634899232673	0.00799360402269012	0.005251386176026	0.00627867454391557	0.00417261547539734	0.00277231734651101	0.00795144275720879	0.0126866192059301	0.00779210424660369	0.0028332134078085	0.0136056261821407	0.0023973944620786	0.0145285657777437	0.0292126150719352	0.00931714300039544	0.00783800488096971	0.00359882525677383	0.00342236730766888	0.0100572023595307	0.0257772096645711	0.00482348562069129	0.00370712091105922	0.0212314722362522	0.00184798219239788	0.0112835832972743	0.00206241698549998	0.018041604627157	0.00237700118929401	0.00563010185626248	0.00871879571481217	0.0041521158730613	0.0056109263160454	0.00300424971130565	0.00197306906164307	0.0127692865351357	0.00203776226574007
T[T>A]A	0.0142408467935716	0.0226792861374486	0.00112450701719606	0.0723910245058587	0.0352642540288115	0.0592436460428725	0.00190017045312374	0.0037245082865425	0.0345258101804391	0.0102356482529806	0.00849397928486297	0.0854337483453758	0.00873864526438459	0.00115104110848188	0.00795658625217849	0.0757085491752614	0.0079264170919642	0.00171132367639557	0.0103861286274727	0.00462272583378571	0.00597766609349652	0.00484731214187038	0.0064912936557228	0.0131611777841593	0.00651851107943902	0.012066499103435	0.00731652633147431	0.00457259862816588	0.027535151319591	0.0137063425050782	0.00496920095917659	0.0450315924364731	0.0157649245678076	0.00169677103423881	0.030121990996401	0.0129104706114548	0.00432323674850681	0.0291871611514041	0.0160172538302895	0.0316134616476409	0.00979420202441702	0.0108639206608558	0.0326713882827305	0.00194899873599184	0.00681403137094141	0.0206241791567452	0.00400931325022462	0.00783111058662921	0.000854949825848369	0.00391706298913896	0.00457200610046401	0.0063187707375493	0.00405775758259663	0.0175019625678636	0.00509098412516498	0.00569657518693037	0.00176070500621936	0.00846474267060657	0.00394881051813556	0.0101080001256743	0.0162158654661898	0.0312462901488521	0.00341041435862444	0.0183157009141294	0.00810111656142566	0.0205346819058079
