TOL1	TOL2	TOL3	TOL4	TOL5	TOL6	TOL7	TOL8	TOL9	TOL10	TOL11	TOL12	TOL13	TOL14	TOL15	TOL16	TOL17	TOL18	TOL19	TOL20	TOL21	TOL22	TOL23	TOL24	TOL25	TOL26	TOL27	TOL28	TOL29	TOL30	TOL31
TOL1	0.7795144939973648	0.957587098432109	0.2418147952275115	0.3534147444228323	0.6546442569821178	0.19723790663667262	0.77857153491677	0.4248280857051435	0.6203802394146499	0.8061583087056878	0.6973864918409297	0.7075045201364802	0.4915718312831558	0.4871590611726999	0.758235072106138	0.5767855474320157	0.25188737201042427	0.6342572736566001	0.5804297563633011	0.34464849255772323	0.39060533931148833	0.451954572354648	0.524009127487415	0.4363992348493784	0.346983521231749	0.2827137220127895	0.7226562745983818	0.42317997000165114	0.39383591846579036	0.4500171830872542	0.5273010027342668
TOL2	0.8098034294574453	0.7817200765329841	0.48496214004488697	0.4903431659574624	0.8589634666886881	0.4644312152741152	0.49771519664754665	0.5505725297902098	0.5006841967311499	0.739531156988244	0.591533461076082	0.7196776097688368	0.4313114228952314	0.472780388709868	0.5444691986654482	0.32669628242366605	0.31830977897161605	0.6534413196909494	0.6111614215751234	0.5178510102976283	0.5194044413961549	0.5184446343843326	0.5414299969082463	0.35310304443418267	0.3478355113866153	0.32373473718994955	0.5227306163058606	0.31355958858477323	0.383874356515102	0.5944792786228664	0.6462237167971151
TOL3	0.6357030153731545	0.8385089659942075	0.20824504826571127	0.24799827927883875	0.6415115312547388	0.16564837128409737	0.41705314227573076	0.3387514736654339	0.4908019011050865	0.6632205129635504	0.7925304342372337	0.6612185969213965	0.399403760638856	0.4814360246378522	0.6389146311400319	0.2766237577092378	0.22074440864568462	0.6671849533688139	0.5078614954590274	0.4047333451151395	0.4497993274836293	0.4366477388969898	0.5321889381741228	0.45636636244442874	0.2633653028698667	0.17548887477131123	0.4775120374779927	0.3184674633396403	0.3239746859061011	0.404483695513642	0.5261312682919621
TOL4	0.8080655752866006	0.39655859403235877	0.8397128823040387	0.7357402083481441	0.8573118709549561	0.9126240736395754	0.20769378638477337	0.6098692126722376	0.2759500046928405	0.4864847657374532	0.40557153092403886	0.48558739714003846	0.42110486647047185	0.4144994994452889	0.32438871223774557	0.21100083964376892	0.2856783025435427	0.47554894901860106	0.4836936140210727	0.3039570479296875	0.5329439050836533	0.3899814039714467	0.4813957903070204	0.29576419108117435	0.3799472085878658	0.4861287087025939	0.16178499974337238	0.26546551700903925	0.3450431709691026	0.6792992526932764	0.5273132078739972
TOL5	0.658253789944215	0.5396110341307181	0.26632572547098693	0.5176941907623486	0.5651898648120515	0.2711003229649978	0.40323077633112847	0.8402054638735498	0.6994399069246916	0.5456807143904416	0.34453953996708647	0.6027537246967719	0.3218062868124483	0.3958889102073049	0.5601927654091988	0.24409261062162368	0.25317175660441754	0.32072412068038514	0.5013441139806929	0.27963361645579915	0.3509140971920847	0.5672014887252602	0.37592664026501554	0.3350574585975358	0.23572585712609187	0.3001546879851798	0.47460159261082774	0.5452151463020584	0.32049113121859474	0.36913810497754684	0.6051061304237478
TOL6	0.7777651138668835	0.5930672027941537	0.46758263011694967	0.6650266819956945	0.6722158426869169	0.44730824410710174	0.27976344627093896	0.6823807049755658	0.4702119808016028	0.6005847690921694	0.5355301789595395	0.6522742343822006	0.402884840182233	0.5601803046924472	0.45127210737305273	0.26200102438520306	0.2756250562757852	0.5703885101844339	0.7434262993434687	0.4775851835304061	0.49130980525200707	0.45899862648544437	0.5748121441231802	0.3417490858126433	0.34259196823331317	0.7035223346096542	0.29803933933066157	0.369158863385081	0.42219311472447424	0.5213972847136817	0.6224936044380908
TOL7	0.6328896158008218	0.9254099425564921	0.1501016200392502	0.21004999744337421	0.5631033302847284	0.08574802062718136	0.665167420710653	0.29895321654953155	0.5830572032092757	0.7786717570870816	0.7311319697916796	0.573793298753035	0.3216456871641718	0.4436760781719857	0.7696638091063832	0.4727384549379871	0.17814758098038316	0.5967653318515108	0.39734743312588444	0.3008081862014342	0.3320650633057688	0.4034287925518853	0.4345018103580198	0.4315508487806385	0.20261402138588355	0.11508628253757729	0.6345744055106143	0.3695624129060346	0.2708563875994706	0.29905831922824977	0.40020973416651845
TOL8	0.3990457692301269	0.5560856903599095	0.06156386967067312	0.09873510443260779	0.3105973111776113	0.04880567366978681	0.9197494934314249	0.1389970139927775	0.19961529803628134	0.3176211144675391	0.18437397180943904	0.282280850840045	0.19836089319690176	0.09296618734363725	0.2581816888400151	0.5797483562942496	0.08002932034290407	0.24654153813432306	0.17476284489920738	0.08112197332221592	0.0712127692942191	0.06316456038437546	0.15609231059900258	0.21849105711850908	0.11698101334423473	0.052221309034679995	0.7395379217302654	0.0676836260355084	0.12069731008836007	0.14527253248354002	0.14893436945248634
TOL9	0.6322888925055358	0.3282619029611609	0.8662242897723401	0.5038767024563046	0.8593696280429187	0.8431265852456619	0.1466777069107364	0.3774978428545804	0.16715703347297237	0.43344290152204634	0.3261836974201636	0.39383434367242537	0.3047362517765498	0.2193151594906212	0.24937942695357243	0.13576622461372334	0.19253027545955545	0.4768717890039788	0.41297117257048055	0.22367283926239886	0.466398020747756	0.29445661635386805	0.3261335240251507	0.20345395842507263	0.37737832758683293	0.3126219237342541	0.15223387031587576	0.11372080054512591	0.28618751904343653	0.5926830085643979	0.46258760317634523
TOL10	0.6232965782013788	0.68122142827259	0.19770994103545653	0.3203561870275355	0.573525543346449	0.16808504612407085	0.42447144412040394	0.39248268520091173	0.5020712197724752	0.7159267844423075	0.6179398484479006	0.9479392028287409	0.6199360888086057	0.4245197399306917	0.6160720785702954	0.2240836317567913	0.24761252815874266	0.6893434935117217	0.7696762623251959	0.2726460102263038	0.3931792633647522	0.3406194289823526	0.6083297944051526	0.49586463078393517	0.6265829756051162	0.29260082648007735	0.5411036240448294	0.4057713851496457	0.5787300762227883	0.5241470894675037	0.6725014803621885
TOL11	0.7252872088895391	0.7298216025600723	0.21490608716101725	0.388688492513658	0.6062311072225921	0.22921922212555632	0.5764787317877863	0.5862352392339895	0.4122424092390001	0.6408619527426477	0.6730236125879446	0.7498569244882984	0.6079112535429406	0.49498471745915734	0.6633957969137632	0.44496394846189075	0.301325842802088	0.567853312788121	0.681369079624709	0.3125399738436135	0.42276659265893357	0.46569406867724183	0.6065887751521477	0.70575877074691	0.3985208527690502	0.42938209720168974	0.5682094275019393	0.37217737587465854	0.45432095123266886	0.5078106743566612	0.5351510692119799
TOL12	0.7118760245502979	0.5057715203276811	0.7676894423859305	0.6280291771832257	0.7018616608711117	0.6973388940971228	0.23762716042670834	0.40561635349937886	0.33182790310257315	0.5479500953676574	0.34721067691222707	0.39652563883229547	0.30099778858313886	0.4612052532363249	0.5116055421210578	0.21179515271831234	0.1878229535069539	0.42102903972116673	0.44094250914187566	0.3263920203460079	0.42379555511951195	0.27021797880209547	0.3726090630160352	0.20982259936891215	0.3868680995415769	0.39051311266328165	0.25914545185214855	0.260020480950897	0.3170510564940352	0.4902073425347914	0.40990654789842257
TOL13	0.5882927087282626	0.7175205140428048	0.15697963587047595	0.24981484918805388	0.5390994880223829	0.14211221202531216	0.8707599855263706	0.3541491673329272	0.42289294705631303	0.5643629954783499	0.4011303954461086	0.6138937843172625	0.4407543089256083	0.24549370572777524	0.5260918965074907	0.7644784645477718	0.17258869102617336	0.42301007076850367	0.44002018709303414	0.1711318980644911	0.22313619580995953	0.20587137993648882	0.34961476571956007	0.3992205793708343	0.31521311331328944	0.19109053388216904	0.7495787634889172	0.2095531622215969	0.2901638910534579	0.31587430764328017	0.3129273150452095
TOL14	0.42165053291268834	0.3904377368834645	0.1544806458785221	0.224545320150349	0.3810410692757715	0.12597450681216563	0.18402459016834666	0.2726300153496731	0.26087420148121243	0.4294613815580059	0.3394660050408924	0.6371657160944918	0.5115427865481229	0.3069034834598708	0.33174884442434055	0.1548392043486172	0.17047920273380335	0.41392114889695036	0.9328906125458976	0.20580075391622818	0.24944933008227335	0.3460010744326752	0.4250225742092364	0.37254529218756677	0.650451193238555	0.5396361914609872	0.30365826798153994	0.22680998766154675	0.450364375784047	0.5221498627632888	0.48586933868540955
TOL15	0.6612688854844929	0.742865876753755	0.2743919006834532	0.32251276345335006	0.5310956494391389	0.23446098073988822	0.4859962727053076	0.4058918225064941	0.4733030515995346	0.6489555900719236	0.605610051016856	0.565382500366718	0.5225441022940118	0.5037711444030916	0.7457876592395255	0.38186172496598053	0.22334194019265852	0.4978361199156753	0.5432836192440761	0.22002475776211683	0.3610272545303023	0.38368367287733784	0.5093921113785164	0.5386403244351348	0.30071418951878487	0.45550540840367687	0.5059979775696994	0.3774985484708122	0.35667981732070697	0.41781344379587104	0.46192474822956203
TOL16	0.7314473677621791	0.6298911176635033	0.5479721847483742	0.6161986977505277	0.5618841888771698	0.4998780613887514	0.27710058975801066	0.4403031302604676	0.5456474534236126	0.5572005393416621	0.5972638987830793	0.5030827533145689	0.40079052451793107	0.4833329309853348	0.6353285412452723	0.21834096399728112	0.2221879191962824	0.5444675216099019	0.5530794208452673	0.2748857939285217	0.4181941799556139	0.33978244962427073	0.4660755716798497	0.30004609336667803	0.39091077980975514	0.5512329622530062	0.3531112618089583	0.4448063380511001	0.4066147106719563	0.43590300100420853	0.44582534139485636
TOL17	0.5034634404219557	0.6571643640743672	0.22096286923386899	0.27598564320311325	0.4474240658701145	0.15895023790717852	0.4179169762679419	0.3854404099108712	0.9672031160678931	0.5961723741445365	0.38510395291057575	0.5335823325791206	0.19663057538945342	0.49955671252738076	0.7394260610945212	0.20298612963266724	0.18473235283242873	0.3424993978855395	0.3777660968348812	0.1318983430875977	0.24583106790067896	0.2671470491758739	0.34677295913518347	0.28509927061840784	0.22530506366149064	0.1893655308105773	0.4630733958217786	0.5476350769700857	0.22385396031250415	0.1990770958766945	0.416742127034858
TOL18	0.5269557915545016	0.7277699272582007	0.17169580304262233	0.20751371131809246	0.5262345152359278	0.12892745987024448	0.31672108191885867	0.24530263340311156	0.38485970325302127	0.67187711284688	0.7615938263299373	0.6661219403209088	0.3355144134731413	0.34081765578834033	0.5750984777256829	0.1636696154678214	0.181024950292212	0.9295638652624062	0.44703813320977753	0.2985248165586629	0.450022526123408	0.2310049668689578	0.4461133753411988	0.28072960308389716	0.30025392433965503	0.17397069477057286	0.4641229925038862	0.22878996411936642	0.3338071005407755	0.33210795537423443	0.5340658775371643
TOL19	0.4443395539893068	0.5149882194705436	0.14483930491842467	0.19890251745166096	0.36867404202055676	0.11783525504428735	0.6087585800207287	0.24975264957620152	0.3284288591155655	0.7073198047540884	0.2971550396084959	0.34540963326679375	0.31309174496008646	0.20642843968513286	0.4209643404387297	0.2412296111455616	0.12223966810379092	0.3711695612105324	0.35692279841154645	0.12341573965283717	0.20403541697747948	0.27561703618201866	0.3028028061983529	0.20650323018339814	0.1627615892623187	0.23167822470401228	0.5407563965433247	0.2360094749282622	0.20637289033090267	0.23197054445341103	0.2178926699442388
TOL20	0.477826436362348	0.6335212048406869	0.14303004045009893	0.2516323951004978	0.3828447845178709	0.0835679273002332	0.31995567954540916	0.38778337669705426	0.9683250044009947	0.583385896034052	0.4224614731434919	0.5041254469450666	0.22597167047234162	0.47073683684456363	0.702211553912296	0.16982440829562045	0.16182689023536773	0.31844014667814075	0.4356067300295598	0.1176469553452357	0.19712845160067885	0.32760101228387173	0.3543272363605949	0.31216382898741135	0.21529124090725849	0.192197792016432	0.3850529689886307	0.6866101115143154	0.24418082075698322	0.22019217762158638	0.4906433399969498
TOL21	0.4918342806970115	0.5938375695889443	0.17387925798710663	0.22659270606095194	0.3676850110638497	0.13663700302163936	0.24819451615884397	0.26404529436837443	0.5001112980591239	0.5363101053312707	0.38260681953850856	0.44723742374111697	0.29189143711256993	0.9193429584158419	0.6183862994362324	0.236629305505954	0.18387531591535	0.3290605872333268	0.3699671420989323	0.5675596314054836	0.3720411412948246	0.2883375983274765	0.4235795617167713	0.40486387049246797	0.244686649696569	0.17579043771113081	0.18378250403400706	0.4393739081149362	0.24491574633724733	0.4332662770913956	0.3909571157805915
TOL22	0.32573243562170756	0.3098610794029114	0.11279124540366538	0.1676570980198617	0.2853377477378482	0.10506948272023969	0.1595367408854468	0.23190501821984602	0.11708300085100236	0.28446868915352136	0.23085513024598983	0.24940078961994774	0.1385292434489443	0.42210458112012506	0.13348677168916206	0.0977833018125182	0.1447480701458556	0.28834039721131255	0.24494469083132986	0.9923038682014779	0.27665639348065985	0.2785379607822891	0.24523793339958516	0.09516198311017256	0.12894487874117394	0.13456829444130197	0.08469058071774363	0.09034405255673668	0.20671003383175146	0.41490631693246594	0.2681000030986392
TOL23	0.3520310559627328	0.3093722893177378	0.16753743121957937	0.19194279574239478	0.3219551640743484	0.14568573044778263	0.17942952716429864	0.20129035566085204	0.17575594257634425	0.3053352652538886	0.28049200324585355	0.6154568352038501	0.5771646986053698	0.2557956903801772	0.2951837067984126	0.09789729340335092	0.12443636446958385	0.2997763151708741	0.7149559011891364	0.14826566477859698	0.1971070633981866	0.19564043090328223	0.4447937657146912	0.3896574340920412	0.9577354791876154	0.2069479509712662	0.2690942052053726	0.22515403283989727	0.5326050115215534	0.3903118502236615	0.39210596133323294
TOL24	0.5538940518027559	0.5273007046693661	0.26390610529653374	0.3149231767143993	0.5386459908214483	0.25869135164441276	0.22064992364636593	0.3552926810397624	0.2999865912568251	0.5489655680967963	0.5991517856679096	0.5885234018874226	0.41932437543108336	0.5241051238164374	0.41533204573956767	0.16400498965454097	0.3688722772637305	0.6576338430950411	0.49193182701032667	0.42160381785398443	0.8166824394737877	0.48256168971906926	0.4562273836091353	0.24899959602027452	0.25583123856662954	0.3252014016965697	0.2571464518072677	0.24297463390369736	0.35601635954552124	0.47930785802374315	0.4945439484471299
TOL25	0.5273282445224654	0.4537634311799068	0.2541642755000451	0.2945031758533807	0.4830382291925232	0.2584189162097048	0.29351906380351034	0.32024082436085777	0.2579602912750932	0.46301434166845823	0.399506737557324	0.6306834719845138	0.5467550430518799	0.2848239544785061	0.35803032224555736	0.22230820431025106	0.20080902411491874	0.43722339078531347	0.7612590023938955	0.3141338359364731	0.3285544352281747	0.3537558992958964	0.530043140516788	0.2854201902750776	0.5495877552457642	0.5146698339205698	0.2731705702222802	0.20926020357314834	0.3363259730416196	0.6258497108837436	0.49851172377495195
TOL26	0.4293521799086393	0.5396731856902326	0.15562234888490822	0.18764755901361266	0.3151213821781567	0.10743461603443327	0.2696761265191346	0.24988126536403038	0.37393232941114796	0.5471221259193866	0.4705321562113871	0.3795395142298517	0.3138790623648374	0.4784154417097128	0.7682558904592354	0.1626990183311792	0.14318585830892744	0.24218660282394786	0.3466355112669769	0.11380340800333544	0.1893136296049119	0.4311134353019701	0.3624785808303989	0.6784411539140837	0.19318688893986694	0.1525051449505649	0.3392603526921341	0.31344060065960333	0.2235190956764209	0.3308106646667632	0.2550463628936793
TOL27	0.748926981296552	0.7826604288459763	0.2722926888347244	0.37672657205911925	0.6548622600852637	0.26490630136693405	0.4657757491773571	0.4895609838678822	0.41403386822890154	0.7098240995397048	0.6518009410680059	0.7732074121476951	0.6685873478129642	0.5241717986990331	0.688085569229067	0.36969509441606324	0.30001343007790887	0.6536110604799483	0.7456633280029056	0.29228592401021275	0.38302258000089656	0.5684290367034914	0.6630950428837223	0.6004991442711326	0.512457580361399	0.4213127221603769	0.5354770069985115	0.35510332469049594	0.4693484336051112	0.5780623228577426	0.6163497511843815
TOL28	0.4991527994854715	0.584553732287127	0.1397168401377122	0.19036569276421356	0.4533481564005213	0.13041359889597803	0.5977336201019997	0.2380817881095577	0.19480958918470595	0.33130657693358795	0.3240917608186143	0.3824363812314271	0.34789149807841213	0.3802041710082284	0.28327418668251325	0.8709984955692356	0.1477484108135315	0.2889321937379843	0.344478762004204	0.5015193661446693	0.22521396493604018	0.26432085670716077	0.26869579707830515	0.28471830067198883	0.18236444780514818	0.2022653079186125	0.3401785540553494	0.20396369995924518	0.24304015353886405	0.3798679257295737	0.31353565147999174
TOL29	0.7213263819230565	0.5540442042234014	0.45589781103884586	0.5374085119622591	0.6411802438074966	0.4331827660571433	0.30922091697681126	0.6414312259342887	0.444495827342783	0.5703791752074929	0.5071507554169561	0.6086751002990384	0.4703437648376035	0.5606421881559078	0.537570611019571	0.2818847121233718	0.24346645989339025	0.5029784349583469	0.7301796697208031	0.4030982557348793	0.4703143252946567	0.44501462623369975	0.5935868516615599	0.45096259395932814	0.3909932643044171	0.6782377031061608	0.3011988781496866	0.36317670061893104	0.4645215916932652	0.5383798066241834	0.5265014551184992
TOL30	0.7805433197042807	0.7399822473248777	0.3167834165849295	0.43914143739467987	0.6612421166259901	0.3256904809690066	0.47695672072692763	0.5314897969735966	0.4453268268185274	0.6682149172763814	0.6268788213873244	0.7589609819738797	0.7218842601642169	0.5099361848652136	0.6512679422158825	0.3678203953777054	0.32427959905700343	0.5877636397170222	0.7231294668635638	0.3403081709694112	0.4317094357428193	0.47374044712563873	0.6742460429399919	0.5018268276678521	0.4896901827056762	0.4618354501639842	0.4748012727513949	0.4267659997688117	0.5828243896442028	0.6013478445644949	0.6075903703066527
TOL31	0.7076186994863792	0.709207576599464	0.38041051588102615	0.36040147183897364	0.7090029310404159	0.3892483281206097	0.40514202495966606	0.4269101119004677	0.3910921585374967	0.654940923253117	0.6268105217609491	0.6017531544534127	0.4228876276163458	0.44434435307589654	0.4787152863011232	0.20951392807275415	0.2610521613153629	0.6244085417911488	0.557977509709573	0.5173178416745189	0.6000006001833845	0.6470559636908927	0.552023609275409	0.28679365823090297	0.30667751948870775	0.2851138291555998	0.4421297935780401	0.3046656650437062	0.4167638034484226	0.5182897654705134	0.6000216856225342
TOL32	0.7901843121070253	0.7151934307028958	0.35576988796332537	0.5548916965891039	0.6648232838702044	0.3554545413210192	0.44196946040548896	0.5749534986960398	0.43824540468628037	0.6602705379964757	0.5809681280915099	0.6960622738078922	0.47555477405190555	0.5407283115641273	0.47377009222874045	0.26157032268864255	0.29166202793328433	0.6665109140735752	0.6435161347889996	0.6420814796657822	0.4521157112461563	0.40681935610712006	0.5350085196633658	0.36306872137301915	0.41955059973171566	0.3987238470352959	0.4839589307594836	0.39278880069842115	0.47252309891127775	0.5703293870868822	0.6651014864532981
TOL33	0.7350768963172583	0.7463202175044601	0.2949865876154881	0.4219823632935607	0.6051723427039609	0.26905898569230347	0.395267228637234	0.4918470690523731	0.5655013234640603	0.6929417771670205	0.7009663761163434	0.7695626718295742	0.6667738635670915	0.508163134243034	0.6999218876503828	0.2895709961429765	0.26356111196102205	0.6179524077679892	0.6991271305814698	0.27578700515933896	0.38784429387388125	0.3725075382055388	0.6043647674386187	0.5392942177012432	0.48043509219520086	0.43094815740840264	0.44956128131908724	0.4970342185952836	0.48405042555315864	0.4488866693942376	0.6710227109663076
TOL34	0.6172108383111324	0.515409863450449	0.30390913710247613	0.36407394452170894	0.5710641381197785	0.32211541717994857	0.3939370996811545	0.4435002791782807	0.39784210219714883	0.5598532849443288	0.3699521188224728	0.729772304036205	0.5721512522702874	0.34737998735499165	0.47855071520745274	0.2655798084402899	0.24858255832182313	0.46765849324274883	0.8386765620643879	0.19463043746635733	0.3084132212376144	0.29537235152119407	0.4821118524684689	0.49335402853166316	0.5694386166843978	0.6103166022622438	0.5405696847554531	0.1939585480752445	0.4397264449132933	0.5586678950904213	0.5201529551098063
TOL35	0.5580199627113167	0.37281837754360503	0.23643802294184335	0.4342524000300047	0.3992391774836211	0.2570462394598848	0.25164885200361353	0.6254367439052253	0.32062417531774684	0.4458859278164564	0.28704122303357665	0.3665350898399758	0.30537519448331485	0.402321741199626	0.3383609163622332	0.16143214029929953	0.17168774136761808	0.33018434391330964	0.42351376282347714	0.4287241315053544	0.2611122057642581	0.5563570445125134	0.4099062510377556	0.19088489776176634	0.2518126758612414	0.3249107707564678	0.2543602307985023	0.24601841058228313	0.3550536951764373	0.31125135255532693	0.3310831767351243
TOL36	0.5530818953635452	0.5925204845109701	0.20767531181856402	0.26958431500375857	0.4911691771379719	0.20141783983783515	0.43307632565737864	0.27767972160500726	0.23803957445002422	0.41567278158537385	0.44526533851244854	0.4878317344403336	0.4285990241219574	0.4317235439372642	0.3468535755972121	0.5195909898785513	0.19224687006230864	0.4568222321699754	0.5176624272205969	0.5488707338637195	0.36729915557173054	0.29604990309883744	0.4199647991659775	0.29489049311203924	0.25194136813702533	0.4269709867474948	0.321594290651821	0.23032118566367493	0.3068950850946046	0.4508456956912588	0.4345312887590006
TOL37	0.6333446215166132	0.49337333147900214	0.35899174459659944	0.3544924508104265	0.6154757664505134	0.3995071291421117	0.26271295377251896	0.4101113993483694	0.24748862713319558	0.5749730193815662	0.45748862157189174	0.6470848500250626	0.5478326951246701	0.5350713176943589	0.4253972561204819	0.20375338502876078	0.30614655718580214	0.5224791124167673	0.6412620957951907	0.6446522829487009	0.4897951212233696	0.5697715435894066	0.4196888034345747	0.44368251969445227	0.42053389923434203	0.3235427818584292	0.269908895468798	0.25085627371576913	0.4085143974590295	0.9022541816126427	0.564234793459353
TOL38	0.43677134606580936	0.300585832888297	0.23456599413104515	0.34857662554901747	0.306086821862885	0.24814387638146962	0.13826615119148886	0.30477818452397976	0.24574960796134085	0.33079169169060213	0.28021576416757793	0.3790855419968744	0.37300196677304004	0.27267703893333745	0.2594618529836464	0.17048167623711444	0.20594182385366797	0.3228645899407534	0.6879984291611541	0.13919117228041752	0.26196130277499535	0.20334715321850194	0.4079859496407076	0.21691543454383624	0.2520351670783279	0.9429954574550679	0.17076832369658	0.17042075204061968	0.27518949742503895	0.3987344407128614	0.3441501052640143
TOL39	0.7223316383251678	0.7893494471538317	0.31753054098789385	0.38315274721492865	0.5828833221073436	0.2796850357043622	0.4437434727569338	0.3909777331860783	0.6086930918053929	0.6394038210844435	0.7218616890466758	0.6632869783717517	0.6014433863818993	0.5214238252861089	0.709690565362663	0.429384511530866	0.2578144021372321	0.6034625268270121	0.6755793824043884	0.2525486209094983	0.3891755870066017	0.3609846661886441	0.5157956834163481	0.511078330376854	0.512903949207538	0.4380302643116741	0.43109463116144325	0.5310784794192472	0.4736540682339097	0.4878135947312146	0.5815183617781137
TOL40	0.5076705919784779	0.5480418548218072	0.22892436240839972	0.29123560056776904	0.28446098237100476	0.1894009865519935	0.22388312499552535	0.22975785347400846	0.4018006126725558	0.4954804935393333	0.4144823047794991	0.3642906866454451	0.360945948546126	0.6376913477624621	0.6080749350105259	0.16976691173056951	0.17230177487314283	0.36869176270816023	0.3355820360912654	0.458370659240438	0.30618600182542305	0.27751795556025427	0.3244565253748705	0.22573379799492674	0.26595434658649847	0.24809858754974076	0.2043425206200686	0.45320848271945513	0.28113193652138646	0.44659181548257393	0.3580785298651511
TOL41	0.4909339377963204	0.3851219090709828	0.2509524259695029	0.3200274658147178	0.4261931358406548	0.2469556994640345	0.19573037342596347	0.39831595453891905	0.3613098681062437	0.5446877789750293	0.30908275268315855	0.5213609265949813	0.3381757514167641	0.6246501689264085	0.34837037027327344	0.1552952666748735	0.25609844552235034	0.4722307218169574	0.4711472952337775	0.4341098392132894	0.4410193421090744	0.42935182918654013	0.4200862929050219	0.22768643335376393	0.24674231318437156	0.3271417191927388	0.13230465673751043	0.231014546804509	0.2879081258288141	0.5037407955113357	0.4267573886528954
TOL42	0.7209156709216592	0.7052468098411142	0.30811224505400975	0.3877117855253392	0.5697633076706733	0.3100610812419978	0.3264994204278949	0.4767437112616083	0.4183962811835168	0.5995939959156753	0.5838869676957735	0.5826684169607563	0.5852717052088373	0.5341650938431913	0.7044452667423644	0.28820065449317933	0.24338493566115058	0.5198134397960773	0.5477806420358785	0.2601793493598534	0.31904429617242697	0.4149991748637427	0.5342465399146865	0.4208990052016714	0.42881023292377873	0.3320933240382949	0.3449538950062459	0.41295641277304407	0.42319291940291376	0.5853717908005467	0.5736968275303218
TOL43	0.5658878979619905	0.4716570471128881	0.2821737166672147	0.40750962905801097	0.46633738279532844	0.2732014275440616	0.25482666719329605	0.4311471849528408	0.32161656541506506	0.4682369750251462	0.41030000716218035	0.5758024143606596	0.6457289206659985	0.41936866233076286	0.4079083952382654	0.23066793861515628	0.2638977370658482	0.46744187400568676	0.6001696486456912	0.21810305603303035	0.3833990298010209	0.3103054768687335	0.564856570845201	0.3522024224859142	0.32147923168780146	0.47565503620536786	0.24175664491461576	0.3116481163402343	0.355552955306185	0.4433489088858925	0.5791686305787732
TOL44	0.6939917476005095	0.6695690187176082	0.2570828399120791	0.34468916983917874	0.6509353564750252	0.268038899295337	0.3299780707485848	0.4448776125908301	0.3637331828718793	0.5655313334009073	0.6531089031693001	0.7183293018924082	0.6750961669583142	0.4526462140627578	0.49180568088003085	0.2070626037541827	0.3910948458172071	0.5938406910325587	0.6867877861533066	0.5586649790109322	0.5474916532239396	0.4319781961756283	0.6288551644533221	0.4371132319507741	0.5041210946421056	0.34608882464223883	0.39776470208468706	0.344639722785797	0.4859121786693033	0.6380268076662817	0.6510912930539288
TOL45	0.7487727362947336	0.6953656637434495	0.5020841556323244	0.4151527375338081	0.7541510494571225	0.46930441290454233	0.42335641370930954	0.4184984213003584	0.383548532267859	0.6634695349332421	0.6978034052251103	0.7028734243194579	0.574582344821557	0.44426275350437505	0.5844384261632573	0.36468856861278465	0.2741585547288173	0.6263677713785906	0.7189600094471151	0.31629171262736683	0.4966852805236186	0.34832064776535276	0.5820533548272104	0.5758784356400365	0.46699606370443597	0.4941733261283624	0.4792535766637156	0.3243443268523428	0.4584029259884173	0.527523823242625	0.5659972938093243
TOL46	0.5223649526111729	0.41714809410856346	0.28869693202013125	0.3458331137928954	0.41417396621483255	0.2637911257486316	0.22853931860817098	0.3876491620845405	0.25206969690171416	0.44761267887030876	0.3554830274024529	0.5083210309282927	0.5648353682537507	0.3040878395672745	0.44036372239618277	0.1753148033550726	0.22400037227491917	0.4009362334743632	0.642610169894187	0.18635539515197763	0.32619797837048475	0.4295112272499782	0.4909708812057193	0.31063418145198285	0.3582039769603878	0.4400601715138769	0.2964933580210791	0.2674271057248799	0.3831592263281668	0.4827747849977203	0.5118866131095814
TOL47	0.6651890525859154	0.634782925167509	0.2585443092796322	0.34404111496434414	0.5968134959246387	0.2710879300201512	0.33444961449954447	0.4562045993929468	0.32036779135751603	0.5431903314774021	0.6838658509467376	0.709411802134854	0.6417402790953713	0.38802065876506026	0.5422316262436123	0.2126401685190878	0.24715911677598298	0.622506462451689	0.616235602383964	0.26839458268286986	0.5070484982043357	0.43669888664525935	0.5869890739549437	0.3978490747232772	0.38157436858685706	0.36603281511829044	0.4255054006950077	0.3613776064344336	0.582645533520976	0.541570033748912	0.5830887884255127
TOL48	0.7238464980934443	0.7191694876251175	0.44565088564759664	0.3793455873902097	0.6805658156239727	0.3939140973305825	0.4364239199282438	0.39887053859973853	0.4524949197464139	0.7019026014493107	0.5140474570313106	0.6332288364410039	0.5949080787926957	0.5877842532637189	0.6439064719088907	0.38303949976858115	0.23503080749920363	0.5317447462727191	0.6497518661177494	0.3501068124010007	0.4513771214165745	0.49151370235099695	0.5810682803722292	0.36387892644439523	0.4319235945802831	0.40235925163529423	0.4090306195118943	0.3459287124573848	0.4014142828087839	0.5620968878337631	0.5758883448869179
TOL49	0.5536836645782488	0.6117106699022281	0.196168953071807	0.2375941737313976	0.468432395682437	0.16431201492737285	0.5859325900303489	0.27615899651322656	0.37306820172279276	0.7138627564662818	0.4315597269563976	0.48647308902030845	0.4853280835951391	0.2844665833775515	0.42416095132760495	0.2721082532810761	0.20838374186632602	0.48926715953523253	0.5335720336624722	0.280321544007036	0.32403671416208	0.25244616864472624	0.43207578626893417	0.2606626819358321	0.2520506684313355	0.42515512718796483	0.5517861928686683	0.3713782357098594	0.34358901609172926	0.36659986457589616	0.44550360208485457
TOL50	0.7054143777661332	0.7083292576371577	0.3682166949242585	0.36281293082474964	0.5919115468200165	0.3417100107032192	0.32294427032820716	0.4024627106486633	0.5100442460274877	0.6312959994708933	0.5755952267100043	0.5443915260941736	0.5280867530847607	0.7078019607410133	0.726209487559655	0.22515281777668458	0.3117611587323609	0.4939547507586738	0.47711199473337074	0.22538492829263065	0.4955590428072516	0.3265454453309676	0.6156890876604642	0.35342457886908796	0.33336414839885437	0.3270806295483587	0.3045734412175386	0.415543091033836	0.36929023696198726	0.46292133070156016	0.5246172856111989
TOL51	0.6399235165878772	0.5899585525287674	0.24446266500567396	0.33589693492058026	0.5590476332131535	0.26144001657177796	0.37498470979169723	0.4219169061951948	0.29896095938723305	0.5864284016355373	0.5590173738520827	0.7699874218101598	0.6747075700199006	0.47292715267446395	0.4718940869165609	0.27051440215503025	0.2725903742205758	0.6489533036028778	0.6886026859860015	0.3364215853476386	0.46903988375476124	0.41389969916023445	0.5655434033592667	0.3901742855312151	0.45852025103242755	0.38526125891301644	0.4003164013255299	0.29437541763671354	0.4588697960897479	0.5822434628823049	0.596129362237488
TOL52	0.7176344183796897	0.7332305405308	0.28784626648781764	0.35686970789611566	0.608937870539087	0.2741864406274869	0.48330839904983136	0.4325149258530221	0.41930533269617454	0.5706275391066352	0.6078596021896185	0.6663269704442706	0.5799336585573756	0.5043291647910896	0.5465866430377422	0.2918750881315247	0.2341849250885089	0.49015204326563844	0.6595695645142969	0.348353730320906	0.3038989492891331	0.3726607943907243	0.6031233660907994	0.44131638956008373	0.5009255820619224	0.3528314823188765	0.4439853666125266	0.3784135239164335	0.48401919174672825	0.5160897096088574	0.5623278411878261
TOL53	0.6685706448457612	0.6177220913931758	0.3027670688862539	0.34376237993211706	0.5729319346057953	0.2789204949796032	0.439138491114765	0.3860240613120394	0.35322826327089385	0.5894105862737788	0.4494299399046906	0.6351728711109528	0.6976628363489099	0.4283270003745532	0.48275427268124327	0.34945961427001804	0.32424543541132395	0.47662502275252516	0.6990021256789531	0.23223185347762534	0.4107880376578861	0.35232938142090664	0.5851790283684284	0.3738290341469054	0.3951845334038226	0.54402353998867	0.40917043702637534	0.3739158978291611	0.4062281694815574	0.49432435392290686	0.6262465469202027
TOL54	0.5588234270797195	0.5138524338117775	0.27534478847719374	0.3279107956088241	0.4918049663608774	0.2545328831769422	0.28862848701720345	0.3715132975364739	0.28598964552016803	0.5227679697353294	0.46413326869317095	0.619790458244615	0.5733018526782822	0.4215416218436914	0.5118994855671066	0.18158292222832673	0.21293403455872623	0.42747859061809806	0.6325801614051282	0.28817405341518343	0.3102683328280351	0.39469032498495416	0.5456139245248595	0.5206608164947515	0.5144277433068165	0.3303990273675526	0.32146390455775053	0.2552027017320736	0.36381756217581646	0.5303976381825317	0.48613377781211975
TOL55	0.6603163323992578	0.5896659832308263	0.29574474714021093	0.3721915073125457	0.5506300400292342	0.28416023317376665	0.3609188512979623	0.4732939217356205	0.369000313956234	0.6114737610470616	0.4698975657488093	0.6087899380204218	0.6243542981365766	0.47919107878636596	0.49650822884609747	0.24965458553842604	0.2846877969157145	0.5476534184269221	0.6837156040829326	0.30119939798562595	0.4190410170101051	0.44697937293921	0.5972557641838545	0.3404907544088527	0.38130581533908636	0.5329687011567363	0.37312107692637647	0.2705398338773479	0.4426796836118439	0.47601168713586106	0.5823558980152641
TOL56	0.7234967292208769	0.8182733720855522	0.2991800798416332	0.3412389074685951	0.6347653218830244	0.2864543006424355	0.5518118996562922	0.4089696119243154	0.5360441285042428	0.6748133127779564	0.6850683771967421	0.7227236715237366	0.5755148439386548	0.5844886873844825	0.7076007270477882	0.3722777347598819	0.2505741972403245	0.6130026259164851	0.6423686067229332	0.2532828007340666	0.40985179687337797	0.37290581140085016	0.559670763720575	0.6115267931609427	0.4476053816008607	0.35333097650296535	0.5895023881576398	0.4127018182040777	0.3805519611149308	0.49861205699677646	0.5754793703674213
TOL57	0.6295699156310478	0.6272364977869177	0.23622582047966073	0.30687457373413063	0.5890294875872557	0.22260581571748242	0.34364334738085556	0.3931711996588031	0.37942995123451767	0.604816094057457	0.5823881011840678	0.7983097742644796	0.7151554093366632	0.46221155405185627	0.5217531959321966	0.238477163936587	0.3172915169214851	0.5438056971826282	0.8246290229337087	0.3095389766372038	0.40220035911618257	0.4035963483213047	0.5085741148077634	0.6047618716077159	0.6150871239438744	0.34859935940653103	0.43576354208922174	0.37285874087038007	0.49988230538520667	0.5620014647857926	0.6667782657836048
TOL58	0.5604301865562524	0.6143514635073153	0.24991060311994825	0.2946144187886548	0.5573814868663608	0.21060251827043883	0.3725600282026337	0.37885380086772447	0.4781193946916241	0.5648256793776685	0.4054679367978926	0.6168714588454215	0.4305063221343918	0.37192869093310543	0.41454733924812437	0.2480190757068098	0.2117788206266909	0.3892720417166915	0.6016547556666785	0.22478339598101382	0.27304840744702247	0.3287046400525632	0.35660138718241086	0.35993657732725437	0.4468857908571518	0.2413421456512586	0.44904846146223326	0.4405730422234642	0.35058528838898034	0.3580130805701449	0.5598377782148486
TOL59	0.6180478831464091	0.6151741467115263	0.24363527909480934	0.31606545068453634	0.5439933163370363	0.22279609907223524	0.3418049997321553	0.3769476926054932	0.3744116643602438	0.662236037937119	0.4917161957751475	0.7103380139279523	0.5296062899569167	0.4783358095576238	0.49203061548516913	0.25369544275747213	0.268586055352063	0.6701341557284057	0.6433835816519957	0.30413550507981774	0.36839270527579	0.3642567629241838	0.5664275624323816	0.32212711402324	0.3890703911740463	0.3725331613972962	0.42454935650205344	0.2998539262310096	0.42545880819494475	0.5133514191659643	0.5863491244909717
TOL60	0.6529009629385524	0.6782374710171022	0.2486738720041346	0.3296487937592608	0.5560417709193269	0.23060052179580998	0.3761173296100191	0.3787699426583681	0.35503206139189647	0.6275292141674085	0.587472866900956	0.752152618673157	0.7051593432565578	0.5304492465611937	0.6318501275982186	0.23501267062350958	0.255625292068558	0.5586789897184437	0.7203605870048685	0.29864388962918265	0.34901186131166534	0.34497421346316515	0.6016128317278723	0.6210933079811098	0.6878953563148684	0.29807607902118255	0.5078865671068804	0.31688288713372714	0.4348695423259621	0.5393956253153905	0.5461999651715709
TOL61	0.7286881210258598	0.746953969303648	0.32322111673556997	0.4076258610110493	0.5244306719783464	0.29519783766500063	0.4436926343661027	0.4409752366440457	0.6185713681127623	0.660579746027694	0.5992909470734307	0.5994370025886422	0.5749383171463258	0.533359918316251	0.7189946140422292	0.2807139578212571	0.23860008327281923	0.517307875515547	0.6165446413405521	0.23510943744588816	0.33312413348549974	0.3778436100019736	0.589115122167735	0.33079103190307013	0.4990133137177208	0.417394696002145	0.40467058747672136	0.5957379917118878	0.5541283652549039	0.45400577885466714	0.572986114698397
TOL62	0.7516586392635846	0.6866735919211946	0.4218077438784654	0.5101875740378954	0.6644169654540434	0.3863733762979721	0.4293386327834481	0.520610354529216	0.5525994998937058	0.633693779983413	0.5763336100132853	0.7521337759454212	0.5712241309922825	0.5797767711995131	0.6683269062645312	0.23990209861355732	0.25517429968426697	0.608300702234914	0.6864505475784956	0.2708435869554792	0.4367595980976389	0.30421047257876244	0.6276803289804305	0.5563889401504852	0.49971369582208985	0.4801956845584988	0.47122479681621726	0.43041807877385874	0.6036746356040286	0.5017702779327452	0.5984798011443916
TOL63	0.4013691924313448	0.41180054448336495	0.1291304648381215	0.18810447170154665	0.31278176769885974	0.10570010594543557	0.2647161773067425	0.22456562339981376	0.29552035846264046	0.37083817714977824	0.34591915074865476	0.5463286318782947	0.43524217251256514	0.26480340225197546	0.3858764822749596	0.1572850010022015	0.1415427780293046	0.3167143176366911	0.474719912724751	0.17909222341468428	0.25145753447273733	0.3303710657572542	0.42900706254958526	0.2619693877395237	0.5225928655383897	0.2101908937830431	0.26620909505188656	0.5034547093056785	0.9529436339435088	0.2918880686882103	0.4361874139607529
TOL64	0.6572081992039014	0.7249015580358644	0.2562176055712475	0.3492010737854385	0.5955767046164143	0.2504978011444935	0.4357634782327224	0.39325737950122636	0.32807887501075433	0.6315799833075963	0.5297712815037381	0.6536998977461995	0.4811122201578729	0.3732427659715905	0.5364536741651752	0.33624660371691967	0.2324717835115205	0.6916129966296721	0.5861450167813892	0.33698741449337233	0.2960748988400961	0.32034960732494944	0.6514571280221951	0.3477277337445206	0.40008298378312257	0.3253453575842581	0.49814210694755184	0.25552900995037664	0.4033948608779087	0.4159535876481765	0.5944360798796732
TOL65	0.6454827013048923	0.6424408966395369	0.2746904262582454	0.3469754270244354	0.5860150366240902	0.2396223532192583	0.43583281109514665	0.47933981503705086	0.41083291436205527	0.561294813566612	0.5496038215241108	0.669580626228408	0.5770557220330007	0.5138760584475781	0.6241232829050517	0.32284607128254394	0.2784417397053438	0.48374624053948406	0.5883118144597654	0.31162752399682714	0.3650217952053612	0.39682283888598024	0.5639873398092563	0.6895195867607596	0.3742842544441489	0.3278742081134732	0.4625676775138302	0.28304944150942535	0.42248356102588885	0.5372348361655963	0.4687640825238059
TOL66	0.7468979736744937	0.6923032279239486	0.32869834769016554	0.4666089392629589	0.632956774596843	0.3128940458789396	0.4115545274358142	0.593690094871759	0.46117007541476246	0.6368544473078832	0.5569356309620273	0.6960405584012345	0.5603960230219825	0.5330650734749076	0.6065296798833846	0.28414029324931833	0.24638096293577919	0.5518455137915612	0.6770368101933478	0.3865401598932238	0.4533446222669298	0.44363534165312996	0.5646550321953183	0.36350740395876885	0.45415182744394006	0.3581769329000958	0.44452907601599945	0.4417495336385449	0.5057125062191684	0.5335507119790037	0.5945038465436308
