,1,2,3,4,5,6,7,8,9,10
C>A,A-A,0.00693926042890063,0.0116411862454698,0.00756554876453891,0.00386495022525374,0.0471577950489266,0.0301558981973127,0.0178140797436884,0.0205460325901708,0.00586440280581383,0.0249282490656147
C>A,A-C,0.0133085453421117,0.00472543800636205,0.00504637653572968,0.00556319653249,0.0277937240650465,0.0104796567657866,0.00689315885117087,0.00366267986058402,0.00841389238811874,0.0985402534382655
C>A,A-G,0.00690400359399354,0.013489275551535,0.00857043910731296,0.00556036402142931,0.0225864520645972,0.0162361010811401,0.00269637007397334,0.00671384938718489,0.0180835636774239,0.00796746487096277
C>A,A-T,0.00610050834686261,0.0118872019034423,0.00850207860480083,0.00636951214210532,0.0157218881083977,0.0205688260957696,0.00408217629120901,0.0067709884644275,0.0090855451255591,0.00893533775002076
C>A,C-A,0.00534209477004779,0.00243397470375435,0.0141903480336497,0.00205838950415279,0.0488047554371128,0.0206112701566757,0.0115488498921892,0.0018470864592662,0.00286145653006541,0.0591752108786292
C>A,C-C,0.0133642190857512,0.00758641287442844,0.00529938913731057,0.00359142195820096,0.0202578929316488,0.0374025874512313,0.00952486216007647,0.0155734688232257,0.0138670206619124,0.0380293412050679
C>A,C-G,0.00905789757258024,0.00814600161107217,0.0106841543382947,0.000885889106088193,0.0346085243633864,0.00529092083114636,0.0140475548158006,0.00725997360744223,0.0114189562964738,0.00467487020447617
C>A,C-T,0.00735351869369772,0.0137132348860399,0.0117975417903985,0.00180364161834695,0.0217228521190952,0.0103837422230246,0.00856636155803929,0.00505443848465589,0.00612363548627107,0.00822319879248873
C>A,G-A,0.00681426020003426,0.0064874802113612,0.0081184021231999,0.00622085320632746,0.0154040629138581,0.0335063480073422,0.00561972252606842,0.00384799330214652,0.00913390442973197,0.00705890399032629
C>A,G-C,0.0102547093569475,0.00386509773273223,0.00447032884252308,0.000871740801528275,0.0156993077809451,0.0211541371389372,0.015417390828635,0.00203495982582293,0.0140316138098098,0.0111913674796938
C>A,G-G,0.0149097185152657,0.0044965187589711,0.00476662764015885,0.00150177588843787,0.023156792174779,0.0456008765107385,0.0270619268039456,0.0068599121417601,0.033830364638841,0.00810029179501823
C>A,G-T,0.00914409768478288,0.00569423269332627,0.00928641005972682,0.0112354232454088,0.0205178053258907,0.0208446703782166,0.00792640677081345,0.00642956618367719,0.0115461567839213,0.0088111068916425
C>A,T-A,0.00649276507738412,0.0115274451850721,0.00766350082646641,0.00394675481190227,0.0573420017119226,0.00956011221170649,0.00596794074087054,0.00318293774071614,0.00440867094488928,0.00331028448964709
C>A,T-C,0.00777761987766718,0.00775883411786928,0.0101005822490993,0.00187971872530145,0.0186320516819489,0.0119436122480049,0.00269746122923374,0.00571513763477225,0.0082548481300176,0.00463104780876571
C>A,T-G,0.00919206261934222,0.0138628869429118,0.00710839161617247,0.00521959928046739,0.0159590709613026,0.00316437289234401,0.00472999627254925,0.00822072890944353,0.00442489323576645,0.00384983372812842
C>A,T-T,0.00794260700973311,0.0126910733824609,0.00676780128140332,0.00575516829219585,0.0218824751637397,0.00821909477887984,0.0120457720589496,0.0164215811350131,0.0281251938303996,0.00271466548033039
C>T,A-A,0.0214510778289054,0.0212122491811385,0.033013784221822,0.00994795813332044,0.00547039231630292,0.00579524154733856,0.0112998925001824,0.0739149445991592,0.0580293953383817,0.00535502905583712
C>T,A-C,0.0190929672321514,0.00682136594548547,0.0383089320784548,0.00287823157454123,0.00761340902411791,0.0188022252253088,0.00785048295184423,0.00637419851070137,0.0122086032699153,0.00672149586969789
C>T,A-G,0.118388803178681,0.00563353920544891,0.00614196938656735,0.0647644350060708,0.0121615434971687,0.00707414290719798,0.0115376210992372,0.00292734607859093,0.00616448987903927,0.0315037786832445
C>T,A-T,0.0286462022395728,0.00769245616708026,0.0463630390620744,0.0174428268017198,0.00557467821844407,0.0162409433605338,0.00351387525619302,0.0196513761289751,0.0167016320636059,0.0128815304237646
C>T,C-A,0.0154640130225541,0.0160011276089187,0.040718741941688,0.00413652013803426,0.00627845842468996,0.0380081617980209,0.0184449971541296,0.011358812401657,0.0149178224153966,0.0245699202679326
C>T,C-C,0.0208486272169377,0.00908670715782297,0.0377974379488036,0.0088995062072769,0.00829619787543014,0.0493029652366368,0.0345853193473863,0.011187736732639,0.0132161044203996,0.0232078872804983
C>T,C-G,0.112022067065309,0.00673886021319741,0.0140268726331558,0.023407336246498,0.0088947416123087,0.0438411002907825,0.0435575245143155,0.015487412400226,0.0310091516560292,0.0127800354053166
C>T,C-T,0.0240311171016153,0.00129246261377921,0.0562535220982484,0.0166536822661552,0.0320482420202495,0.00548931321405386,0.0487555242956583,0.0145125129972685,0.00194987706973231,0.0135313942511841
C>T,G-A,0.0109293744837663,0.0188268793000079,0.0411345026979316,0.00443646454910623,0.0152605884684292,0.0153461097252772,0.00886059104599959,0.0041701546145002,0.0213499625907067,0.00889802720932346
C>T,G-C,0.0232155213955629,0.0108739973529033,0.0524885426287037,0.0108268744735174,0.016118810481569,0.0194224483058637,0.0163098931749399,0.00239225427578961,0.0511315940554636,0.00666249432499729
C>T,G-G,0.13253743541154,0.014773611273188,0.0116136002524464,0.0697333929373824,0.0149637115970869,0.0161596397336217,0.0245499905557903,0.236759608087725,0.0206850566062557,0.0208481381696704
C>T,G-T,0.0334904617849304,0.0138384664963012,0.0636779520501537,0.0380556922575611,0.0155896809373693,0.0137014755592507,0.0037124918095108,0.0398169889138736,0.0401811550565792,0.00712384672264133
C>T,T-A,0.0054432743478903,0.0382363697142968,0.0582634775918547,0.00528349262024337,0.00536752835063945,0.0738353517250539,0.0123743781739381,0.0072874581112427,0.00641962976870935,0.0314183895875831
C>T,T-C,0.0210939619688565,0.0064067824452699,0.0685380145795991,0.00122952698958952,0.0359970448777044,0.00293971886829088,0.0591131514438157,0.00471815387278684,0.00531267349586318,0.0531285641934587
C>T,T-G,0.0939279046138565,0.0423503986587798,0.0394283513276811,0.0460673917017407,0.022704930474992,0.0829181062782501,0.05671742430423,0.0208047193340151,0.0311160923300444,0.0229360536308862
C>T,T-T,0.0166051994283768,0.0261104455151782,0.0479679124423436,0.0153247274501202,0.00546643049468119,0.0235792757050908,0.0495051253581404,0.0218230399890808,0.0121797389523017,0.0256017553346615
C>G,A-A,0.00849175289655165,0.00372742268119735,0.00523530464599556,0.00346489554495448,0.016018289554596,0.00567952444181803,0.0185299035697984,0.0219319833712135,0.0135674511120225,0.00541133471982178
C>G,A-C,0.00931316909848512,0.00243644722052355,0.00615460500999563,0.00213213246232767,0.00993858636490974,0.00810107786508617,0.00149602959013632,0.00333382882747317,0.00512640931822665,0.00999262716628318
C>G,A-G,0.00879716448327825,0.00284995975042995,0.00600114854866031,0.00173655891905367,0.00898794293358798,0.00923367963805819,0.00374412768858134,0.00237501647760217,0.00856930198797583,0.00749326824814981
C>G,A-T,0.00477913133558857,0.000668858801046831,0.00421156732771319,0.00114923740705194,0.00959692349932524,0.0021670611377829,0.0013302755875375,0.0019385941445829,0.00344670707438013,0.00323001640950395
C>G,C-A,0.00376622517633405,0.00197762682127509,0.0055225424701223,0.00112246621559915,0.0102398982666575,0.00301692022330748,0.00343719126495119,0.00189751596826925,0.00417799069897712,0.0106977395779026
C>G,C-C,0.00779393940431531,0.00155752919903182,0.0022577326653652,0.00384324830052816,0.00375273683151208,0.0114298220411049,0.00897548036304675,0.00293518566222846,0.00422007081378196,0.0183585444738835
C>G,C-G,0.00232852393715572,0.000360146840943499,0.00482755355398514,0.000207235801487947,0.00228653459004783,0.000321185695391468,0.00337548182866594,0.000797432827807873,0.000744047027644692,0.00111018320474452
C>G,G-A,0.00762512404192915,0.00222532761901609,0.00425574249183211,0.00223604600318738,0.011569159712107,0.00367815194398286,0.00215566322090016,0.00152304624901128,0.00991040690519616,0.00381949926836582
C>G,G-C,0.0047799976702228,0.000927732756280011,0.0027898006571303,0.000285187955794549,0.00757882360847498,0.00268022825131018,0.0103595455736283,0.00162025141391327,0.00112019380725182,0.0190948542130193
C>G,T-A,0.00248185713469534,0.00188194419089923,0.00572439971156165,0.000844282508406516,0.00883983185706361,0.00316786107963966,0.000815875901605644,0.00151716719421131,0.00289333535439154,0.00402790200572201
T>A,A-A,0.0139301546462599,0.0834716315985507,0.0100890054493032,0.00459140410115875,0.0168333403772754,0.0254064056927804,0.023597156395794,0.0180152149406672,0.00760895837493176,0.0684780978495271
T>A,A-C,0.00976535942402112,0.0378695687889671,0.0157372707311016,0.0599251062721635,0.0205656125336,0.0145185914232094,0.0124134297564746,0.0230196532040788,0.0417954305477416,0.0445780167349197
T>A,A-G,0.00995358147273822,0.0526259687153014,0.020648970848606,0.0759231852098918,0.0163835870477545,0.00812988553754818,0.00596764009110949,0.0243654599544817,0.0444593968042443,0.0237982811625813
T>A,A-T,0.00733547121328347,0.0709862539564045,0.0231462654917783,0.296465353303291,0.0210959745256238,0.011614254238744,0.0381037633790312,0.104014088304638,0.0283813188482425,0.0141578257914623
T>A,C-A,0.00356526862439032,0.0658966600631504,0.0146127013336764,0.0202425236086377,0.0361440083902932,0.0529979536088484,0.0307772048164128,0.0167505977822583,0.0245524073018896,0.0235596589508363
T>A,C-C,0.00805523634225942,0.0532562655679043,0.0120493163307203,0.00419955088330829,0.0163187986901356,0.00695469931016058,0.0272248163046749,0.11324721041405,0.150493951733962,0.0171861251084537
T>A,C-G,0.00758962685914862,0.0406854271755657,0.0290554459950657,0.00670676122136712,0.0399580510498838,0.0256342836354849,0.0028895743476524,0.00309770721993442,0.0293510324449287,0.0112204442828545
T>A,G-A,0.00318765822774031,0.0417770378746019,0.0172810414546947,0.03276782634534,0.0328062071651336,0.0433663036512435,0.0148725742780699,0.0291982882742704,0.0136283262321991,0.0448490020560506
T>A,G-C,0.00826392420242865,0.0138267794737177,0.019372627430632,0.0105874366791332,0.045877494045261,0.0122109622689756,0.0154200257482939,0.00657931503739428,0.0571631216871516,0.0449734514379211
T>A,T-A,0.0301109373135655,0.135089397249587,0.00535238395974645,0.0661531025448028,0.0201543584329761,0.0121127018666942,0.207185926691111,0.00851439113337313,0.0167430441814209,0.0166533590582209
