,1,2,3,4,5,6,7,8,9,10,11,12,13,14,15,16,17,18,19,20,21,22,23,24,25,26,27,28,29,30,31
C>A,A-A,0.0133964915820337,0.0108337355084461,0.00944065827664315,0.0181354996832439,0.006543623381168,0.00299595106543349,0.00624156504738547,0.0123376215625656,0.0108962167625612,0.010349285341149,0.00908559433376914,0.00859538284579928,0.00177058501255827,0.0108582724647223,0.00486913190266484,0.0367391236584737,0.0112138090291315,0.0139121021813005,0.0644633062410961,0.00711752458156604,0.0174335827392054,0.00281722113343487,0.0209926066689369,0.0118677223593876,0.00425034387166473,0.185829111966772,2.59615415781463e-05,1.77986637191227e-05,0.0178821370037874,0.0293030369899612,0.00260660179035042
C>A,A-C,0.0112685278734588,0.00805460618484865,0.014716415471084,0.0101928428497325,0.00287123948272224,0.0157457847683547,0.00662167088252212,0.00248209506780344,0.00318916801222037,0.0073858237726575,0.00756043584976887,0.00395200881772454,0.0184857189972089,0.00469502145170339,0.00645750482320463,0.011154017446317,0.00666912419792683,0.0128462984972872,0.030380838686952,0.00857184352531129,0.00194538055861293,0.0129587248539736,0.0414128251712532,0.00703589938792747,0.00735262396562182,0.0552110509238275,0.031362946558846,1.27027143598802e-05,0.010768444502272,0.0110946093971928,0.00880363639505645
C>A,A-G,0.0110957333475594,0.00800070765445778,0.0086345674342459,0.00943842281672784,0.014270635084319,0.00781078086712982,0.0055462305913563,0.00745662120731555,0.00680747133471117,0.00846374045439003,0.00684826722325433,0.0244142716742765,0.0183791740001749,0.010381325717852,0.00807462090657378,0.00272851489793795,0.00522957563054111,0.0156419698935498,0.0399102093202384,0.0114927200608011,0.00961851986595389,0.00220209791938297,0.0187350189890371,0.0148780759778572,0.0409840846165469,0.012467627487138,2.57242561263954e-05,1.7746476802631e-05,0.0211012918522962,0.0398383955718894,0.0103554892822705
C>A,A-T,0.0103429095902443,0.00748806486865389,0.00809230063159145,0.00880364079598654,0.013284391299379,0.00945037296296168,0.00510437542557031,0.00810845172400593,0.00204035274903239,0.0122209564663493,0.00412456910356278,0.0200950160946032,0.0118254979721409,0.00254139645455801,0.00366950326466444,0.00484081987142309,0.00941240206215318,0.0235417306618111,0.0298510047046439,0.0158847483375273,0.0141197329937661,0.0285710308870948,0.00163092267172933,0.00257180636847833,0.0065237021432729,0.0100510356891491,0.0312430229080612,2.17674303130027e-05,0.00332839773245921,0.0336524732115314,0.0290589880934056
C>A,C-A,0.0103451158526106,0.0101654579648796,0.0142145035407601,0.013568981569917,0.00130957887589729,0.0101849879411643,0.00725111859341866,0.00360284973186886,0.00593059200617343,0.0152603973176264,0.0136417736591654,0.0119144418731112,0.0145912809313057,0.00147064093625241,0.0158400977848655,0.00295161227515116,0.0214093959407004,0.0156918771937587,0.0236379402967994,0.00338996911409546,0.00523900523858705,0.00685105388751416,0.00347844229284885,0.0204512082911724,0.0165525298191132,0.0847498813028455,0.0312984781226613,1.34228955862122e-05,0.0222484212251374,0.00425585306403638,0.00834602656301088
C>A,C-C,0.00834665786411108,0.00885929851353299,0.00484313655537029,0.00595805055658114,0.00649014022099398,0.00210709574052136,0.0107929910225063,0.015071631903034,0.00378882267699043,0.00441195803162636,0.0152439448015741,0.0233067117303175,0.0282462448871983,0.0020637041214969,0.0148893811422355,0.0175310994025038,0.00761131107722604,0.0162997412806442,0.0183066951382486,0.0055592497748666,0.00202986300977211,0.00613567951105227,0.0244874544706978,0.00986387456368014,0.00723525052996776,0.0118974543579005,2.09168763205473e-05,0.0400467928336806,0.0319181796582007,0.0168108179512836,0.0161065519500251
C>A,C-G,0.0106409306917944,0.00975240379091179,0.00310740695962456,0.00676578463800209,0.0089309428657688,0.00437263058219149,0.0110493735629525,0.00116175023700139,0.0023780388382385,0.012689949641442,0.0156876391453937,0.0370254537626844,0.0343868546352965,0.00290821446542603,0.00883158773882571,0.00285312403809749,0.0048217325599928,0.00667631817970397,0.0214767459322463,0.00749330259879336,0.0182831672917806,0.00542846813881979,0.0596030952105645,0.00111080302548546,0.0942955518308721,0.00379078504814905,2.67606193554557e-05,1.73016720381086e-05,0.0070632718985913,0.0227237213847943,0.0169709201968062
C>A,C-T,0.0116115497569833,0.0104953522486164,0.00787461101427654,0.00805179171109319,0.0104229938899775,0.00994103440260043,0.00615324925024461,0.00204986996800226,0.00306995687539661,0.0657721856720197,0.01387182622995,0.0387159803115234,0.021824138156748,0.00530421386888107,0.0112247511663698,0.00362235689292457,0.00934416724799612,0.0710395982642187,0.0185137752339585,0.0156671237861746,0.00396392972371594,0.00232187429022653,0.00647514072653429,0.0228344065139612,0.00695695642336449,0.0106013895693491,2.69689970952064e-05,1.96047886908686e-05,0.0214135244431376,0.0219252288664907,0.0862373136015599
C>A,G-A,0.00871538765755459,0.00937801469970802,0.00733440156169371,0.0089664142355644,0.00930113136771684,0.00173548856615332,0.00599040131360685,0.00612408917094548,0.00537883322092568,0.013008478538757,0.0168498850101446,0.0202165537676992,0.0162125587117201,0.00191565593117609,0.0119566860255369,0.00186635314392445,0.00462575400937813,0.0161977428897565,0.0512888914583678,0.00935956847859228,0.00278915444723261,0.00934361503222493,0.018058222738105,0.00168059104280564,0.0465467855290667,0.0394721487353859,2.8591864244024e-05,2.48914130693586e-05,0.0116021363636438,0.0232225109143069,0.0122613121283224
C>A,G-C,0.00867705669086826,0.00892995954239626,0.00336371210812612,0.00676796596189365,0.0089787787930914,0.00202207743691304,0.0054307822921775,0.00399594224919656,0.00417507609708907,0.00403004667624707,0.0166338308508969,0.0267831617409322,0.0387021850004489,0.00858912102183534,0.00996507567251381,0.00216823961427638,0.00821517724918905,0.0146384112538623,0.0285200709462476,0.00594260485001253,0.0158052583304207,0.00295975123289623,0.0167685961601273,0.00312526196036804,0.0188485191649441,0.0158795817358148,2.609875543651e-05,2.22964411079795e-05,0.00536755484580299,0.00678018622986972,0.0153551492382879
C>A,G-G,0.0103224982542408,0.0111712109573478,0.00373936799688294,0.00787904973598785,0.0113943346360737,0.000916408818606879,0.0125132978477726,0.0122429342127625,0.00600658196186017,0.00926309388682341,0.0103196002672673,0.0366699914330183,0.0437048510628336,0.0372798876530094,0.01940223995248,0.0044196437179907,0.00519310915626358,0.0085159574024612,0.0657604454306563,0.00464972535019618,0.00257148675539673,0.0115910203084881,0.0055245456779083,0.101736497661183,0.15257855460035,0.00319810203077029,0.062586598733439,2.16697511540504e-05,0.036227490131292,0.0270595979754733,0.00799586580170634
C>A,G-T,0.00969699617015743,0.00880792377527525,0.00889191460114524,0.00745938666486644,0.015272555516595,0.00625065783698515,0.00643451154782578,0.0107300490154045,0.00394242849152124,0.0188631762601513,0.0121610971430667,0.0334350524370699,0.0275571068949953,0.00498768821294306,0.0125419397050457,0.00578433522649775,0.0214569012401247,0.0295517201522555,0.0407087987124532,0.00995617799982722,0.00323787751502902,0.00441862439238428,0.00403423273218304,0.0102309311838458,0.0816764993639022,0.0204049595196241,2.94710198901624e-05,2.18409050904261e-05,0.00869664201055321,0.0251471222989394,0.0370393973098439
C>A,T-A,0.0148248706511613,0.00945987194271525,0.00761624122724391,0.0162426265054971,0.0100420428420079,0.00122772973234058,0.00491657945909218,0.00608969823057001,0.0157479059950169,0.0138656214990124,0.0139085161517235,0.0270758144621879,0.010709047644055,0.00555080652782598,0.00340786434503585,0.00470747811889516,0.00989869788303217,0.0141954754020757,0.0347151493244471,0.00706924755434928,0.00163419971738242,0.00144374421873872,0.00543797628330882,0.0075601214196311,0.00385234319056088,0.0279720418073589,0.062336937075098,1.17524260032586e-05,0.0230340400228391,0.00983512768333956,0.00750829897597026
C>A,T-C,0.0112071955098538,0.00695693694021333,0.00403980608576266,0.00704041955880693,0.00904691047364863,0.00124515903059071,0.00556073842859365,0.00734899855704653,0.0106417497424097,0.00638854786648929,0.00830970554964211,0.0259927784840172,0.0274842864375857,0.00226189966835497,0.004187923645409,0.00458220560086092,0.00259450681928505,0.0084354955578921,0.0216944275269005,0.0035931843910621,0.00172679386051503,0.0222038037644887,0.0233190743923939,0.00106381876476546,0.0104315615016606,0.00756369740650881,0.0311067199777161,2.66911168346704e-05,0.00661276728562105,0.0115108656446175,0.00689230863398818
C>A,T-G,0.0121053432515696,0.00636649872248089,0.00559194974526715,0.00942989888159582,0.0101169308613665,0.00232581242224447,0.00879978980436371,0.0093376823001083,0.00970531836212494,0.00468781705243847,0.00732499641963415,0.0433134961427047,0.0289325979661484,0.00541221563564249,0.00818685539200924,0.00379172015205581,0.0100458904991578,0.00564841276537115,0.030312323337642,0.00881706949413923,0.0192860689559772,0.0391710246426908,0.0350856949947339,0.0148421103383098,0.090951952583851,0.0021222389723417,2.42057502596794e-05,0.1199005244924,0.206562262219052,0.0146386609302182,0.0425122080216901
C>A,T-T,0.0122095577677854,0.0064284809096304,0.00910441257955032,0.0105272612939279,0.0150137261224369,0.00570838925360289,0.00763780844901364,0.00691338781275251,0.0085910186782834,0.0447046660172392,0.0100814879159748,0.0414230957732845,0.0120806440565691,0.0523854396355008,0.0046670160059055,0.00713067159749223,0.035012941332639,0.0563463970297313,0.0187946202394984,0.0685332907576189,0.0503456171045158,0.0414775503016874,0.00317646545717911,0.0020484345315776,0.00609881692003462,0.00360377389663347,2.51885607705291e-05,2.42769043557131e-05,0.0141079415824998,0.0594584026916168,0.0249871199176996
C>T,A-A,0.0226191615324811,0.0327870046085838,0.0109572101641097,0.00983375443286811,0.027081139001802,0.00418186182528784,0.0223340558795956,0.0110360753538507,0.00483562397291147,0.0225425613633858,0.0228821586664158,0.0129313604151011,0.00131110977704302,0.0702421730048056,0.00234227759395022,0.0139059842224502,0.0244368951308885,0.0264320289472928,0.0135470312324144,0.367688587948298,0.0431234977899105,0.0468013094538115,0.0174199670827218,0.00203049598157408,0.00603558075688773,0.00157848648564998,3.09193208287328e-05,1.97789206746998e-05,0.0213480392432636,0.0630664401942845,0.0243875876356304
C>T,A-C,0.0199802893185269,0.0335995258365249,0.00932827161878198,0.0093517254287555,0.0228404190757677,0.00322798667182194,0.010260928351668,0.00713946860335648,0.00837536966957552,0.0150207914969742,0.0573381748572841,0.0184424808428658,0.0137979224317751,0.0167786041492903,0.0238717105347554,0.00584192870745791,0.018386414406589,0.00646602447315231,0.0114516279417412,0.0129757309919814,0.00187397835691742,0.00681567608193201,0.0411238431040401,0.00799719014183905,0.00898566281975405,0.0039775285374217,2.12781177863591e-05,1.45599707024274e-05,0.00903983204255079,0.00167674412255166,0.0082381945162355
C>T,A-G,0.0259631325388874,0.0421330858452073,0.00215161048003165,0.00305852989400417,0.0119091979621749,0.00192764292222159,0.144893197834911,0.00225379911325149,0.00228711878641736,0.00993367889014518,0.0102724188705253,0.00721156165668329,0.0052112226913622,0.00468575527569335,0.0059134767982557,0.0129608770750348,0.0067782537985623,0.0221855550237155,0.00646919513362742,0.00708298230157891,0.000899011279414074,0.00280295663500624,0.00961947447606795,0.0302160617822161,0.00854397360729906,0.00185143937501335,0.124917341117394,1.98044569854532e-05,0.00295386880692226,0.0121238795657553,0.0127157414178384
C>T,A-T,0.0202295609341621,0.0358902199121919,0.0150140430373439,0.0105036978356123,0.031700862517559,0.00795287127182327,0.0254645902622059,0.0140087322684835,0.00451425327716247,0.0228961835573404,0.0180878018085977,0.0207972791186859,0.00516329888143011,0.0171094888570279,0.00794453630859921,0.0143510619624145,0.0250310067907521,0.00907713272388004,0.0133024879056999,0.00905502310585277,0.013593464490186,0.0265367446394573,0.00323985577037461,0.00851040581805003,0.00443576844068075,0.00222672733063179,0.0311856675327108,1.63009067059324e-05,0.00471581089124526,0.00563396117546928,0.0121086798304191
C>T,C-A,0.0215825146330935,0.0283881072251388,0.00966592850442499,0.0139686198897253,0.0240169684424981,0.00223116319623288,0.0125839530643595,0.034434233549265,0.0519229968524685,0.0456948200853566,0.0194770556674337,0.0116729857024821,0.010209931752263,0.00238743866043492,0.0486610775134359,0.0164754167284063,0.0230151480794899,0.00724918076456487,0.0311545177552804,0.00461864380642594,0.0237976186070923,0.208014916937085,0.00497617031467176,0.00831776137693247,0.00221451231509646,0.00637020727562321,0.0311897379361589,1.80213974619833e-05,0.0109953899458946,0.0337119926692263,0.0150440196063738
C>T,C-C,0.0184428452487213,0.0367252361652125,0.00637162283937726,0.00810871404779191,0.0179000023478527,0.000969301811424569,0.0154800638498766,0.0208821246277034,0.0468277290506912,0.0346003118389401,0.0701061406663595,0.0325398946862726,0.0139027498803395,0.0692329625846452,0.102269566878813,0.0156035186852062,0.0142037936908974,0.0118027023373006,0.0144174105532265,0.00558899682405946,0.00375812806736705,0.0160598384941272,0.0315484074413179,0.199089664601726,0.00696511819741831,0.00309817450021415,0.0312850097191008,0.0399197861978877,0.00936335885407901,0.026112516899018,0.00703572546097994
C>T,C-G,0.0276731714525552,0.0444327528908464,0.00672377985257676,0.00844715514520856,0.0252103071271925,0.00341617022758616,0.12656331927327,0.00727906273555836,0.0293011746783409,0.0942054631179419,0.0226501705612363,0.0117547195876151,0.0209099182879299,0.000939256013239693,0.0304197618864252,0.0258177054264669,0.00727996951894734,0.0431200193677272,0.0124933987478307,0.00493479396624036,0.0160280323346138,0.0119958464225989,0.0193577794843538,0.00348613331035774,0.00172919523821681,0.00339626244412424,0.0938294821905015,0.0399727007719854,0.00931837361534804,0.011381176493918,0.00528534794531707
C>T,C-T,0.0268127542973572,0.0458177642466418,0.0270483663221632,0.0102619435476907,0.00149588482602305,0.00761968638823062,0.0190476874667208,0.000657064566255208,0.0357511975165643,0.0481729238250451,0.0124604500993459,0.00250175734026108,0.00916377474755422,0.0826920584432973,0.0971990889584956,0.0214317826975649,0.00493484052638585,0.00479468895283162,0.00497425087129716,0.00777829933913995,0.0180797455886246,0.0052954699908935,0.00991613811254032,0.00680351227030257,0.0207178598879202,0.00138224288411009,0.0311700144396066,0.0798527768233877,0.0195805359147412,0.0229925379854369,0.013583170483273
C>T,G-A,0.0209046285515429,0.034801505978555,0.010648677538708,0.00961496494640476,0.0269983604484438,0.00721184170743513,0.0108239639449073,0.0170046339760035,0.00218956510084079,0.0218787920107126,0.0424855574821733,0.0162278343706217,0.00855889251459907,0.00509839112989415,0.0124300617964946,0.00598936023132698,0.011537589003041,0.0117474221600576,0.0144306434770579,0.0140883184434318,0.00101465147403698,0.0358423986525245,0.0100787843331271,0.00846819710061086,0.00491932421151045,0.00221863832134353,2.26000612767388e-05,1.95184200540104e-05,0.0183785548209498,0.00249366937281185,0.014935976794236
C>T,G-C,0.0252407990267828,0.0526671309233844,0.0115468395142741,0.00992536464301742,0.0366781792822731,0.00424713311166087,0.0124139212630843,0.00710013123108505,0.00937590490032425,0.0346254579772032,0.136008463056071,0.0422548370473965,0.0192919595765991,0.00304313510287705,0.047385437646559,0.00374586059550642,0.00205012682137183,0.128018262732476,0.0103913236493621,0.0126546258121789,0.107760623419479,0.00241978234302001,0.0175689511732969,0.0295351443574099,0.00934209573886807,0.00462112867106187,0.0624514881990578,1.65996924615564e-05,0.0327837514433012,0.00676704440724535,0.012551046210042
C>T,G-G,0.0353737967621245,0.0594195493618019,0.00583492941589111,0.00828689548783232,0.0398473113404299,0.00585675042406751,0.152177383504751,0.00829255808015116,0.00190487366738539,0.00670789313006192,0.0273804707570041,0.0178822555917468,0.0240239316507447,0.00351268064367027,0.00900471075710146,0.37035106547805,0.00389246435723508,0.0139448730544417,0.00944860253173746,0.00737703385253281,0.00099691976654723,0.0027040368537152,0.00449972458752186,0.0253739707959361,0.00509793049536244,0.0024561692125402,0.0624522976522368,2.0784268931598e-05,0.00819492088347465,0.00742147261155214,0.00817538905177646
C>T,G-T,0.0278750840696461,0.0540882255702773,0.0182525216504659,0.0134475270385906,0.0423746225065033,0.011874430469801,0.0319522579477784,0.016595829363778,0.00454893847542934,0.0516723411657744,0.0432027570931686,0.0334221507650666,0.00602477554499843,0.00182297636348272,0.0390239275466612,0.0226216826973965,0.0224456108919083,0.102411359612072,0.0216065530678671,0.0185042539507139,0.00418529244008145,0.00633811001138021,0.0539534156124094,0.0240675847309094,0.0313240756470237,0.00528049789228341,0.0624690106074871,2.15536059375989e-05,0.0242812023468675,0.0036358995701835,0.0438581630630142
C>T,T-A,0.0242247860090151,0.0366181251686735,0.0138620627348702,0.0284983279894074,0.0289846501073069,0.00210581584185617,0.00770027075852138,0.0516016126324729,0.171177600652139,0.0413196983077229,0.0160336617276706,0.0297457250200109,0.00361300316601238,0.0147381777310566,0.0315859970239419,0.0156811635739075,0.0176443161448749,0.0114363316937693,0.0331329627714591,0.0164932504218117,0.00393550123524882,0.00224554761452051,0.00660988210468406,0.00593458116069005,0.0124252781735524,0.00969223522316408,0.0312353562591085,0.199888546191256,0.00711503894762516,0.00617003158638648,0.0825590480039855
C>T,T-C,0.0289516250697653,0.0589225723805669,0.0164019039990904,0.01675520286464,0.00345024782019805,0.00650165157196073,0.0217683477917092,0.00191101550916226,0.149507286949604,0.0259260150406838,0.0834134060391404,0.00953115909458289,0.0110134473419497,0.0538924161105288,0.0855737363383241,0.00461902938105822,0.0144668119325495,0.0438174191331027,0.00702474854826827,0.0101896500201359,0.00323311673245893,0.0179087059141217,0.0181595503524329,0.00982500559610653,0.0268529014406155,0.0150241863879337,3.04593128400573e-05,0.11998805923352,0.0243808659674507,0.00528407802844319,0.00640845317546048
C>T,T-G,0.0331142813285695,0.0536011539824177,0.0145824362223115,0.0285797029462175,0.0415216560749615,0.00849397365120088,0.133511691573023,0.0622832433754018,0.122460171761261,0.0506765052754989,0.00433015689794269,0.0627072418227487,0.00813908526952032,0.00426007440754274,0.0890162858179663,0.0540213482629023,0.0333616971078091,0.0230268498572043,0.0143135063176307,0.0099454564564931,0.00736557887850295,0.00153002284900017,0.00794305439360777,0.036926273502779,0.018367531069625,0.00198976620121738,0.155908155026843,1.84495554294149e-05,0.0232656936607011,0.0102685837281593,0.00704742786469535
C>T,T-T,0.0207969184248681,0.0415450847311151,0.00941754371663815,0.0161669473729738,0.0263954862274956,0.00216998711738977,0.0235771194590943,0.0262406730203866,0.109711825682405,0.0476081551868374,0.0089676540441467,0.0347112399029688,0.00323174852950223,0.145197416413342,0.0583220990943072,0.0352199380263847,0.00926879337504858,0.0148294912701276,0.0253997200491163,0.00699099941177506,0.0516238560561913,0.020187207952044,0.0621947508005024,0.0232240811632685,0.00938646533315642,0.0195454686788038,2.57981890114058e-05,0.0399543387430072,0.00756087733583534,0.00159517342820793,0.0281691067565672
C>G,A-A,0.00664102845901395,0.00698516161951683,0.00198755093578431,0.00116993789909764,0.00747609206888683,0.000595051535385914,0.00948467827252748,0.00121815425156618,0.00258088139033591,0.00329449293018106,0.00175968837944462,0.0035826037048629,0.00946535857485865,0.018899490151866,0.00322252323311406,0.0162829511159009,0.00479258991025372,0.00431982600414101,0.00693970434171099,0.00669559596356388,0.0322101709636154,0.0175419855047846,0.00237678834030272,0.00313676117955829,0.00178993830933007,0.000774005922503007,2.56340643357565e-05,1.8318253115138e-05,0.00378293281434937,0.00240503688329197,0.014461967154861
C>G,A-C,0.00725655966263442,0.00762444415640466,0.00315556053505508,0.00133115062866164,0.00815620674027352,0.000672915400393663,0.0043835572162177,0.00349335915134923,0.00164369612882959,0.00395552463043652,0.00322051613605834,0.00374604852920061,0.0220540186038988,0.00066994550322013,0.00655426532500164,0.00333810174133199,0.00620373509992359,0.00261307675514293,0.00730520126820902,0.00503904416064713,0.00178959043905253,0.00588367592666031,0.00427364561764103,0.00369429602741575,0.0174383792693764,0.00271197855815032,2.62452820391581e-05,1.11888617051646e-05,0.011305697976408,0.00425483094035683,0.00332790899858953
C>G,A-G,0.00683539053591229,0.00666838920307808,0.00254460836713491,0.00104761766703035,0.0072959488183249,0.000319098863854716,0.00680110643697221,0.00419660708187294,0.00377500349521573,0.00302572260771183,0.00389100819692703,0.00492643875620725,0.0234924219586873,0.00266009938097391,0.00731631021162016,0.00142296865897604,0.00784292313201358,0.00357748120286155,0.00810498939357051,0.00586860020238839,0.000930701480340946,0.00168124293692222,0.0101018580628893,0.0021061751460497,0.00191473614054577,0.00238131899050312,2.21445559464876e-05,1.85472590801259e-05,0.0103667581636671,0.00495263905896841,0.00791266656600288
C>G,A-T,0.00448703605750857,0.00348864101959599,0.00186318512371346,0.000488623074922866,0.00519514913966487,0.000781327686737191,0.00363118323589481,0.000575502956667398,0.000819775437917592,0.00196143243286109,0.00148229113750283,0.00106983923935353,0.00986263320083365,0.00052918939340615,0.000792874701264322,0.00103023849793938,0.00377064906649238,0.00291470604213718,0.00485115588899355,0.00104794238221081,0.0112847194248217,0.016535798654502,0.00220292770980429,0.000861143547265174,0.00178318765676896,0.000815711031393934,2.81229579167497e-05,1.65176153408098e-05,0.00702257708865166,0.00869147294659495,0.0038988430440876
C>G,C-A,0.00592254282547018,0.00809525152814443,0.00171287866499096,0.00126248425044588,0.00598851953053545,0.000973513908429803,0.0022116044424509,0.00315726769250567,0.00619232255680818,0.00338019885681169,0.00506308103217437,0.00709728738775532,0.0239598989489132,0.00254698339919334,0.00893008523687272,0.000569689837748809,0.00546869347429598,0.00185973655444098,0.00470865643901842,0.00563338187167424,0.000723155692005158,0.00479538861677109,0.0247432512839091,0.00267159770071429,0.00914956471866153,0.00247103577372819,2.4691396995768e-05,0.0399168629646424,0.0146703876827136,0.00214515803190404,0.0100980568866398
C>G,C-C,0.00584840391362246,0.00700202600154137,0.00228258944717662,0.00114888421036123,0.00282759875841497,0.00037953782161711,0.00416519768485428,0.00534041083349037,0.00162907270448187,0.00231340163683063,0.00252015025688036,0.00422284349280367,0.0348684445749472,0.00122019794171438,0.0106424603090348,0.00276949444271011,0.00741855310838577,0.00127613730424328,0.00534290208809616,0.00158413630451735,0.00046262165002582,0.000776382077248292,0.0316329466403661,0.0147232858271155,0.00748634340493251,0.00191327558094635,2.57954673256932e-05,1.83719057139434e-05,0.0130544258762299,0.00502601535248016,0.019767990422273
C>G,C-G,0.00322102209710724,0.00382133203078422,0.000718335400489555,0.000396626822387358,0.000249870288675751,0.000235672622026605,0.00192771198221695,0.000486595754722101,0.000445458008340853,0.00601908549195327,0.00215749374821245,0.000206320995258734,0.0258676591773072,0.00185590681440617,0.00395188790682632,0.00049135713815957,0.00053833387427397,0.00127841784192309,0.00283907697597589,0.000894371497778309,0.000308713518800528,0.0014848414190714,0.00891190998331083,0.00984542650076089,0.00353673663934951,0.00767528299494456,2.61130387637986e-05,2.12220259216575e-05,0.00258107462730768,0.00957632608474696,0.0156490285714142
C>G,G-A,0.005467993075172,0.0069646252920355,0.00235364422730028,0.00166947028625428,0.00647687758014251,0.0012289452471558,0.00478903819085414,0.00238416064870036,0.00299505025511187,0.00322155837705537,0.00400886411868046,0.00408810814529169,0.0231339030819357,0.000969995770161087,0.00681418498127077,0.00110476591461896,0.0046959841664933,0.00359939008168994,0.00848904070840688,0.00503181093461092,0.00103079608352419,0.00250887964648203,0.0131926104029111,0.00149871486472444,0.00381958910478541,0.00175481739738746,2.38900733555045e-05,1.77827658298789e-05,0.0150455114514609,0.00496157019232931,0.0107663615574169
C>G,G-C,0.00454160477861143,0.00489893809878169,0.00232760136257503,0.00129699330949925,0.00123732385425845,0.00081513545380894,0.00136303466185709,0.000623013809667469,0.000928827431484587,0.0048297002803721,0.00216787215821906,0.000911384265854804,0.0246543104880757,0.000738169985359697,0.0029553309667059,0.00141946565941829,0.000629221512085897,0.00119817878262089,0.00474468786564957,0.000951008358866144,0.000297085345016251,0.000852059098782926,0.00537176208122892,0.00519941985757553,0.00365600260487584,0.037187261891802,3.04793385001696e-05,2.52325147476433e-05,0.00168111145100181,0.00505252957522528,0.0121542750165337
C>G,T-A,0.00384601557021734,0.00490688448918095,0.00166892086625585,0.000988526432489816,0.00434565539308813,0.000848534699418355,0.00170051101447183,0.000496361351387403,0.00488278412139939,0.00360056002321694,0.00227919346238304,0.00250733834524624,0.011492271716275,0.000762398791210242,0.00184782505152258,0.000945105238537662,0.00249525771035726,0.00159390379894036,0.00297538854585365,0.00455015094170792,0.000518813982326154,0.000599249962034464,0.00110592765232455,0.000741958517199712,0.00190732788391424,0.0010623714855297,0.0310844727647473,2.87988882079687e-05,0.00754513672323007,0.00606978591380837,0.00373894513125196
T>A,A-A,0.0422593361793922,0.00724935046277635,0.0354753569036018,0.0719222976048734,0.0233998660003981,0.0522681340015698,0.0148783923280409,0.128838053720971,0.025885040702162,0.0246279541123206,0.00935120501124158,0.00556188176759676,0.00486117522911179,0.0641986126360196,0.0116201679639172,0.0106875592239661,0.0175382948144661,0.0260488366730352,0.0151062116430256,0.118892542734525,0.0198081249686576,0.0421806220331733,0.0380615238227109,0.00725995611732414,0.019994810517323,0.0535806879177604,2.66508699597859e-05,0.0399589893099422,0.0446699555241166,0.00450795814120541,0.0152403718128126
T>A,A-C,0.0325301372363502,0.0113508524983135,0.0377941216199076,0.0365779620366545,0.0351982738786663,0.0415699118967005,0.00439297707129725,0.0446690914958679,0.00464345017720666,0.00307087003277953,0.0123189809326568,0.0172754420018611,0.028806874593584,0.011985405385384,0.0153835156378401,0.0113379611299319,0.0116844082228735,0.0113201146822184,0.0130479842151525,0.00531527110126542,0.00225435294556931,0.00539394735096436,0.051113643608019,0.0229219847295933,0.00714284939828452,0.0489338746399296,3.53479118877599e-05,1.96915948079067e-05,0.0380155673604533,0.0137650401790633,0.0450213023434255
T>A,A-G,0.036663583064905,0.0136067907390913,0.0671625086416835,0.0385927263687519,0.0496399607443552,0.119121121513468,0.00517647680612519,0.0188761689812513,0.00274647555436426,0.018196095042317,0.0265969169138617,0.0182919249489151,0.0207720820333253,0.0138581064265516,0.0141640707236057,0.00736816103100363,0.0423849907786377,0.0225085428122559,0.0207417891293464,0.0206119854184531,0.0279779247376696,0.0123810144039218,0.0115386993402776,0.0137803002695882,0.0105443525360725,0.0496180295072357,2.34771589826126e-05,1.71071872972698e-05,0.00594713002328503,0.142897738590321,0.01131227536879
T>A,A-T,0.0433241203415582,0.00851998130800212,0.291568371248722,0.0650389599894995,0.115456114609395,0.240918998511202,0.00459162807448746,0.0097985520646191,0.0197512331794117,0.0426507310462684,0.0071620519002238,0.0105534761775419,0.00268856812221872,0.0141017393845135,0.0105599834357645,0.0127282347356706,0.00779789739582245,0.043184872722742,0.0181944956433348,0.0378457335361728,0.0798209337485388,0.01854400445552,0.00297293209709496,0.00834356964678144,0.0692559660498527,0.0141397398532563,2.23662226861092e-05,1.41238296691911e-05,0.0253422339168413,0.0231858362720649,0.0305480572457497
T>A,C-A,0.0359044898978065,0.00783710738284805,0.0329964795028407,0.0563290504527333,0.0338062110136925,0.0464901754560925,0.0040150240222302,0.137905351172916,0.00362360276534694,0.0108136397865663,0.0344387303928691,0.0248073920329523,0.0227352151556241,0.0169971292922356,0.0124659092263337,0.0290318079901649,0.0459929677712386,0.0158285488158455,0.0252655624796936,0.0124989813065842,0.0949135999699976,0.133814916990609,0.0133700537275892,0.00720709869672956,0.00365713124053578,0.0216854629368754,2.28602208966222e-05,0.119894555145178,0.0116872453267119,0.0327340140102681,0.0844939136752346
T>A,C-C,0.0287243694805881,0.0163146652139824,0.00963931869779463,0.0304192827555703,0.0248151371955734,0.0406337116393207,0.00485195475871524,0.0354235983884691,0.00306487496446538,0.00712361562551335,0.0308273074918443,0.0346734808493767,0.0526275435794493,0.107152005041338,0.0163951306765074,0.0548963409596596,0.021992184097407,0.0117406303651621,0.0120589617378917,0.01797366874095,0.00498267309027402,0.0158982443236578,0.0121430085333924,0.106591744431115,0.01398003177386,0.0135218073365,2.58274067606719e-05,0.119955642337599,0.0161037438582724,0.0512921093120022,0.0287135517571268
T>A,C-G,0.0335291091234456,0.0175576239120645,0.0080140297770587,0.0306630319464552,0.0265154018959283,0.0965873205092968,0.00834553927173371,0.00697746401519487,0.00189847993206963,0.0231478466103374,0.0512704840705678,0.030296279690653,0.0378388101171419,0.00580634205099561,0.00640546346136748,0.0109786786479206,0.0311729099511028,0.0101840063850056,0.0111495665863549,0.0139500666475391,0.0611814644111345,0.0324344278018861,0.0888488002670205,0.0322742944696662,0.0129385859836921,0.028480888485453,2.13454506952557e-05,1.35547814298641e-05,0.0377038235048384,0.0342649475688833,0.00833748744906439
T>A,G-A,0.0308149360982748,0.0096339238255603,0.0322627046195076,0.0493423721050422,0.0255857170580092,0.0291799194371657,0.00137885558035325,0.0980830314942331,0.0117563294165908,0.0034016006330701,0.0104405113038211,0.00849219923354178,0.0311601017788119,0.0152294150627989,0.0103322016427447,0.0148297126457324,0.0259407052402795,0.00417652281422286,0.0157084219818888,0.00837898407514418,0.0050398657145965,0.0673876337873591,0.0163961592504461,0.0208261819213962,0.0156853141132581,0.0021661760628936,2.41270912630947e-05,1.93176935632869e-05,0.0353516790050476,0.0408395360328384,0.0123781026192829
T>A,G-C,0.0302429597414509,0.0108318251094566,0.00854504363898512,0.0286402814933612,0.0171868169780242,0.0175235733849886,0.00132371341424907,0.00257027356451546,0.00535161935087626,0.000929198524695769,0.00438022844989367,0.00770902554024328,0.0676198756815286,0.0417610905825112,0.00408171738724531,0.00327279733755114,0.325952232212103,0.00954576595890155,0.0137914716473207,0.00674012651311823,0.149845994761626,0.00294436066184514,0.0359624631273686,0.0542676101460964,0.00491784171634205,0.0461618747192945,3.16349976224747e-05,1.49863813162829e-05,0.00801321350225311,0.0120952172269364,0.0216002134854212
T>A,T-A,0.057347190150873,0.00405661705758753,0.147514037019096,0.221636609695743,0.0374520076320481,0.144828770773571,0.0239905797905717,0.0911130506134847,0.0384048596295054,0.00558943455465819,0.0079137569572334,0.0227169905794195,0.00357928897286144,0.0238192683481319,0.00642815995401453,0.0599855686467014,0.0141992409504056,0.011692713693073,0.0167415083364936,0.0114326000006996,0.0333200424478712,0.00296746898746802,0.0192490246701806,0.0193408533221853,0.0169219615104576,0.0834403590432074,2.95664304714507e-05,1.65286032977416e-05,0.00889917662572419,0.0136904250425002,0.00543841517818336
