sample,species,common_name,chr_count,genome_sum,sequence_coverage,ccs_hbq
bAccGen1,Accipiter gentilis,northern goshawk,40,1398027955,35.728611630659415,0.6175131293103586
cmLunCruc20,Lunularia cruciata,crescent-cup liverwort,9,565881122,25.886786709241026,0.7511225993056707
daBalNigr1,Ballota nigra,,11,1186790164,32.25888599882262,0.3962163329345243
daMisOron1,Misopates orontium,,8,361051339,36.19180061259931,0.5985453228333282
daPulDyse1,Pulicaria dysenterica,,9,833267864,33.57120035292757,0.49301401653819715
daScuMino1,Scutellaria minor,,14,342136752,63.276547361389575,0.5198277132984457
daSheArve1,Sherardia arvensis,field madder,11,441903746,83.95617088070577,0.7165125616425382
daSolDulc1,Solanum dulcamara,,12,946926110,30.223056802182803,0.5264803271730903
dcCheAlbu1,Chenopodium album,white goosefoot,27,1594308297,30.2156301304126,0.7471349617300974
dcPolAvic1,Polygonum aviculare,,10,352071428,76.9690942628835,0.3902988045889429
ddAraThal4,Arabidopsis thaliana,,5,138835578,94.6055805450675,0.4829110202129688
ddMerAnnu1,Mercurialis annua,,0,453168992,68.77290144335383,0.4449395029833603
dhQueRobu3,Quercus robur,common oak,12,789739484,38.20644333517963,0.4099230902155808
drAilAlti1,Ailanthus altissima,tree of heaven,31,939119843,51.17676010387526,0.4670466997145783
drBuxSemp1,Buxus sempervirens,,15,676710827,0.006129802915064044,0.4970374416842008
drChaAngu1,Chamaenerion angustifolium,,18,653867283,46.86141789418756,0.4271322960780885
drFilUlma1,Filipendula ulmaria,,7,275016937,52.019482560086836,0.4878450344677241
drGeuUrba1,Geum urbanum,,21,1304491433,28.74870592116798,0.47407024572649076
drHedHeli1,Hedera helix,,24,1199208466,40.16944852355637,0.5541188838159997
drHedHeli4,.,.,24,1199358263,9.642531546055643,0.5215898745302573
drMalDome10,Malus domestica,apple,17,648232824,33.53777954786196,0.6400736317663359
drMalDome11,Malus domestica,apple,17,652805715,45.351709324419744,0.6573233584021017
drMalDome5,Malus domestica,apple,17,646790116,28.605948907234072,0.6782278543729229
drMalDome58,Malus domestica,apple,17,642677265,40.12585390740405,0.6024238755200748
drMalSylv7,Malus sylvestris,,17,640986597,28.947496416996064,0.6555413131801335
drMedArab1,Medicago arabica,,8,515505002,49.721104391922076,0.5877658666360344
drPotAnse1,Potentilla anserina,,7,237424158,68.26734858211016,0.42504493684730055
drUrtUren1,Urtica urens,,12,340107324,54.79359958152504,0.6928242262580719
eaMarGlac1,Marthasterias glacialis,spiny starfish,22,520959849,48.228696396140116,0.5673136843177947
fBarBab1,Barbus barbus,barbel,50,1584929904,47.59155294100628,0.4502799279003876
fBarBar1,Barbatula barbatula,stone loach,25,617663352,29.84208437381922,0.6338641827657066
fPhoGun1,Pholis gunnellus,rock gunnel,24,588696950,70.36034310182853,0.505966559390024
fPlePla1,Pleuronectes platessa,European plaice,24,687405470,31.25095008918099,0.5313124885397646
fSymMel2,Symphodus melops,corkwing wrasse,23,636368453,30.765165302749537,0.6458223532874929
fTauBub2,Taurulus bubalis,long-spined sea scorpion,21,615153901,38.462410314780726,0.4581951911654967
fTraTra1,Trachurus trachurus,Atlantic horse mackerel,24,820163303,56.74302751875257,0.7225065592285836
gfAgaBisp1,Agaricus bisporus,cultivated mushroom,13,30454534,23.465095312244802,0.7277922817628313
gfFlaVelt1,Flammulina velutipes,velvet shank,12,37427120,121.27650388274598,0.8171957412179087
gfLaeSulp1,Laetiporus sulphureus,chicken of the woods,14,37410216,108.85278382247245,0.5685206791796129
gfPleOstr1,Pleurotus ostreatus,oyster mushroom,12,40627104,72.20355236248196,0.5043860385150393
grTriPseu1,Trichoderma pseudokoningii,,7,32977012,285.8080748795555,0.5925963675417358
gsMetZobe1,Metschnikowia zobellii,(a marine yeast),5,13653384,1345.1307331574355,0.6069172372733213
gzMucPiri1,Mucor piriformis,,6,34942049,88.61172880846226,0.6559600401433288
icAdaBipu1,Adalia bipunctata,2-spot ladybird,11,475288177,49.636396324665995,0.6730814845928058
icAgoFuli1,Agonum fuliginosum,,19,695910864,31.28190882790989,0.645927130525966
icAgrCyan1,Agrilus cyanescens,,10,292354128,55.74272996412078,0.7800258876682528
icAnaMacu3,Anaspis maculata,,8,757844310,30.66370300649219,0.7181729696075815
icApoCory1,Apoderus coryli,hazel leaf-roller,20,428077793,60.43515539709391,0.5985834872660191
icCanRufa1,Cantharis rufa,,7,355331611,17.10977759870624,0.8078727358053609
icCanRust1,Cantharis rustica,sailor beetle,7,445936792,45.28080780560488,0.6469850838132372
icCanRust3,.,.,7,445936792,53.0505889229252,0.6701143850269868
icCetAura1,Cetonia aurata,,11,479646749,57.53608477183695,0.6175316931309173
icCocSept1,Coccinella septempunctata,seven-spotted ladybird,10,398868586,83.50618438525014,0.5389676509236163
icCryMora2,Cryptocephalus moraei,,15,500560161,39.29239310357342,0.6558787136796795
icElmAene2,Elmis aenea,riffle beetle,9,516518598,31.987858607561698,0.7669112143825793
icHalSede1,Halyzia sedecimguttata,orange ladybird,10,911597312,55.163269031227685,0.6641463642973199
icHarAxyr1,Harmonia axyridis,harlequin,8,425544856,58.82596592120479,0.4749963609532343
icLagHirt1,Lagria hirta,,12,336783501,76.40066455333867,0.7185807123312584
icLepMacu1,Rutpela maculata,,10,2022614896,31.350697272329395,0.6509952828508747
icLocCapr1,Lochmaea capreae,willow leaf beetle,17,534692516,51.12761123067599,0.6902955564174195
icLocCrat2,Lochmaea crataegi,hawthorn leaf beetle,16,891301393,33.401063172129476,0.6236767392301295
icMalBipu1,Malachius bipustulatus,common malachite beetle,10,544256285,33.94731528364436,0.6200090734682705
icMelMelo1,Melolontha melolontha,cockchafer,10,1656884461,34.32642676102688,0.6698686961153933
icNebBrev1,Nebria brevicollis,,15,241934194,99.46234017668458,0.4885925343112736
icNebSali1,Nebria salina,,21,256643944,76.1585524106503,0.4929702017718306
icOcyOlen1,Ocypus olens,Devil's coach horse,19,1083870412,36.829180805241876,0.6820057384205945
icPhiCogn1,Philonthus cognatus,rove beetle,12,1030581117,29.04739963715054,0.6249810826047023
icPodAlpi1,Podabrus alpinus,,7,777254275,31.563295730988422,0.46846099056626955
icPolCerv1,Polydrusus cervinus,,11,713374358,38.743581184340805,0.6763742631951417
icPteMadi1,Pterostichus madidus,black clock beetle,19,705160476,35.24725460222759,0.4535928135965236
icPteNige1,Pterostichus niger,,19,674098515,3.5691820119200233,0.6826152072382684
icPyrSerr1,Pyrochroa serraticornis,red-headed cardinal beetle,10,249414446,31.651365354354816,0.7296894368415714
icRhaFulv1,Rhagonycha fulva,common red soldier beetle,7,424679337,37.49980530133492,0.5627272966395135
icSilAtra2,Phosphuga atrata,black snail beetle,18,1199998149,29.988836197779836,0.531596969964304
idAcrOrbc1,Acrocera orbiculus,top-horned hunchback,5,221032551,105.12823709843533,0.4945501065222665
idBelPand1,Bellardia pandia,bisetose emerald-bottle,6,617205902,54.35747331366251,0.5035467558366011
idBerChal2,Beris chalybata,yellow-legged black legionnaire,6,541871008,41.66279027055827,0.6224760410170826
idBibMarc1,Bibio marci,St. Mark's fly,6,340022626,52.42441510642295,0.7518821479156387
idBleFall4,Blera fallax,pine hoverfly,7,461837650,56.00304955215323,0.6617837221713727
idBomDisc1,Bombylius discolor,dotted bee fly,6,279844544,26.00262382103115,0.7458551990633642
idBomMajo1,Bombylius major,dark edged bee fly,7,304329675,66.07185249680302,0.6508523128222071
idCheImpr3,Cheilosia impressa,,6,394967364,37.65604803742721,0.6771989588674734
idChePaga1,Cheilosia pagana,parsley Cheilosia,6,354125056,51.994903916090024,0.5415242437942648
idCheVern2,Cheilosia vernalis,yarrow Cheilosia,6,441643786,68.20360131592568,0.6582834565679319
idCheVulp2,Cheilosia vulpina,large burdock Cheilosia,6,405383207,53.059538196410784,0.5643062672414124
idChrBici1,Chrysotoxum bicinctum,two-banded wasp hoverfly,5,912938338,29.461087152854347,0.6178199065491505
idCluTigr1,Clusia tigrina,,5,1216395172,28.61382808661789,0.5085693743578173
idCoePili4,Coelopa pilipes,,7,262969196,75.09156625706078,0.7152061664095631
idCorMarg1,Coremacera marginata,,6,979680483,25.735248274819412,0.6726996960437651
idCriBerb1,Criorhina berberina,dimorphic bear hoverfly,4,410472439,34.84612259923254,0.6545703618199857
idEpiGros1,Epistrophe grossulariae,broad-banded epistrophe,5,556609172,28.850705767744696,0.6001835641074064
idEpiSucc1,Epicampocera succincta,,7,398129098,48.35456537015036,0.724770546444985
idEriArbu1,Eristalis arbustorum,plane-faced dronefly,6,451042988,20.36700927273921,0.4461664805443071
idEriPert2,Eristalis pertinax,tapered dronefly,7,482092357,29.259406232403723,0.5099911626271055
idEriTena2,Eristalis tenax,the dronefly,6,487019564,38.37895104148219,0.5817476456562549
idEupLati1,Eupeodes latifasciatus,meadow field syrph,4,846356614,27.776402314497656,0.5985828277214311
idGymRotn1,Gymnosoma rotundatum,,6,780515323,31.089621574283942,0.5768179212934035
idLypDubi1,Lypha dubia,,6,645062304,25.194957231604096,0.7390759912576629
idMacAtri3,Machimus atricapillus,,6,268644068,43.0942722993608,0.6887070780199935
idMelAuri2,Meliscaeva auricollis,spotted Meliscaeva,5,385165895,35.52170723994138,0.7432141561088692
idMelMell2,Melanostoma mellinum,dumpy grass hoverfly,5,731040377,27.35969789805468,0.5910859123256522
idMyaFlor2,Myathropa florea,batman hoverfly,6,485103743,28.746045282524236,0.4150221243073872
idMyoTess1,Myopa tessellatipennis,,4,249275748,79.48633660503548,0.6745561475892
idNeoCyan1,Neoitamus cyanurus,common awl robberfly,10,365510276,60.710386738894314,0.7166648790370906
idNepScut1,Nephrocerus scutellatus,,6,613391848,40.51340326583538,0.671921814646875
idNowFero1,Nowickia ferox,,6,670715075,41.07897295435025,0.5137814075800868
idPheCory1,Pherbina coryleti,,6,862972526,24.152421249851006,0.7189535226316098
idPhyMeln1,Phyto melanocephala,,6,739756867,24.6094916399066,0.5375793060982333
idPlaAlba1,Platycheirus albimanus,white-footed hoverfly,4,677819970,49.238805171231526,0.5211498390671675
idPolAngu1,Pollenia angustigena,narrow-cheeked clusterfly,6,1370512213,29.562502004496913,0.6277202016000266
idProAzur1,Protocalliphora azurea,bird blowfly,7,874252225,39.899872782136754,0.5804278524031637
idSarCaer1,Sarcophaga caerulescens,,7,597323580,23.961974014151593,0.6240126185072696
idSarRose1,Sarcophaga rosellei,,6,541393943,49.62550853104022,0.594618395738431
idSarSubv1,Sarcophaga subvicina,,6,711151016,59.93370809864666,0.6426670871803934
idSarVari1,Sarcophaga variegata,,7,718474625,31.072422468643204,0.6252953037878136
idScaPyra1,Scaeva pyrastri,pied hoverfly,4,320047146,124.03345597088999,0.5316789951320467
idSicFerr1,Sicus ferrugineus,ferruginous bee-grabber,7,311933319,53.147530959974176,0.5014222636424963
idSphTaen1,Sphaerophoria taeniata,,5,609270636,35.69916186310348,0.44458608478679074
idStoLuna1,Stomorhina lunata,,6,728100380,38.96327645097507,0.48570434885297
idSuiVari3,Suillia variegata,,7,263984139,89.87595399813017,0.6000028652827112
idSyrPipi1,Syritta pipiens,thick-legged hoverfly,5,318522517,44.60304724077011,0.6010294884999724
idTacFera2,Tachina fera,,6,751737434,40.498018458397006,0.515639506727866
idTacLuri1,Tachina lurida,,6,899175728,24.461632865606,0.7126306742074621
idTheAcut1,Thecocarcelia acutangulata,,6,692900517,29.12969336982036,0.5037254583835836
idTheAtra2,Thecophora atra,,5,354246487,39.66072405962914,0.5966110264051805
idTheSoli1,Thelaira solivaga,,7,429359894,44.88784945060565,0.7190858505999099
idVolInan1,Volucella inanis,lesser hornet hoverfly,6,961462834,27.52116685146875,0.6239954650114173
idVolInfl1,Volucella inflata,cossus hoverfly,6,753479602,25.742371211530156,0.5772215496104781
idXanPedi1,Xanthogramma pedissequum,hoverfly,6,977171468,37.09496836639115,0.6526803401310656
idXylSylv2,Xylota sylvarum,golden-tailed hoverfly,5,534835910,32.18400772865083,0.47876264111340133
ihAcaHaem1,Acanthosoma haemorrhoidale,hawthorn shieldbug,7,865622309,49.63304969650453,0.6661744326090911
ihAelAcum1,Aelia acuminata,Bishop's mitre shieldbug,8,1170046398,30.481220931889915,0.4408060088215889
ihDrePlat2,Drepanosiphum platanoidis,common sycamore aphid,15,284524492,56.08568192083794,0.7471341321740184
ihRhaNebu1,Rhaphigaster nebulosa,,7,1155816268,0.4999220585464194,0.6642801749245465
iiAthCine2,Athripsodes cinereus,,25,716257483,34.07436133829543,0.7882485057279598
iiGlyPell1,Glyphotaelius pellucidus,,30,1037123706,38.02778500079912,0.7558261562873112
iiLimLuna2,Limnephilus lunatus,,13,1270187852,35.655605322227565,0.57726920170598
iiLimMarm1,Limnephilus marmoratus,,30,1629971709,28.592331675862233,0.5599194063211043
iiLimRhom1,Limnephilus rhombicus,,30,1578823873,26.262602587337494,0.5842352144530881
ilAbrTril1,Abrostola triplasia,dark spectacle,31,362722748,39.8799947859901,0.6978583781056541
ilAbrTrip1,Abrostola tripartita,the spectacle,31,381057457,57.52084809351992,0.3687469210601835
ilAceEphe1,Acentria ephemerella,water veneer,31,340792766,66.7782770746959,0.6835007578066029
ilAchFlav2,Achlya flavicornis,yellow horned,30,444573508,50.699431579715274,0.6856576572646329
ilAclCris2,Acleris cristana,tufted button,31,562572194,33.72124376271608,0.715752584126275
ilAclEmar1,Acleris emargana,notch-wing button,30,691448280,26.93367809664665,0.49594117161639545
ilAclLite1,Acleris literana,lichen button,30,674889359,29.818072870222867,0.6586287841003943
ilAclSpar1,Acleris sparsana,ashy button,30,589546063,39.2508063750737,0.512839977941157
ilAcrAcer1,Acronicta aceris,the sycamore,32,466384436,39.11789029769424,0.5100676132227876
ilAcrLepo1,Acronicta leporina,the miller,32,465591081,44.68278919200344,0.7167584293083527
ilAcrPsix1,Acronicta psi,,31,404700304,47.38119008924688,0.6007885789649338
ilAcrSuav1,Acrobasis suavella,thicket knot-horn,30,647282432,26.6807027121663,0.7010060797257754
ilAglIoxx1,Inachis io,European peacock,31,384172283,69.3190671071916,0.5394317099210575
ilAglUrti1,Nymphalis urticae,small tortoiseshell,32,392818832,59.34893033081469,0.48839190646738095
ilAgoAren1,Agonopterix arenella,brindled flat-body,30,545825857,43.803871118183395,0.5925291154830914
ilAgoSubp1,Agonopterix subpropinquella,ruddy flat-body,28,667905724,29.044640569662192,0.527158778104734
ilAgrAura1,Agriopis aurantiaria,scarce umber,30,485385411,74.81757378777088,0.5504256497762793
ilAgrCirc1,Agrochola circellaris,the brick,30,572162832,35.27005235635439,0.45732396854531304
ilAgrGeni1,Agriphila geniculea,elbow-stripe grass-veneer,30,545825857,1.9638905728865095,0.49470276549551634
ilAgrLota1,Agrochola lota,,31,636718237,41.95728870413994,0.6416802505478965
ilAgrMaci1,Agrochola macilenta,yellow-line quaker,32,683223563,28.770850685663486,0.527584581310116
ilAgrMarg1,Agriopis marginaria,dotted border,29,500896711,35.56346531690443,0.712468895916432
ilAgrTris1,Agriphila tristella,common grass-veneer,23,801775791,30.670601062086696,0.4993269266304082
ilAlcRepa2,Alcis repandata,mottled beauty moth,32,396373094,1.5624985660605915,0.6618871739262867
ilAllOxya1,Allophyes oxyacanthae,green-brindled crescent,31,458479537,73.66813382556701,0.5671532589678516
ilAlsAesc1,Alsophila aescularia,March moth,14,901612816,23.653716251078666,0.6608329320963345
ilAmpBerb1,Amphipyra berbera,Svensson's copper underwing,31,582329976,42.70706334890787,0.4606461808170769
ilAmpLuce6,Amphipoea lucens,,31,647718368,37.85662877943891,0.638404726835524
ilAmpOcul1,Amphipoea oculea,ear moth,31,669264192,40.123904955608324,0.6559305500967115
ilAmpTrag2,Amphipyra tragopoginis,mouse moth,31,805668602,43.09556977994284,0.5448342913823464
ilAnaInnx2,Anarsia innoxiella,acer sober,31,302928861,76.50739372766466,0.6954234378308579
ilAnoMund1,Anorthoa munda,twin-spotted quaker,27,938660760,28.45321067432285,0.6471419752550277
ilAntCard3,Anthocharis cardamines,orange tip,31,359616706,68.85345199452442,0.5213090509147138
ilAntChix2,Antitype chi,,31,632218267,25.99652267244597,0.6618526432171145
ilApaEpom1,Apamea epomidion,clouded brindle,32,624660815,44.85458420983234,0.5970728034257163
ilApaMono1,Apamea monoglypha,dark arches,31,576048342,26.010774403027447,0.48223960814863853
ilApaSord1,Apamea sordens,rustic shoulder-knot,31,614329545,39.991095805102454,0.6217763417590806
ilApeSyri1,Apeira syringaria,lilac beauty,30,544443574,50.24098756834625,0.41676962763986186
ilAplEffo1,Aplocera efformata,lesser treble-bar,32,349498550,55.4858448654508,0.49460459707809146
ilApoBetu1,Apotomis betuletana,birch marble,28,684240599,35.7542019835628,0.4591670000520267
ilApoBist1,Apomyelois bistriatella,heath knot-horn,32,389571851,69.5127422129891,0.7210725367003549
ilApoCapr1,Apotomis capreana,sallow marble,28,743232780,31.791570320673962,0.7044917966417709
ilApoCrat1,Aporia crataegi,black veined white,26,229694036,105.9691920646995,0.6070058316768782
ilApoHisp1,Apocheima hispidaria,small brindled beauty,29,419707141,33.47643673282175,0.7217146972896084
ilApoLima1,Apoda limacodes,,25,800350849,23.9442817583617,0.641739826944415
ilApoLuen1,Aporophyla lueneburgensis,northern deep-brown dart,31,978307447,35.40287146970885,0.6217281701681227
ilApoNigr3,Aporophyla nigra,,31,736890111,29.559468406273673,0.5813285320850802
ilApoTurb1,Apotomis turbidana,white-shouldered marble,28,720467098,33.864789783918766,0.6407492822944519
ilArcCraa1,Archips crataeganus,brown oak tortrix,31,626923680,35.59234591202553,0.6993518625167614
ilArcXylo1,Archips xylosteana,variegated golden tortrix,31,650610935,40.58307839999646,0.44458361119647255
ilAriAges1,Aricia agestis,brown argus,23,435280672,55.53046424951301,0.4453899241864449
ilAriAges2,Aricia agestis,brown argus,23,435280672,59.13946411110117,0.4937165668317351
ilAriArta2,Aricia artaxerxes,northern brown argus,23,458496882,28.622415170535444,0.6870233205840192
ilAutPulc1,Autographa pulchrina,beautiful golden Y,32,426240943,46.325028668116474,0.3929708453744081
ilBemIchn1,Bembecia ichneumoniformis,six-belted clearwing,31,511429143,31.17082469623754,0.48151744663580315
ilBisBetu1,Biston betularia,peppered moth,31,404525905,27.26259041432711,0.6865525835610641
ilBlaAdus2,Blastobasis adustella,dingy dowd,30,557440016,51.96961647618782,0.4411769302553125
ilBlaLact1,Blastobasis lacticolella,London dowd,30,577083784,33.77486461307324,0.6175158686240351
ilBolSele5,Boloria selene,silver meadow fritillary,31,399917640,60.49155537375145,0.4443308462393825
ilBraVimi1,Brachylomia viminalis,minor shoulder-knot,31,781437518,50.22381974626409,0.6895714654375349
ilCalPalu1,Calamotropha paludella,bulrush veneer,30,742481776,37.047116720074214,0.548199676492188
ilCamMarg1,Campaea margaritaria,light emerald,31,335226495,128.84712711625016,0.5734555376536319
ilCarClav1,Caradrina clavipalpis,pale mottled willow,31,474197171,45.381031933655294,0.5062667953736535
ilCarKade1,Caradrina kadenii,,31,426002513,37.59665389344781,0.524500777337373
ilCarPala2,Carterocephalus palaemon,Arctic skipper,31,394538208,46.677589236173546,0.6845624167518737
ilCarQuer1,Carcina quercana,long-horned flat-body,30,409517697,70.98553893996917,0.5246206296873588
ilCatFrax1,Catocala fraxini,Cliften non-pareil,31,780602067,42.85053873678764,0.6434260127336049
ilCelArgi3,Celastrina argiolus,holly blue,26,499114119,31.418920607613586,0.5079916883922181
ilCheLega1,Chesias legatella,,31,310278188,55.20225770430244,0.5980614414477421
ilChlSite2,Chloroclysta siterata,red-green carpet,20,437887824,40.32398751055476,0.6151355094461176
ilChrCulm1,Chrysoteuchia culmella,garden grass-veneer,31,645226651,46.04137285705516,0.45174212903769945
ilCloCurt1,Clostera curtula,chocolate tip,30,512681293,24.480296430476546,0.5309188807590074
ilColCroc2,Colias croceus,clouded yellow,32,324912214,70.7133042219213,0.5090871856438408
ilColFlav1,Coleophora flavipennella,tipped oak case-bearer,57,989272584,23.26211099568893,0.7119662872641614
ilConVacc3,Conistra vaccinii,the chestnut,31,720850966,38.089255767190025,0.5425037968325775
ilCosPyra2,Cosmia pyralina,,31,803276861,22.437090852539818,0.6242634818033224
ilCosTrap1,Cosmia trapezina,dun-bar pinion,32,825187588,45.60876700438204,0.5432325293454894
ilCraLigu1,Craniophora ligustri,coronet,32,437993611,22.604670233420368,0.450518601609813
ilCroElin1,Crocallis elinguaria,scalloped oak,17,430399360,56.12775041301177,0.6002006830563065
ilCyaSemi1,Cyaniris semiargus,mazarine blue,24,441519306,44.27939326621428,0.49469727928816604
ilCybMeso1,Cybosia mesomella,,31,947582557,21.095870894128332,0.7133372354062345
ilCydAmpl1,Cydia amplana,,28,504335822,61.68864729580918,0.7139529954345345
ilCydSple1,Cydia splendana,marbled piercer,28,630621894,34.79968672955716,0.4394033167691854
ilCydStro1,.,.,28,542605525,24.856752378258587,0.6644013135948902
ilCydStro3,Cydia strobilella,spruce-seed moth,28,542605525,37.46483116993694,0.6550188877103885
ilDeiPorc1,Deilephila porcellus,small elephant hawk-moth,29,402071895,100.17782441371585,0.5533460184591205
ilDiaMend1,Diaphora mendica,muslin,26,748682707,38.949357792499406,0.661368059648097
ilDiaRubi1,Diarsia rubi,small square-spot,32,624929271,33.69553431431443,0.6575595187895962
ilDicOoxx2,Dicycla oo,,31,936717301,27.155880583014874,0.6477835689885209
ilDilCaer1,Diloba caeruleocephala,figure of eight,31,762531772,31.450359505806926,0.6829853605162247
ilDreFalc1,Drepana falcataria,pebble hook-tip,31,326745212,75.84652853918483,0.6804839673905752
ilDryErem1,Dryobotodes eremita,brindled green,32,709806353,28.200959884899763,0.4817303598300521
ilDryLabe1,Dryobota labecula,oak rustic,32,766991931,31.406120791380268,0.6964481260429304
ilDryRufi1,Drymonia ruficornis,lunar marbled brown,29,369611541,51.62582765238924,0.6728200607282664
ilEclSila1,Ecliptopera silaceata,small phoenix,29,316552688,56.31412785855099,0.43284175003194164
ilEilDepe1,Eilema depressum,buff footman,30,622022279,56.95809894777097,0.4533809931983457
ilEilSoro1,Eilema sororcula,orange footman,30,729417332,45.79556769155576,0.5191961337981919
ilEleCory1,Electrophaes corylata,broken-barred carpet,30,347554160,72.6679048525847,0.6110515527552991
ilEleSimi1,Elegia similella,white-barred knot-horn,30,780464592,33.03347075097034,0.6266353793527385
ilEmmMono1,Emmelina monodactyla,common plume,30,312410734,38.85022573840244,0.44457472265899156
ilEndFlam1,Endotricha flammealis,rose-flounced tabby,32,473948993,20.01108228538846,0.629904143033254
ilEnnFusc2,Ennomos fuscantarius,dusky thorn,31,444925538,54.517695205888586,0.4753186802608487
ilEnnQuei1,Ennomos quercinarius,August thorn,31,491884275,48.67276956963099,0.4865110242489176
ilEpiBilu1,Epinotia bilunana,crescent bell,28,659043568,28.78005160350795,0.6025433378666338
ilEpiDema1,Epinotia demarniana,birch bell,28,735811797,31.112197546079845,0.658975394751425
ilEpiNise2,Epinotia nisella,grey poplar bell,28,585001234,40.71155421186684,0.5979193874139119
ilEraDefo1,Erannis defoliaria,mottled umber,29,522369616,23.363930835900685,0.6854279974059951
ilEreAeth1,.,.,20,473469105,12.45634086726736,0.5666972814986146
ilEreAeth2,Erebia aethiops,Scotch argus,20,473469105,34.35515289007083,0.7877293931573449
ilEreLige1,Erebia ligea,Arran brown,29,506634755,35.077301625309936,0.657247240361557
ilEryTage1,Erynnis tages,dingy skipper,0,329358918,29.359295168682817,0.5400742291910264
ilEspSulp1,Esperia sulphurella,sulphur tubic,30,453222902,62.417880312676694,0.6150626071509754
ilEucMixx1,Euclidia mi,Mother Shipton,31,2285329669,20.040207332992885,0.49233897569298063
ilEudLacu3,Eudonia lacustrata,little grey,30,699510583,10.666260913453542,0.44861796514256
ilEudProf1,Eudemis profundana,diamond-back marble,28,691289278,38.28847349777642,0.6691978866113429
ilEugGlar6,Eugnorisma glareosa,,30,631006646,43.65873994297043,0.6376920682740408
ilEulPrun1,Eulithis prunata,the phoenix,30,263147802,71.14657085754416,0.4985492832480577
ilEulTest2,Eulithis testata,,30,308098708,62.41331725091168,0.6973398794091415
ilEupAbbr2,Eupithecia abbreviata,brindled pug,32,383462667,40.61650439363371,0.7021497896962359
ilEupCent1,Eupithecia centaureata,lime-speck pug,32,465593408,22.601546173523143,0.7131780287539137
ilEupDodo1,Eupithecia dodoneata,oak tree pug,31,353656369,53.951640070703775,0.6947303684656255
ilEupExig1,Eupithecia exiguata,mottled pug,31,372887712,58.0547662401919,0.681211118234824
ilEupInsi1,Eupithecia insigniata,pinion-spotted pug,31,438119297,47.55433928992176,0.743714641841119
ilEupLuci1,Euplexia lucipara,small angle shades,31,661825765,27.574272497535663,0.6181352957385996
ilEupSimi1,Euproctis similis,yellow-tail,22,507648523,73.42759773379662,0.4001903498018515
ilEupTran1,Eupsilia transversa,the satellite,32,466922763,54.856012250145966,0.5915407363231069
ilEupVulg1,Eupithecia vulgata,common pug,31,454699389,45.10908807049222,0.662016235423814
ilEuzPing2,Euzophera pinguis,ash-bark knot-horn,30,464729775,36.776859130663624,0.5797559012678135
ilFabAdip1,Fabriciana adippe,high brown fritillary,29,484826487,50.658901164778975,0.4877993989588136
ilFisYpsi1,Fissipunctia ypsillon,dingy shears,31,715143095,9.76985665225503,0.6028072422000209
ilFurFurc1,Furcula furcula,sallow kitten,29,736123039,28.97484343103137,0.48587963222412844
ilGanPyra1,Gandaritis pyraliata,barred straw,31,295653368,31.39255443557132,0.7465347002381257
ilGlaAlex1,Glaucopsyche alexis,green-underside blue,23,619543730,44.136647353367614,0.5179845366500571
ilGriApri1,Griposia aprilina,merveille du jour,32,720426900,31.958067692919297,0.5198780076157059
ilGymRufi1,Gymnoscelis rufifasciata,double-striped pug,32,462009964,59.587929458594964,0.585621306896002
ilHabPyri1,Habrosyne pyritoides,buff arches,31,400568986,54.94705091821562,0.4534533487867164
ilHecDyso1,Hecatera dysodea,small ranunculus,32,640911623,46.81441235307415,0.4518829186427497
ilHedSali1,Hedya salicella,white-backed marble,25,742325546,27.143786637244464,0.3847854952116801
ilHemAest2,Hemithea aestivaria,common emerald,31,501713186,36.289742940900105,0.7618337632214739
ilHemChry1,Hemistola chrysoprasaria,small emerald,30,438253172,51.06942124539831,0.6308421041859963
ilHesComm1,Hesperia comma,common branded skipper,29,525353014,27.704189419573787,0.4518586509921953
ilHipSeme1,Hipparchia semele,rock grayling,30,403422600,59.23260663879515,0.5766150993611907
ilHofPseu3,Hofmannophila pseudospretella,brown house moth,28,406170397,59.433673111829464,0.6259283087721662
ilHydFurc1,Hydriomena furcata,July highflyer,28,423317948,43.209441691331264,0.5679109638122039
ilHydMica1,Hydraecia micacea,rosy rustic,32,562441436,29.838814845071266,0.49979859939188265
ilHylFasc1,Hylaea fasciaria,barred red,31,327936668,74.26281836528266,0.4768669893655563
ilHypCost1,Hypsopygia costalis,gold triangle,31,816870447,50.837468907722645,0.6630273097356526
ilHypProb1,Hypena proboscidalis,the snout,31,636786269,24.596775520296276,0.3270028835324857
ilIdaAver1,Idaea aversata,riband wave,30,436730885,58.4279655902971,0.5135190149593117
ilIncMasc1,Incurvaria masculella,,26,552037208,33.341396777733145,0.6546151187742046
ilLamSuff1,Lampropteryx suffumata,water carpet,31,581655136,41.300983309807826,0.6485402018002645
ilLaoPopu1,Laothoe populi,poplar hawk-moth,29,576402658,31.910678532991774,0.5601707416254095
ilLasFlex1,Laspeyria flexula,beautiful hook-tip,31,450897266,49.824135484999815,0.5447780143357864
ilLasMege1,Lasiommata megera,wall brown,30,488457974,46.15634229773061,0.5560993367472559
ilLatStri6,Lathronympha strigana,,28,620978901,47.38433951236614,0.6542253906265098
ilLepSina1,Leptidea sinapis,wood white,48,685599024,38.14890086541313,0.5464193175696077
ilLeuSali1,Leucoma salicis,white satin,30,733224434,32.62772875760439,0.6498493196650673
ilLigAdus1,Ligdia adustata,scorched carpet,31,399726061,49.29267559064657,0.6273002702827862
ilLimCami1,Limenitis camilla,white admiral,31,435112716,61.51173648531108,0.49906673769894383
ilLitOrni1,Lithophane ornitopus,grey shoulder-knot,31,508611498,60.393017894377216,0.6407173781271435
ilLitSemi2,Lithophane semibrunnea,tawny pinion,32,558004720,42.24093903004978,0.5839524819969025
ilLitSoci1,Lithophane socia,pale pinion,31,489345261,61.48199871705716,0.5968638146471272
ilLobHalt1,Lobophora halterata,the seraphim,32,314876238,74.56534212975448,0.5455848151098985
ilLomBima1,Lomographa bimaculata,white-pinioned spotted,31,554752746,49.96334088267857,0.6738067451631675
ilLupTest1,Luperina testacea,,31,601512407,26.852566884792452,0.5122122640858054
ilLycHirt1,Lycia hirtaria,brindled beauty,14,551971097,41.995205647515995,0.5999290201431413
ilLycPhla1,Lycaena phlaeas,small copper,24,420484508,57.89842556339793,0.517738030361911
ilLymMona1,Lymantria monacha,black arches,28,915668749,40.52201259191385,0.5083577603205837
ilLysBell1,Lysandra bellargus,Adonis blue,46,528933758,53.51715448836979,0.5556105120340838
ilLysCori1,Lysandra coridon,chalkhill blue,90,540734767,48.809753884384506,0.5575134324948572
ilMacNota1,Macaria notata,peacock moth,29,393787475,60.4688645239415,0.48500545873097534
ilMamBras1,Mamestra brassicae,cabbage moth,31,576184143,36.17374787421041,0.5903164739571645
ilManJurt1,Maniola jurtina,meadow brown,30,402054102,75.22572419370566,0.4890201745968339
ilManJurt4,.,.,30,402054102,68.57756246944099,0.6142607841239323
ilMarLuna1,Marasmarcha lunaedactyla,crescent plume,31,771099907,37.200921468921926,0.5491377321933139
ilMegAlbu1,Meganola albula,Kent black arches,30,405261716,44.98110186159307,0.47079945943725227
ilMelAtha1,Mellicta athalia,heath fritillary,32,609564786,31.545634235505197,0.47627640012361755
ilMelCinx1,Melitaea cinxia,Glanville fritillary,31,499413036,29.02567527091944,0.6073076602291446
ilMelGala1,.,.,25,606376002,11.528753489489183,0.4397369824303906
ilMelGala2,Melanargia galathea,marbled white,25,606376002,29.33865295183631,0.7257515113872245
ilMelPers1,Melanchra persicariae,dot moth,31,647911175,42.68281706361987,0.6370724236205678
ilMesFuru1,Mesoligia furuncula,cloaked minor,31,889627388,42.88955230658883,0.6017315265895382
ilMicArun2,Micropterix aruncella,white-barred gold,31,1079211800,18.120233700187487,0.6413266953120187
ilMilMini1,.,.,32,1057002560,9.083546227172809,0.6426022148551108
ilMilMini2,Miltochrista miniata,rosy footman,32,1057002560,34.38117070312488,0.6468717996651594
ilMimTili1,Mimas tiliae,lime hawk-moth,29,477981037,78.04132189871792,0.5742003245332084
ilMonLaev2,Monopis laevigella,skin moth,25,625481321,34.78552353604177,0.694190183801064
ilMusNiti1,Musotima nitidalis,,31,555651201,45.64896204192673,0.6726793241774245
ilMytAlbi1,Mythimna albipuncta,white-point,31,698566279,38.12991534193422,0.570758588970389
ilMytFerr1,Mythimna ferrago,the clay,32,861042006,30.73193971561011,0.4612448756313035
ilMytImpu1,Mythimna impura,smoky wainscot,32,949131760,40.15715761318534,0.4988851676938318
ilNemSwae1,Nematopogon swammerdamellus,large long-horn,31,699520461,35.340301974383564,0.6125925629230385
ilNocFimb1,Noctua fimbriata,broad-bordered yellow underwing,32,573955380,21.31726134355601,0.4609704818712281
ilNocJant1,Noctua janthe,tesser broad-boardered yellow underwing,31,532786062,50.32728777540731,0.4518216818567225
ilNocPron1,Noctua pronuba,large yellow underwing,32,529194529,47.45662189187145,0.6296873078987023
ilNotUddm1,Notocelia uddmanniana,bramble shoot,28,794123667,19.766694371797385,0.5335763900936044
ilNycReva1,Nycteola revayana,oak Nycteoline,25,621039693,34.02008751476051,0.6925328501445207
ilNymPoly1,Nymphalis polychloros,large tortoiseshell,32,398112767,37.46486431569274,0.6061593951076082
ilOchPlec1,Ochropleura plecta,flame shoulder,32,643962443,36.12522337579864,0.5112117934318582
ilOchSylv3,Ochlodes sylvanus,large skipper,30,379686201,23.01614844833405,0.6157941122818007
ilOliLatr1,Oligia latruncula,,31,564103159,49.10599714617092,0.5681180618766005
ilOmpLuno1,Omphaloscelis lunosa,lunar underwing,32,661874710,30.54207037915076,0.550791244906253
ilOpeBrum1,Operophtera brumata,winter moth,15,619179106,35.636764989611905,0.5527112669516299
ilOpiLute1,Opisthograptis luteolata,brimstone moth,32,365253957,69.4729819066683,0.5254223364903586
ilOrgAnti1,Orgyia antiqua,rusty tussock moth,14,480110421,56.56816214993175,0.6211298824924312
ilOrgAnti2,.,.,14,480110421,87.35407243951491,0.6226504648777771
ilOrtGrac1,Orthosia gracilis,powdered quaker,14,715548976,37.8896256040481,0.656498177791142
ilOrtInce1,Orthosia incerta,clouded drab,29,946262002,27.297930146623386,0.6764704177481291
ilPamAuri1,Pammene aurita,sycamore piercer,28,1041812917,24.912995044003665,0.6700726694583496
ilPamFasc1,Pammene fasciana,acorn piercer,28,564437882,38.10353988784899,0.444794213258286
ilPanCinn1,Pandemis cinnamomeana,white-faced tortrix,30,426135498,35.15476439608887,0.5523133649941067
ilPapMach1,Papilio machaon,common yellow swallowtail,31,252129366,97.5234722916013,0.4821439514937918
ilParAegt1,Pararge aegeria,speckled wood,29,516586240,42.063814936301824,0.7070404636026271
ilParStra1,Parapoynx stratiotata,ringed china-mark,30,478248748,28.068298255116392,0.47541205177686585
ilPerRhom1,Peribatodes rhomboidaria,willow beauty,31,499728750,45.24207818741667,0.625867298926292
ilPhaBuce1,Phalera bucephala,buff-tip,31,933147695,33.93621790171169,0.5135993076889313
ilPheGnom1,Pheosia gnoma,lesser swallow prominent,31,271350489,63.43417356436015,0.6367246878306696
ilPheTrem1,Pheosia tremula,swallow prominent,31,290221673,172.53597807631687,0.5163022448435292
ilPhiVetu1,Philereme vetulata,brown scallop,68,771080484,29.172883485921556,0.469331568822053
ilPhlMeti2,Phlogophora meticulosa,angle shades,31,538659867,47.25523868478585,0.5999275012293469
ilPhrFuli1,Phragmatobia fuliginosa,ruby tiger,28,629457366,36.575836793051366,0.5345174861931333
ilPieBrab1,Pieris brassicae,large white,16,292341157,90.11176586743822,0.4996602836000626
ilPieNapi1,Pieris napi,green-veined white,25,320004350,60.54325664947992,0.521493320333857
ilPieNapi4,Pieris napi,green-veined white,25,320004350,94.88523913190555,0.4702606677211994
ilPieRapa1,Pieris rapae,small white,0,256370197,56.43735671428298,0.45977920423820556
ilPleArgu1,Plebejus argus,silver-studded blue,23,382108379,23.963719730417115,0.5010573777903446
ilPluXylo3,Plutella xylostella,diamondback moth,31,323337879,81.45594324257938,0.48773917673201816
ilPolCalb1,Nymphalis c-album,comma,1,1236246,232.10254188891207,0.5645532205546481
ilPolIcar1,Polyommatus icarus,common blue,23,511758028,37.14087134554927,0.45018230517942653
ilPolLich1,Polymixis lichenea,,30,716694765,41.601138896277554,0.6754119725281291
ilProPyga1,Protodeltote pygarga,marbled white spot,31,421684553,85.23978289762016,0.6847167017263903
ilPtiCapc1,Ptilodon capucinus,coxcomb prominent,31,348711871,57.8453314771151,0.4868780966292951
ilPyrFari1,Pyralis farinalis,,27,985743151,23.615639063162003,0.695757483556361
ilPyrMalv3,Pyrgus malvae,grizzled skipper,31,724649524,71.53094870176166,0.6465847299843438
ilSatPavo1,Saturnia pavonia,emperor moth,30,489898868,53.09064173220339,0.6542003783260282
ilSchCost1,Schrankia costaestrigalis,pinion-streaked snout,31,571991991,40.370424959324296,0.5383858422556319
ilSelDent1,Selenia dentaria,early thorn,30,1030772253,26.70334484352869,0.5267032530183973
ilSesApif2,Sesia apiformis,hornet moth,31,546808751,28.073466686344236,0.4154563023621898
ilSesBemb1,Sesia bembeciformis,lunar hornet clearwing,31,477151446,27.991188307118744,0.6235048241082994
ilShaVerb1,.,.,32,422739721,10.14179406387033,0.6802871617347211
ilShaVerb5,Shargacucullia verbasci,mullein moth,32,422739721,40.69831067755282,0.6704020186427473
ilSphPina1,Sphinx pinastri,pine hawkmoth,28,509238608,49.17462764724233,0.4524374304938409
ilSpiLubr1,Spilosoma lubricipeda,white ermine,30,587362176,41.21212116491478,0.587008846618284
ilSpiLutu1,Spilarctia lutea,buff ermine,32,584787352,29.4012165177608,0.5421101115379464
ilSteBipu1,Stenoptilia bipunctidactyla,twin-spot plume,30,822897450,25.163229295460813,0.7570077638280723
ilSynAndr1,Synanthedon andrenaeformis,orange-tailed clearwing,31,348160761,99.91471610725253,0.6593695189199502
ilSynForm1,Synanthedon formicaeformis,red-tipped clearwing,31,321232668,78.93894301870942,0.6896897293178584
ilSynMyop1,Synanthedon myopaeformis,red-belted clearwing,31,295689421,73.61465761401048,0.699759785787341
ilSynTipu2,Synanthedon tipuliformis,currant clearwing,31,295831181,68.05835839191002,0.6848630986690791
ilSynVesp1,Synanthedon vespiformis,yellow-legged clearwing,31,287400900,98.00291953156723,0.49006560883368494
ilTelLucu1,Teleiodes luculella,crescent groundling,30,454474787,32.956766263911575,0.7548923779837173
ilThaMatu1,Thalpophila matura,straw underwing,31,520413395,53.98947569364543,0.7337300815020936
ilTheBrit1,Thera britannica,spruce carpet,19,379777695,54.75625404488276,0.7364467548043881
ilTheObel3,Thera obeliscata,,18,404701398,60.84149837555046,0.5953075199090936
ilThyBati1,Thyatira batis,peach blossom,31,314798901,30.43472545668131,0.637411242723344
ilThySylv1,Thymelicus sylvestris,small skipper,28,470727450,39.786124917932874,0.6371868567798685
ilTilAura1,Tiliacea aurago,barred sallow,31,798053025,30.837601794692777,0.6438144780843504
ilTinPell1,Tinea pellionella,casemaking clothes moth,30,245305114,63.2599123799759,0.757246302184277
ilTinSemi1,Tinea semifulvella,fulvous clothes moth,45,596601316,47.59409337273403,0.48123045196287934
ilTinTrin1,Tinea trinotella,bird's-nest moth,30,371738977,33.71526209101285,0.47457509496451494
ilTorAlte1,Tortricodes alternella,winter shade,22,441253704,60.5119644820024,0.6922773339681872
ilTriEmor1,Trisateles emortualis,olive crescent,31,565515330,28.492270310338007,0.6429494501743926
ilTyrJaco4,Tyria jacobaeae,cinnabar moth,31,589695457,32.319108575055544,0.6893457724635238
ilUdeOliv2,Udea olivalis,olive pearl,31,624353836,37.714589153257,0.6710663965569017
ilVanAtal1,Vanessa atalanta,red admiral,32,370436116,35.00079662588839,0.7206206811770562
ilVanCard2,Vanessa cardui,painted lady,32,424813639,25.40643800045224,0.4529719028486799
ilWatBina1,Watsonalla binaria,oak hook-tip,33,333062894,70.16162723008105,0.48499802093287037
ilXanIcte2,Xanthia icteritia,,30,664638546,48.392319531524734,0.6194480789366722
ilXanSpad1,Xanthorhoe spadicearia,red twin-spot carpet,31,276691867,63.044597982346914,0.6586122067308383
ilXesCnig1,Xestia c-nigrum,setaceous Hebrew character,31,760318956,36.70717776764203,0.5199225479261431
ilXesSexs1,Xestia sexstrigata,six-striped rustic,32,638619631,29.77195659054208,0.695038480721389
ilXesXant1,Xestia xanthographa,square-spot rustic,32,933882218,28.140394594171404,0.5399412821851398
ilXylAreo1,Xylocampa areola,,31,564568605,60.068939873126666,0.6897396687425273
ilYpoCagn1,Yponomeuta cagnagella,spindle ermine,31,575394847,39.19085365913956,0.6810433354247125
ilYpoPade1,Yponomeuta padella,European small ermine moth,31,556704872,42.60796351176894,0.7903407539033427
ilYpoPade2,Yponomeuta padella,European small ermine moth,31,556704872,28.33781154155231,0.6358596614809909
ilYpoPlub1,Yponomeuta plumbellus,black-tipped ermine,31,636643948,31.97272809070982,0.42165000397263724
ilYpoRore1,Yponomeuta rorrellus,willow ermine moth,31,568758500,25.634406290191706,0.6300893590521837
ilYpoSedl1,Yponomeuta sedellus,grey ermine,31,657583382,33.19455076649124,0.3631545795775346
ilYpsScab1,Ypsolopha scabrella,wainscot smudge,31,853595150,26.89215533148238,0.5144733512776359
ilYpsSequ2,Ypsolopha sequella,pied smudge,30,866879050,30.120512649371328,0.4227617309109333
ilZeuPyri1,Zeuzera pyrina,leopard moth,31,686903256,40.10547726243417,0.4412334412446855
ilZygFili1,Zygaena filipendulae,6-spot burnet,31,365946273,58.41101006922948,0.5970642748247457
inChrCarn1,Chrysoperla carnea,common green lacewing,6,560248701,43.99317759953182,0.6193836790469491
ioIscEleg1,Ischnura elegans,,14,1722763890,28.12313941581397,0.5711538294479999
ioPlaPenn1,Platycnemis pennipes,,13,1793356121,29.314240188215244,0.7006420611047214
ipLeuNigr2,Leuctra nigra,,13,536298261,28.8753560306622,0.7116081647744171
ipNemDubi1,Nemoura dubitans,,6,321017140,120.61205335017314,0.7106256339439005
ipNemPict2,Nemurella pictetii,,12,257052056,285.21685608303403,0.7273033459293354
ipProMont4,Protonemura montana,,11,258540979,83.05799535554478,0.6125953203061776
iyAllPice1,Alloplasta piceator,,11,549803879,43.075543513944545,0.6279086256483111
iyAmbArma1,.,.,12,215787317,19.86779220207831,0.7054968398018607
iyAmbArma2,Amblyteles armatorius,,12,215787317,62.45701192901898,0.4399019042963855
iyAncNigr1,Ancistrocerus nigricornis,early mason-wasp,6,232015134,70.54925764454659,0.5306173710370016
iyAndBuce1,Andrena bucephala,big-headed mining bee,5,379790978,50.7694323165307,0.6526900985165205
iyAndDors1,Andrena dorsata,short-fringed mining bee,3,277337111,43.4154617014093,0.5259877407446
iyAndFulv1,Andrena fulva,tawny mining bee,7,461725953,49.90289063305047,0.5933322578618303
iyAndHaem1,Andrena haemorrhoa,red-tailed mining bee,7,330687150,75.78827819284783,0.571985716252796
iyAndHatt1,Andrena hattorfiana,large scabious mining bee,7,428533965,53.498530264689755,0.43971917413203765
iyAndMinu1,Andrena minutula,common mini-mining bee,7,380462988,38.444523297493525,0.6282759866960685
iyAnoNige1,Anoplius nigerrimus,,15,623801046,29.92062548737695,0.4883062615853504
iyAthRosa1,Athalia rosae,turnip sawfly,8,171971399,97.09645979561985,0.42668519086547074
iyBomCamp1,Bombus campestris,field cuckoo-bee,25,275276780,86.39718504045274,0.6297008262281856
iyBomHort1,Bombus hortorum,garden bumblebee,18,296312814,93.02945634676468,0.5408651596689061
iyBomHypn1,Bombus hypnorum,tree bumblebee,12,297376702,38.887376806001434,0.5713006212878439
iyBomPasc1,Bombus pascuorum,common carder bee,17,307570237,34.592283820361985,0.6391398530805719
iyBomPrat1,Bombus pratorum,early bumblebee,18,285072354,75.23656324457194,0.6220679581045936
iyBomSyle1,Bombus sylvestris,forest cuckoo bee,24,302565711,80.6064638401805,0.43852757972787265
iyBomTerr1,Bombus terrestris,buff-tailed bumblebee,18,393103104,62.64382904745519,0.5961454179187553
iyBuaLabo1,Buathra laborator,,11,329931003,43.59100562004475,0.46974247986465945
iyCamRapt1,Campoletis raptor,,11,218627199,87.21585951892473,0.690104853446183
iyCerRyby1,Cerceris rybyensis,ornate tailed digger wasp,14,418093278,57.05315476035948,0.6021826723212471
iyCliInci1,Clistopyga incitator,,21,260700937,71.9229750332658,0.606246897587031
iyCoeConi1,Coelioxys conoideus,,12,417592752,39.19726953258997,0.623585982434621
iyDolMedi1,Dolichovespula media,median wasp,25,247598277,66.36786753568563,0.5282766199016232
iyDolSaxo1,Dolichovespula saxonica,Saxon wasp,26,221852803,27.83486087845372,0.6052822181367542
iyDolSylv1,Dolichovespula sylvestris,tree wasp,26,232601616,85.4696668831398,0.6067419853960602
iyEctCont1,Ectemnius continuus,,14,260364363,88.63189694282393,0.6205803317706492
iyEctLitu1,Ectemnius lituratus,,13,235186671,106.9094457653172,0.6439640832037159
iyIchXant1,Ichneumon xanthorius,,12,314990913,55.431344503579375,0.5688060035839971
iyLasLatv2,Lasioglossum lativentre,furry-claspered furrow bee,14,478951010,33.25090069859128,0.440976394753423
iyLasMori1,Lasioglossum morio,common green furrow bee,12,547214381,36.00740770005458,0.4834402963896031
iyLasPaux1,Lasioglossum pauxillum,base-banded furrow bee,9,432014419,60.196830490511935,0.515584267934597
iyMacEuro1,Macropis europaea,yellow loosestrife bee,11,546807923,27.528711750213613,0.5933678644218482
iyMimDahl1,Mimumesa dahlbomi,,18,297319611,51.55781591547959,0.5419631313261071
iyNetDila1,Netelia dilatata,,6,324758365,54.87270867372423,0.6594005566310104
iyNomFabr1,Nomada fabriciana,Fabricius' nomad bee,12,233603770,98.11534304433529,0.5885156039513822
iyNomFuca1,Nomada fucata,painted nomad bee,8,264084769,121.44344155266296,0.6075552502093832
iyNysSpin1,Nysson spinosus,large spurred digger wasp,26,314615744,67.96072961307365,0.6314176515077158
iyRhoChlo1,Rhogogaster chlorosoma,narrow-striped Rhogogaster,10,255287193,73.5850155318994,0.6969189496448621
iySelTumu1,Seladonia tumulorum,bronze furrow bee,17,404471798,59.99871110914883,0.5482965229277177
iySphMoni1,Sphecodes monilicornis,box-headed blood bee,19,496630412,37.097683184170364,0.5164317421371394
iyStePhae1,Stelis phaeoptera,plain dark bee,17,301081373,72.893053922004,0.7108661275375906
iyTenDist1,Tenthredo distinguenda,small wasp-sawfly,9,229413372,75.65155589971451,0.704935018623793
iyTenMeso1,Tenthredo mesomela,common green-Tenthredo,10,392852752,56.85606159123966,0.6729079513733532
iyTenNoth1,Tenthredo notha,,20,252841769,73.4152158380129,0.49325215074429657
iyTipFemo1,Tiphia femorata,beetle killing wasp,12,276162441,81.97104423769197,0.5362055631672829
iyVesCrab1,Vespa crabro,European hornet,25,229601916,80.7546789679229,0.5777548675551473
iyVesGerm1,Vespula germanica,German wasp,25,205789424,71.99113064721926,0.6490153107833432
iyVesVulg1,Vespula vulgaris,common wasp,25,188204803,92.74226686446467,0.660856685082753
jaDiaLine6,Diadumene lineata,orange-striped anemone,16,313006248,68.38152192092983,0.7501154844099571
jaNemVect1,Nematostella vectensis,,15,269434823,54.372341332434225,0.6408857641581518
jrHalOcto1,Haliclystus octoradiatus,spotted kaleidoscope jellyfish,9,261898343,154.52472176198535,0.6119653451642265
kaAplTurb1,Aplidium turbinatum,(a colonial sea squirt),18,605507883,64.20124040895435,0.6512442867902213
kaAscMent1,Ascidia mentula,(a solitary sea squirt),9,196975169,76.44957554523027,0.6781314032740294
lpCarDepa1,Carex depauperata,,22,704729151,36.359884025856054,0.5050872493882677
lpJunEffu1,Juncus effusus,,21,243701222,92.18750786977999,0.5367623530281249
lpLuzSylv1,Luzula sylvatica,,6,444535728,35.34657342997637,0.7344520110587504
lpPhrAust1,Phragmites australis,common reed,24,848669966,28.805096306424492,0.7241495639949814
lpSchLacu1,Schoenoplectus lacustris,,20,480669158,34.770711275800224,0.4709671232395859
mApoSyl1,Apodemus sylvaticus,wood mouse,25,2889801511,18.642956443523016,0.488436121874981
mCanLor1,Canis lupus,Greenland wolf,40,2447463909,33.23773772265256,0.4749976311920672
mCerEla1,Cervus elaphus,red deer,34,2886619877,33.004191023590046,0.4054022760558544
mMelMel3,Meles meles,European badger,23,2738694574,40.14711948635131,0.3476553075547648
mOrcOrc1,Orcinus orca,killer whale,22,2647351467,37.25583825851711,0.6277049263020819
paTetJugo1,Tetramitus jugosus,,52,26350207,127.70007856105266,0.570609204256074
qqMetBour1,Meta bourneti,,11,1382750151,26.19609072600998,0.6635052043393785
qqMetSegm1,Metellina segmentata,,11,1665125926,13.57407938287065,0.475202920566273
qxSacCarc1,Sacculina carcini,crab hacker barnacle,28,264557175,66.29173105964712,0.6193929935356576
tnLinLong1,Lineus longissimus,bootlace worm,19,391186356,63.427335423222175,0.7611011039281326
tzBugStol2,Bugulina stolonifera,an erect bryozoan,11,234982697,53.860476565217056,0.6688637022806965
tzMemMemb1,Membranipora membranacea,sea mat,11,339374674,66.30211523680167,0.4736795353656416
ucDunPrim2,Dunaliella primolecta,,16,210950326,44.713720347604486,0.49150231352300794
ucPycProv1,Pycnococcus provasolii,,44,32253916,443.9753592090957,0.4289358438048556
wcLumRube1,Lumbricus rubellus,red compost earthworm,12,575680111,37.663888040766444,0.6096807076317132
wpAliVire1,Alitta virens,,14,671169925,49.82292364038809,0.6675758284717392
wpSthLimi1,Sthenelais limicola,(a segmented worm),4,604464000,71.72061903603854,0.5962711930179334
wrPisGeom1,Piscicola geometra,,17,171095250,81.80023127468472,0.5446886691358344
xbGarTell2,Gari tellinella,(a clam),19,1597633241,34.4776829659117,0.6592455053966126
xbMimVari1,Mimachlamys varia,,19,975381475,29.99988735074141,0.5922901972782056
xbOstEdul1,Ostrea edulis,native oyster,10,894803243,89.24645548026919,0.654310874249412
xgAniVort1,Anisus vortex,whirlpool ramshorn,18,869544677,43.210763625892454,0.5485487239681374
xgPatPell1,Patella pellucida,blue-rayed limpet,9,712072003,31.684494587550862,0.573574349838891
xgPatVulg1,Patella vulgata,common limpet,9,694483704,61.55453064021788,0.6669164266446583
xgPhoLine1,Phorcus lineatus,thick top shell,18,957853961,32.71745635136545,0.5820418644475454
xgSteCine2,Steromphala cineraria,grey top shell,18,1270504078,42.925485099466165,0.5270621340520492
