SBS1	SBS2	SBS3	SBS4	SBS5	SBS6	SBS7a	SBS7b	SBS7c	SBS7d	SBS8	SBS9	SBS10a	SBS10b	SBS11	SBS12	SBS13	SBS14	SBS15	SBS16	SBS17a	SBS17b	SBS18	SBS19	SBS20	SBS21	SBS22	SBS23	SBS24	SBS25	SBS26	SBS27	SBS28	SBS29	SBS30	SBS31	SBS32	SBS33	SBS34	SBS35	SBS36	SBS37	SBS38	SBS39	SBS40	SBS41	SBS42	SBS43	SBS44	SBS45	SBS46	SBS47	SBS48	SBS49	SBS50	SBS51	SBS52	SBS53	SBS54	SBS55	SBS56	SBS57	SBS58	SBS59	SBS60	SBS84	SBS85
TOL1	0.5540622955377859	0.3057012106166982	0.5948144916503226	0.3662156134446059	0.7634932895491366	0.7645852827730969	0.46790726697862667	0.5365388173453868	0.1782484629677841	0.21950319792847117	0.37306012384116816	0.3868677466884549	0.12512539612447168	0.4060658361847756	0.5285193833241877	0.31705142460767965	0.09174284216254709	0.23888370340719753	0.6521150917255008	0.24304376210302733	0.1374743387594566	0.056864633601132905	0.37491315672210285	0.5149802682237846	0.3585717321554211	0.23293941424722506	0.17600517900569101	0.5415582879762841	0.4106271028811021	0.5779779047710313	0.32493747908542636	0.1964155740796203	0.06527948276886827	0.3643556373040174	0.6469178049078135	0.48417786578027894	0.5912497120493737	0.20916540636185774	0.15227235963296504	0.38298332063700447	0.2607120531849864	0.34063234931562836	0.16713156302837337	0.3935171038873267	0.6454518055435254	0.36107966078865583	0.5523669507439413	0.11212760116212077	0.5873203288938091	0.18666765239847796	0.4253379483236164	0.27967925953129147	0.09129396852965056	0.1350743574289637	0.3774006036617399	0.32008963168492266	0.15533300827404278	0.20815132956219257	0.265096664493398	0.11833768812156915	0.16161928234220746	0.30956755512860407	0.42515451831442364	0.09657938213566676	0.03175315247978643	0.4884650744796434	0.25653898858497254
TOL2	0.10345452225176123	0.34151402031493805	0.5952756160074985	0.3296997078225382	0.7389682460392273	0.36153132165553026	0.2877194467055994	0.24631151652693753	0.21055678617831428	0.2930265447790421	0.4853277405067015	0.39936659139728486	0.20846766501238118	0.3578474192680921	0.400141680094728	0.3792223258816334	0.12589271511680294	0.2531607544026592	0.25645529211035323	0.30320502173330166	0.08303536483159182	0.03476277335063265	0.3476968900111674	0.36719248987820335	0.29456405048797296	0.2708429813708478	0.3095980656041256	0.35956855647015945	0.3132620167500868	0.6327013870142666	0.3814736931057536	0.25554104615435286	0.03700019995718308	0.2787350961387143	0.4879116726027513	0.2900628765438936	0.6144500911742952	0.256884250364577	0.39688363998056203	0.29510176032644514	0.29147755506065354	0.33795339151169757	0.08002222781014962	0.411950140040214	0.6758156119903082	0.439983592618385	0.505639720868366	0.09922989506658847	0.6098365666052498	0.10413448874360148	0.405020151477337	0.3633348828020509	0.039157679815317585	0.03050506076920041	0.2839402402879627	0.38259391768389833	0.14860347820976255	0.10897833045350597	0.3051417020080448	0.10435739881045716	0.2524989658694153	0.2687866602339933	0.4668787721223517	0.1121764455134666	0.018677953493995467	0.5557787602907905	0.4264749839349387
TOL3	0.04207880057997648	0.32713844444700146	0.675823636265935	0.27412741484466935	0.8242693348417695	0.35540887846317004	0.37518934460195147	0.4176976765224192	0.15526591606291734	0.32907466851898365	0.3211930503960556	0.4145367601612515	0.07822122700345915	0.1624211461948916	0.6457670360839384	0.5550631702576023	0.1331169677383584	0.20088928411918824	0.2904424658365002	0.37103574364092523	0.1247690572362088	0.07138624979311735	0.21816199258841124	0.4093178733759217	0.32426315897686103	0.43950872580172584	0.16089106410681053	0.5482635355121228	0.32464442170474384	0.5370264260592228	0.5376099613901809	0.16260714961587416	0.05559444999429449	0.19997523567288591	0.6354700063189008	0.40922510821118185	0.6851514310150487	0.31748564133611223	0.09488421132771038	0.34189754202565026	0.16158371276504735	0.4934124602077696	0.08622361988975993	0.4725471742364232	0.6979293384460029	0.3417534722103075	0.6485521574397578	0.14459725239878976	0.6058702368724063	0.09737995355585455	0.560329773919637	0.2018597010427936	0.015475904570901752	0.03916882172575624	0.30690747025679543	0.28290854772644247	0.06588553879307435	0.11756257299513825	0.3411806535328581	0.10752007788808224	0.09716173142159679	0.3374192465076266	0.47151771756666694	0.07623145352509825	0.027195860229557178	0.598201543024289	0.3480905040922329
TOL4	0.038026434154212245	0.08638334239669276	0.41825390186922173	0.32210046753409954	0.3552382520325526	0.13217321854989117	0.15312911531040463	0.166507275022361	0.296542733055027	0.17812237300280795	0.5857466051413358	0.3164820023161928	0.06871828234920341	0.10971853197123782	0.18755079395864438	0.11272326769342157	0.026439395948824346	0.14181604340408532	0.12386148600819871	0.15150734344023276	0.06966150621694882	0.04628037374300162	0.20610071462274282	0.1597540698248696	0.20660914847816994	0.06627367325252684	0.5677122033654958	0.14444592363678976	0.1908750558821813	0.5935937061909702	0.09773897650114716	0.3515145484433209	0.036180578765193976	0.18876875003020419	0.18332992341189622	0.23174902961018462	0.24452796826344864	0.06550582819452315	0.8041403581623251	0.3866455466971781	0.13102961237771021	0.11698360158705771	0.10760590962687587	0.2403397014870466	0.40537398779387895	0.5181531895472227	0.2900728064260925	0.06777447190999479	0.3143048151512313	0.09955853528483406	0.1444617610702722	0.5876173808364376	0.013192116032211135	0.04427115177711251	0.2586591349524568	0.38005970424595614	0.0467881680291788	0.12049841843520061	0.07763298221058991	0.09432120425462576	0.1241039642718677	0.1545447026018006	0.24278348203203332	0.06995143135836722	0.015739121662743556	0.24626991658961495	0.563385475876877
TOL5	0.16233887856442117	0.5005126912488078	0.3086312719803899	0.20432645424848236	0.409115095768439	0.22792813506701484	0.4340390541981107	0.30420207382772557	0.11972320964794136	0.11685267851204933	0.275348073490019	0.197512169816508	0.03189425837344379	0.5552378864362082	0.16215777191816277	0.12105175764854101	0.02757654018986357	0.06518852333635489	0.14590728200631367	0.12712240987676846	0.026167826059027417	0.012903864571999	0.17797913592595022	0.2638864367729396	0.11436010152107594	0.07260971374537455	0.39792521981606016	0.21017878772138202	0.14539842274214762	0.46532129249548904	0.09388038810381674	0.6011677091920793	0.021004779600253796	0.16644922292717834	0.4347411625314144	0.269403903396319	0.24254445805205468	0.07470989225629796	0.23582487029490906	0.2534885572315101	0.10509066872143828	0.1248432231752606	0.04669104212029957	0.1908897467528462	0.3814081718460732	0.22456457381399916	0.22404693290277727	0.060117786960910705	0.17304428176382464	0.045262562034145526	0.20161619900398833	0.37734700668263227	0.031249840565566494	0.02094649085800195	0.1775117595681582	0.34501083034402863	0.055347288594222346	0.08798090490508959	0.05257228380845102	0.05966171054500288	0.04610578118273871	0.16485854030005748	0.25949254593745263	0.02888030044691125	0.02291259657093835	0.1537285532365843	0.34250152291478897
TOL6	0.046900760656368445	0.3196195535184889	0.5953242948928916	0.5561013899072128	0.6001082249773245	0.20541831064288535	0.2847304962694125	0.26972463252846635	0.21775376151414222	0.22804160693085196	0.6611678573308866	0.38782220885703883	0.22178177510276906	0.17934809988326147	0.3910185376252453	0.2540966303486011	0.08626547989716597	0.288165082712578	0.1920661018869787	0.28958367308281663	0.039219397348141595	0.032569549931420944	0.528772367534271	0.26432756175713606	0.3010846918918609	0.18451463677853874	0.39557518119750557	0.29274748421818936	0.40218484991144016	0.6056741996072643	0.21123735388559103	0.4625252219582034	0.05790624006028456	0.4737949095780146	0.41582301878926553	0.335137489618708	0.5294400549182544	0.11203244929634174	0.479189770909444	0.41431114363466864	0.41019202134399363	0.2602572616143894	0.28780736703390564	0.34603398315861417	0.7051028879983012	0.4391623833064092	0.4421544661824422	0.14184945249556535	0.40294966616382927	0.2958948017191412	0.2918475031483134	0.7094188886756241	0.08104882259005725	0.14055221463658737	0.5356118808797016	0.664357712606761	0.2624401796770375	0.2667695840023507	0.10597341838046583	0.1120507217119059	0.3054446636927623	0.27160288672714916	0.5424593449274514	0.10792173134057477	0.04645934979016188	0.348913441067769	0.5489190673862606
TOL7	0.4195167829195249	0.33010461774647376	0.47351356406801604	0.19798538050422598	0.6981499113103949	0.7726070749523685	0.47446854026173424	0.5890480460417311	0.10689505130331933	0.17373234050827993	0.16918072492469755	0.26423371126382894	0.04723894250558935	0.32553313901196684	0.671967410761592	0.24907135430650137	0.028424135379017137	0.14531140232374487	0.6326526825682219	0.1456254764972316	0.12437203884310476	0.018490662749971663	0.21518192147113555	0.623734015165326	0.3473486868513475	0.19368577476683724	0.05967683335616231	0.7144702359622451	0.3130403598172701	0.4218291339192657	0.26912365875771865	0.1374552405690686	0.02517468516456731	0.19326124349822843	0.7675554688214279	0.51329185465682	0.674528538087876	0.1748574184895665	0.050196880016085514	0.31112640159909377	0.11727176283504596	0.23624161679755706	0.08261177267004954	0.25144615895531	0.5284802317122573	0.2361538763438428	0.6454591911207908	0.07291185268347597	0.6541836323170093	0.07723418411503497	0.3869519266058258	0.15856958382402833	0.01722749308120825	0.04847015400252111	0.27301109442873267	0.22691936031871415	0.04184739651855131	0.12694686879387052	0.23987781074263329	0.07766633168164977	0.04613977581990619	0.26454113157220005	0.39748849582414486	0.03566120096765359	0.017802983762007348	0.6318083756554391	0.13839595990227865
TOL8	0.9794867855606171	0.0472734530701411	0.07983932079864442	0.04779378777908722	0.21425373109985946	0.7616853063374904	0.08335311521491709	0.10546539797323265	0.022024921643831106	0.025193563909988902	0.06449001461279313	0.07975735501087762	0.02492088613142844	0.3115013360684054	0.07113022375990505	0.02005606357210603	0.009497000765980243	0.08836418942855967	0.6343361764180206	0.03737291933201848	0.008060194279271517	0.003463700743856418	0.1391405452808436	0.08173385788616061	0.10939245876392736	0.03472292084495626	0.01887356222084612	0.09979657005335393	0.11817082473322846	0.24057542686073505	0.05745026704301935	0.04935639675327777	0.016332023883843975	0.18399160150734256	0.12272375498334763	0.09243948885242753	0.21602729195988019	0.03851636957043764	0.040818132693765045	0.04609477770046396	0.05631851723821856	0.07128117690323568	0.030901332604166647	0.11357267662593647	0.07079831987366257	0.1042949690331612	0.0636666557863276	0.018646431437155563	0.2251347652432421	0.02893624530321427	0.0615242372279576	0.04679936983010379	0.02217809264444439	0.013170629813065089	0.10119982098482198	0.09455551763522442	0.025066253145975704	0.061929891473828366	0.06613240802355659	0.04575528263995042	0.01773398470555967	0.1098591212939743	0.10983360122380963	0.018915895448202255	0.01781261774930115	0.0811068920257411	0.02758318432045995
TOL9	0.022030296508617358	0.04334933632953017	0.27355478118106313	0.20096940365769667	0.27045813462245216	0.12628908751107393	0.05392840568849313	0.06439569418461043	0.16563820725183437	0.16715222330035073	0.3892675095067881	0.22444474453071384	0.08912258551752765	0.05471345413764925	0.13702190909765408	0.08879441454789982	0.02825597968682316	0.1056718235643927	0.12832581064570708	0.1159429280520212	0.027684045919899355	0.00833176720077687	0.1809471026523052	0.12521934052257838	0.17437836087852943	0.05471730742469827	0.2779023433773092	0.14115723001787941	0.1580489770932839	0.3446153197420746	0.08255071177215768	0.22917652707489958	0.01311594818991376	0.1517065443838869	0.11031324287989694	0.11259208297194762	0.20120655268607743	0.05165001393372878	0.7117575106228277	0.17360603960301724	0.13414287686483328	0.09243472470419095	0.046067016418273266	0.1801534969565596	0.2884121149710187	0.4004675603700574	0.264590883984706	0.05510730872199914	0.29802227110645446	0.05863531213848708	0.10834473592619484	0.3427574338097299	0.01960152424203552	0.0190956953180448	0.11169515973333428	0.275140053164344	0.06625044298708492	0.06034580003710002	0.062230590553998655	0.045524563697025094	0.14425856121132702	0.10289234297094561	0.12902913504426614	0.06931489245524258	0.0092021792213939	0.26572228158264627	0.40654379845401917
TOL10	0.15788789578096266	0.2431493498281076	0.5990934810149873	0.5603223506188388	0.6258650992719779	0.3321590302458872	0.30451416334069875	0.33402593494185673	0.17983959118033946	0.24992497771326727	0.47911916572607127	0.4922686371899789	0.3111618085535869	0.3453749730312894	0.3679430903707275	0.3123645508299655	0.10984410390362684	0.4247002148042787	0.27867319547458164	0.23289997978685828	0.07491972873231532	0.08957864006791318	0.537241033186644	0.2750831404668543	0.3887271265990593	0.2687180711412791	0.17000974186170698	0.3958554358202506	0.5576333304872556	0.5169277583876487	0.28554390880759867	0.1745629229094077	0.11129229747127514	0.5262320140874001	0.41633312559023167	0.38776922758841176	0.37779995838381614	0.22522718287274252	0.0998410807912609	0.477500112020224	0.5001442298062365	0.35759268868230926	0.2376935664404289	0.3824454707240466	0.6605942599109573	0.3286116040838308	0.5485672154864516	0.1908508529660102	0.45038925732204294	0.37355569635462504	0.3606638214987814	0.20374097058533436	0.31581333355068314	0.37035000149170044	0.2617481111196682	0.28725776621406446	0.3166519877080434	0.21838547242758866	0.1858957719868444	0.18034378430868572	0.37643550325827213	0.28512021739552	0.26381683867584604	0.23332265687616444	0.09670597745765047	0.37775748223716443	0.2799715444572783
TOL11	0.07723033623557429	0.08513558419823797	0.6448651105745014	0.3876933319455609	0.6387635235419141	0.18936690206724782	0.15604894258593885	0.31269004309696785	0.21683735927700207	0.17996493527318783	0.44592532636956084	0.45513694573566144	0.08038447056758233	0.22361028422625792	0.261213634368029	0.48696360441354714	0.051412389954510376	0.16852979054016365	0.15516970360870957	0.2651657004169671	0.17183616960056972	0.10240592585334116	0.2961259294766632	0.23638128180987922	0.25822445640279335	0.3685207333627453	0.38020151142844255	0.34534207938733624	0.30593673672473304	0.6224107225304358	0.5296011079295307	0.4135354889188894	0.16328521792292106	0.2882627641939712	0.31967349741378437	0.4801024112465282	0.27053871457138773	0.41320559869467216	0.1599804843556602	0.455717380082911	0.20160977206204897	0.4144093850277488	0.11040195942943089	0.40674906388970783	0.5814992312644296	0.32599800268369233	0.3805562152271019	0.4279464857592003	0.36518015999869713	0.15063998450518362	0.5386786011990897	0.3386644961646456	0.051079356035411395	0.05046167298359623	0.26871734747265996	0.5370012587697139	0.10722684749835154	0.13537851027036538	0.4887337344169339	0.33451274910143197	0.12245584562229353	0.30348757888586897	0.31766518683303197	0.08281938981678384	0.28466183024642205	0.2543950593183914	0.3966795041695803
TOL12	0.03900364604935454	0.0957573562181431	0.4095464562359876	0.22707200112459705	0.41379341690790056	0.12483849914549026	0.11446865021149433	0.1359523399666322	0.27249418344224596	0.2548211881004284	0.4028244934851817	0.4060442913080234	0.05049529457482477	0.07085201730527402	0.16247443063681027	0.27013635127665336	0.04522597251403358	0.09922039624258278	0.10766482319567562	0.1926172804538524	0.5103633592538565	0.04308908610042247	0.204018036326781	0.1824745544868628	0.18631710396688278	0.1572368405835652	0.2541728899539798	0.1508185426377694	0.18834154506662357	0.4099718518144998	0.2707577002809222	0.1795219651316894	0.030747663617315204	0.18601446650250844	0.19315942556187102	0.22580826266343487	0.26845436348611607	0.09779220119797798	0.7142160878554422	0.20384723070579436	0.12301214534434315	0.32944314829254767	0.0666782048413615	0.26418652272940035	0.4275440613525089	0.5137135834728013	0.2415871325416468	0.09805438447085764	0.30940877895705704	0.05862118402247155	0.43313846734967976	0.5222592091984277	0.015756506638167377	0.030580300187354817	0.22313823974637972	0.30739465283608786	0.059818377774036306	0.09066409337136164	0.12052011748536441	0.0819099839026722	0.10720943156506398	0.1951695922641168	0.28505773257732797	0.07698740147461267	0.021758185481900193	0.23351018531125847	0.509434518797647
TOL13	0.6271234362274992	0.1015662756282575	0.2578548595074644	0.21213028852201304	0.4036056596973867	0.7027519590386057	0.1876193255677658	0.2283375937299414	0.07807693609739383	0.08371240644973381	0.20781022724765225	0.1946426390995412	0.0588076283170486	0.5959723301992544	0.13189924192611036	0.1305915489171601	0.037569051878286845	0.09762641827883102	0.6681409480260321	0.11504435537127121	0.04317166197799083	0.02896126895571847	0.23307441594072675	0.13682809871825988	0.18696755271749593	0.10919389339159273	0.10975597729601043	0.18682241129077293	0.28497975597436204	0.3541796530280037	0.16182723737467183	0.132131707327597	0.04840339873799445	0.2794617088970151	0.20412889694157527	0.1926121952594433	0.20619090334031068	0.08936623309299269	0.10335135681542472	0.18625814192923923	0.12209139970417768	0.16735321384850035	0.0941352115199736	0.22270026378785152	0.24866989987577745	0.21639453099250316	0.20698531332829806	0.07276419113671875	0.3217466230588528	0.11284264255559406	0.17485198968180235	0.11938438093713483	0.05677640698699097	0.12095535435639007	0.16820202390111588	0.18656894211744884	0.06591488965888626	0.1505094359760916	0.15835977295431294	0.0891581043703546	0.06739128893160905	0.15836738458184402	0.16381932427774373	0.03694375156728309	0.041374752510390043	0.1612246120360114	0.12107422028980738
TOL14	0.040610904362498416	0.15543591379392221	0.41369096644377956	0.5760453314675734	0.35221847851038585	0.13265599845706696	0.138591670665828	0.15391778178754553	0.057829190465959565	0.0889921209263079	0.5551592304825526	0.16964437875422642	0.1539867783427503	0.0854578747861105	0.15604456154804652	0.07730008770185262	0.06677199585257837	0.32716408048518636	0.1395484507495822	0.1165354016404956	0.016777053482930564	0.010214666845659139	0.6051454048957722	0.1779704497530243	0.20125128487818925	0.06297951248690965	0.09671645031440114	0.17302500055633036	0.6833802095550578	0.3080206575912844	0.05817450329772139	0.14775980090360297	0.02306573070801001	0.7449634082858926	0.23851632337414033	0.23332141995157218	0.2794360877660993	0.05105673935300809	0.057034028781344885	0.35046495362040014	0.44278608389431034	0.09412103267922592	0.1614317107001068	0.24872325397838152	0.5063702629086615	0.10525202158587516	0.29028599373442737	0.09041578370515585	0.22328890225327083	0.21839262392545256	0.15408279119960552	0.24145463998442812	0.21230365698859047	0.11901181956074741	0.5008055671149801	0.4048912843349142	0.26134018299168515	0.19158801012521257	0.06224843033479719	0.05255108920223738	0.23043118904594787	0.1368935536715088	0.2725727378650264	0.3757252425936031	0.022375114325620123	0.2080889581137763	0.10440253810221224
TOL15	0.06726402910781915	0.14943257622969053	0.6396001805883649	0.4140846516275471	0.5987721250561868	0.19965032501226146	0.3089834414493411	0.4726690271424293	0.1570785954573107	0.17298536034707057	0.429021196344189	0.33185939521756724	0.06716952913364556	0.2187252317597756	0.391833301597046	0.3447454836327341	0.06258891282896847	0.1392986742741255	0.1834452004751782	0.2148515825795448	0.13341445338938634	0.07432931508343173	0.290300053152532	0.48978431591014804	0.24021309030112314	0.25685085121719414	0.20112468209629877	0.4555878167818641	0.2945792025488315	0.4642281594265094	0.3586193503763943	0.23613499366502153	0.055261604590722165	0.28651627977044986	0.3928333601966421	0.574638373815933	0.3566294321410574	0.28385378505708253	0.1680398056010712	0.4983319983418735	0.1908988217581108	0.28712439425761055	0.22832068501674901	0.4435984731558516	0.5946496308314446	0.2680405159205584	0.41190279561999005	0.23222476604787842	0.3075892524177629	0.21517894894620415	0.42163504803103036	0.31510739282053307	0.022182429100985997	0.0992039057824007	0.47878797713377547	0.3886143405783128	0.09689914634698382	0.3875717842980976	0.3187849977923265	0.1340084839325417	0.09802101810098023	0.24779659736343496	0.35096489277947074	0.06363167694091902	0.07975475956273753	0.3506905267417703	0.2906645701815736
TOL16	0.044660565558100315	0.13076800329381819	0.4835252044226677	0.2373125131780952	0.48411635503243294	0.16458439736921832	0.2564332370736884	0.2598564610868485	0.2862856086420896	0.2505140885342243	0.3324146432548125	0.5281169457054773	0.056500707975364196	0.1305780675376335	0.2840278699976681	0.34059694561056714	0.04306494830573183	0.09933163287002278	0.1658470694039936	0.22725399253371373	0.3971720017960885	0.15335181651534693	0.20619548568200902	0.16565874921784998	0.2146030719163114	0.21125926939974604	0.29258266111465986	0.23342606086813597	0.23471244871589347	0.4559171556822158	0.325730218179085	0.2242618513563925	0.14468556244771916	0.15397643549382733	0.3069653878171922	0.2548769109829359	0.25328652662350964	0.09692101779968508	0.5135994839494449	0.2449793930840656	0.13710687963792473	0.49638229066300754	0.09743878584167222	0.30215160945246694	0.5049927232627476	0.5745946212608961	0.36583748691098783	0.23722772161456296	0.30562244999287874	0.10059134960817154	0.4660158943044824	0.5988237770992824	0.05340966730720025	0.04194336030539371	0.2927058790473153	0.26394840298859085	0.08961527509375443	0.13079814863312889	0.14407416831728995	0.1671874720897048	0.09863132870263408	0.2791945476407189	0.305156685504787	0.06497116507850641	0.07604558763884255	0.251028494443027	0.4663304303599346
TOL17	0.15294122848841576	0.7244389609097375	0.2691137730151353	0.15509780854532565	0.43941651497531947	0.20553111382281106	0.8370735465032735	0.643650950977497	0.10770150664640518	0.141099839662313	0.14731167689199268	0.15666053994432402	0.04673428632686789	0.6880279900563921	0.4787163519017695	0.10081107673938378	0.0398555830853813	0.06015333628120034	0.14674832198026364	0.10854246376933338	0.021271724902598148	0.012536743375181628	0.17461206429469192	0.3333161243857051	0.11036654382667421	0.053617009834936634	0.057147418839728854	0.2731389272913118	0.12569022771483346	0.2823581625343836	0.08466850913942224	0.1042056107513508	0.022589941096059347	0.1331187141676895	0.6195967897933635	0.282720920308571	0.34744646093811404	0.0752178049513356	0.12290021543134416	0.17502799577211708	0.11291000956809291	0.11306845644229578	0.09936750044812728	0.15686651627409004	0.4449252199315868	0.19634207704705053	0.23477938083404035	0.029219428631961593	0.11206282368763741	0.07889061769550954	0.18583365795666923	0.3102163300607971	0.00998525150487532	0.038598531217446476	0.4302408529799825	0.2007160974740321	0.046142839824876346	0.12623710619872627	0.04509789196141521	0.07289856065825563	0.044103884031400205	0.19315050904028627	0.4483084575170858	0.02335683874011194	0.012038921108233527	0.175140624114817	0.20374878224919146
TOL18	0.07801892284548488	0.22741093879733756	0.43271839759559594	0.33261425730620237	0.5322476031167221	0.5151247919924573	0.36857560351394464	0.35004361849720655	0.08138567131636815	0.1667718840925757	0.3002347150911205	0.2431638854649306	0.2324443269892147	0.3282860002048162	0.5953059088639385	0.11639823542134795	0.050173650140461504	0.39892649999434326	0.4785141894668878	0.12599297620969682	0.029866776495750147	0.023862138359211	0.3529544055606862	0.4643292243663757	0.46750642884446675	0.1449611592457077	0.07633062454164652	0.6173874896067792	0.43291771136586066	0.3559315518300382	0.12961026818266244	0.1356628339211687	0.027889740484088713	0.3233977468334439	0.4998012162359225	0.26853963405233067	0.5192738290442879	0.07446114367007167	0.04379514555328081	0.35153150342655987	0.3093177622921044	0.13591068174067875	0.18670577595364002	0.24008637718819079	0.49869050002057863	0.17295615761586203	0.847181707502001	0.06387211320083101	0.6901109768434478	0.22625652720761358	0.20410688317872827	0.1598717446565267	0.028102803684646207	0.07030380222575881	0.30283280179906025	0.17743644527531754	0.09661112439797309	0.12404665012499537	0.09790687913266381	0.0871144708341256	0.23503932366711577	0.18174031236992602	0.2962093381353981	0.16630220083813704	0.03890928081203949	0.8127329562760721	0.1291620076825125
TOL19	0.4507487902524864	0.0827303200657423	0.2495050578253373	0.20712864155159127	0.3576844716225318	0.4801241685261918	0.14335840419414908	0.2605835328627262	0.08776584170892061	0.09357329114472894	0.19674996290233132	0.16633176460863347	0.046952771785241924	0.18285781837796727	0.11913878530516721	0.09212735519395872	0.04022230641752351	0.09793173436266983	0.1906172802075453	0.09775153329099935	0.02486853163484319	0.013157072473772381	0.2502336934347742	0.22962560026428075	0.13318280282029257	0.07498150472860134	0.08010599100323257	0.20016250657314938	0.1998256661398776	0.28214084542775936	0.09784276269663651	0.11701011045364124	0.02809082637675839	0.2464993568531817	0.24103209399932018	0.23530321067459117	0.17335119824868062	0.07878436868434398	0.11397690139991552	0.17316923755844824	0.14467699868274653	0.11243518526544245	0.10782947027767112	0.19968911879253795	0.2660705123679615	0.1677644314082499	0.15929834836047277	0.06596719247203689	0.1703436537976355	0.10310694172970465	0.1683017456682118	0.17469839096512035	0.026172356927850426	0.05413978700437871	0.16311063417744892	0.2789492754978346	0.07862638750325267	0.15498386783968593	0.1496478701788737	0.05970124167270939	0.08159142669444197	0.1285309476136339	0.1852071123407001	0.05882138763940805	0.03888154137909144	0.10829662287068453	0.146226326349273
TOL20	0.057916709730823676	0.3660167866849407	0.4292682690022789	0.1720959988878955	0.5061684629766939	0.12143737101982223	0.4998730091256363	0.48738147345571864	0.22902277135073595	0.308045276012669	0.1672390037683828	0.3465443645004673	0.03956640671410459	0.25553721542962005	0.37313763319026666	0.5466664449857865	0.042448963948850726	0.07374580807491977	0.10016593919818073	0.1455879423018449	0.131126827094531	0.027960706489305494	0.1592745113614654	0.2488065436241192	0.15807216648724065	0.316789440563869	0.09207242461747443	0.2514626792516307	0.1599608603162132	0.3476232688074736	0.3812135305673688	0.12433946619437983	0.040889457855107295	0.13851288725320385	0.4332949855039192	0.3164538759757743	0.24504172775750738	0.2924159388158923	0.06463982228995892	0.20348178003046677	0.11204916337750224	0.47725028916038953	0.0596627030812736	0.23360509339764096	0.46914173915955676	0.4708649089448185	0.25489470667883246	0.11476719827697858	0.22819226818360758	0.058699292986732446	0.38405527718099425	0.25919221824823213	0.02947230350231713	0.021819029798593945	0.3632361059876996	0.24347383270910086	0.052920617449201623	0.0925511454864513	0.18333811543953565	0.08754029488682541	0.043793671078059974	0.32899456903024443	0.37460609818028057	0.05633299915223979	0.030574930391340852	0.1731432780785138	0.3059832205559302
TOL21	0.03471262846275433	0.3230372260583733	0.4800567095944804	0.21189036328931637	0.5813539178890895	0.1391554157405177	0.2329042380519796	0.2892026767399702	0.249544784242359	0.21952454168219632	0.2802630225585891	0.4308249839795164	0.2509754735111554	0.19407870578626477	0.32835643695387645	0.4349283082367101	0.11233460874453868	0.1653619951346953	0.0745188771127758	0.3780771209131558	0.5617487361038066	0.054462810287001916	0.2315016041398239	0.24634807459604274	0.16532436310429466	0.18063466162775535	0.1501088544108552	0.2098424437129363	0.17321282471732966	0.46376922413272287	0.4204619968969627	0.12603136297724446	0.04908026763492641	0.1345813240661339	0.36639138101189994	0.3333172318846861	0.3859402028734622	0.13442941779077672	0.0964470469254089	0.2168465971552989	0.24014423090589734	0.5167748931041457	0.058909736818422265	0.29166636992109624	0.5363010214015705	0.3114368346598218	0.24973955099314504	0.1248325353543368	0.3356781441193263	0.0719846023667826	0.5582498095506937	0.2850977033946738	0.01032638693667066	0.016948052229268745	0.2784034306924996	0.3107115850309681	0.07404996497395669	0.08303426740195503	0.174663552772071	0.09383768105954098	0.2344166795325113	0.4710355627133921	0.7849665484811559	0.053732030489750504	0.02185703521475058	0.20823075533911967	0.4068064855988094
TOL22	0.027298503059833314	0.03356522433063101	0.2832505378656812	0.1506721881050495	0.48886780470232405	0.0778316558959988	0.05025742946780729	0.0634225278782366	0.06024605203429018	0.0615760322793969	0.19884966214995073	0.26353877154678124	0.027330325882977922	0.06525075589033998	0.0740232792572422	0.3770058933395961	0.03269875316476734	0.1009943462196194	0.05389450312031	0.8247869941107928	0.016510558017121164	0.023257622618649183	0.09200273384214662	0.07381833663003443	0.11822529552299119	0.11418337809508926	0.19011269525562363	0.07223990170610096	0.1175667194658411	0.30502695961754756	0.4100340628821984	0.14727600427672904	0.028384822456185142	0.09496251448470487	0.11695003544936433	0.17461526910864397	0.11897844931597645	0.06412620811015111	0.1030663193437732	0.11372356728455653	0.07958278908739107	0.46660296761688447	0.04136297210135611	0.17845262151749222	0.30336569845211997	0.15705057110230464	0.15908620061524104	0.04378875682061541	0.21652218214520258	0.04966577436926398	0.1654071858319517	0.19054463793104975	0.015677465520525666	0.028849595030544024	0.09765091807165173	0.20432576296625818	0.0386567545472217	0.06361197541889237	0.11909231841261778	0.042893228403118606	0.06469057660288347	0.17488105056506434	0.44625102598099475	0.05628355012200494	0.01741314041193786	0.0911757352909485	0.3308573775092766
TOL23	0.03121457404528314	0.045170760486588336	0.23489995365883334	0.3600994264349233	0.21696107360374978	0.07745882464998587	0.058653694216945586	0.07459613923027943	0.06189743839815585	0.07618730600471556	0.25785923717385784	0.1375966977962579	0.029402361158678867	0.05278687226816782	0.08168698923003183	0.08114219760519994	0.031039050008727333	0.158395870102739	0.08799307722909942	0.07115600621459024	0.02568205420860535	0.01771899212885216	0.331002442601934	0.09458013224728708	0.10877943785046276	0.08098948109492218	0.073760333762441	0.09702774456880416	0.5433381908209592	0.1955403103139695	0.07008157779333098	0.09011614678664956	0.02647491773664765	0.45375277916593804	0.095654402437554	0.13305521332856476	0.1161450105534756	0.046272773455855606	0.098717129401819	0.18614266413695596	0.21830377911187648	0.09748796779922757	0.1592587966644215	0.19605677646693198	0.2518050589606425	0.11695472676792328	0.17195221385756163	0.05538845158657964	0.13537920715988308	0.2051099929053891	0.11744304531893346	0.11686369967914555	0.41464027515841195	0.5197332280101745	0.11532437131442042	0.13342904091625885	0.15780213038430058	0.30057967780083855	0.07412339011268468	0.04434009329802971	0.0535827684652733	0.07855816412976098	0.09903658795632084	0.33802346238292263	0.019069803571186386	0.13266385620172744	0.1167483884925933
TOL24	0.038655451282472046	0.22184231950396907	0.4924744471243691	0.3403856413867318	0.5087265047987394	0.1924228571477868	0.15065994937301255	0.20156003068695652	0.11746967741087512	0.1422914886254473	0.4101787433263321	0.3550703755325161	0.38440840038749813	0.20412553377831835	0.31109596594156635	0.24356775036516626	0.16838636277657415	0.26322169185417893	0.16083413426889576	0.2486292963715474	0.1131663937198533	0.05194727195721938	0.35482130870037504	0.2025278719765728	0.18576172745223107	0.1670687521577433	0.302287142772465	0.2267207968969431	0.2811995125250199	0.4868966595764013	0.23666189736934082	0.31339441565387777	0.039285603211847556	0.25799358558839225	0.28377253027213634	0.2438837869906854	0.3843016557664182	0.10898282750485107	0.19615976729360768	0.3271212522702416	0.3485528823565437	0.3254109186029818	0.09169445583447684	0.4086198320283984	0.5435502846828761	0.2932338883335391	0.4015233934531607	0.112983381828629	0.3474100995544449	0.12914397437706115	0.3232464540104708	0.32565022954239786	0.061347250310038355	0.07442211415101163	0.32557010210583204	0.3608942747672591	0.09532317272631842	0.10501165017079295	0.14095753966990604	0.11213835621139082	0.3551841213899487	0.2517352376890546	0.5754051832138091	0.06261944161008896	0.022154245293977155	0.2767491621769872	0.3158611255133948
TOL25	0.10062132774794691	0.06523976860824642	0.4867321605252525	0.5744810386999996	0.4082582588133493	0.1688843116078127	0.12837012272295	0.14999516791856546	0.12087327652279374	0.09623098040838331	0.5785937460635683	0.22064499068091656	0.05278177779702618	0.1172939517838962	0.14016721322780537	0.1599167679970532	0.05053190982222512	0.2915836851743981	0.14903646143842547	0.17767078824965782	0.061418339288120044	0.04419437718341592	0.46835582991712776	0.10704280300726975	0.24678968416062136	0.09102968189414731	0.19993647662483835	0.125688180944758	0.4732491332049766	0.4028576850557531	0.15089049415972483	0.17316460792012667	0.03893838075971383	0.5811403093707864	0.2101341338208175	0.2245921139684882	0.25370504371700586	0.08555692212382836	0.14323475428436325	0.3635624080949851	0.2916039578395392	0.1825319354786633	0.24577183156353496	0.33644683972094824	0.5005689354134607	0.1896661010711838	0.25858596341299817	0.11426697780712324	0.2724232016755902	0.3096675948530602	0.20566032696069642	0.25336625102127175	0.11575244414667592	0.5352860740389266	0.4498065024634082	0.4286635240093064	0.12124939784582017	0.2818576853653176	0.13387057522039514	0.07689391638628605	0.11237723060425604	0.16961054784881985	0.2679960017501479	0.29569005601797654	0.02421889253141808	0.18478601685693258	0.17299092088874396
TOL26	0.09510821940395049	0.05427110893512474	0.44206604221085954	0.22114111913527087	0.42426803200853486	0.1934805591410063	0.27180630865975647	0.7447743450729689	0.11823791682200512	0.1236552226776673	0.19286055900498814	0.20956857427564118	0.028386663730582972	0.06766493915723884	0.4747091356219709	0.11423005875356883	0.030952348749822296	0.060242654049151446	0.11725285481017293	0.10656066913716424	0.10083567774917616	0.01733784337464725	0.14457408676570738	0.6804217092654835	0.1362881242062107	0.07855891857651222	0.07986121612073192	0.7457714392671342	0.17084417781926647	0.26747937857356247	0.11544392109740378	0.10070924977419791	0.028180566947867365	0.12887567199004366	0.5947256206628831	0.8957402816331114	0.310659704654767	0.058188692644854934	0.07516541540937645	0.5283548733880287	0.09205206238416964	0.14020680115522569	0.057493449557329136	0.21460814590028832	0.40918690005537034	0.14841940701324327	0.3649200097730841	0.05014349081864427	0.13586975126752104	0.05332931153999407	0.253945137409874	0.11978739099855062	0.027695295643065217	0.030174189806241723	0.15689808370248848	0.12401642941929199	0.03718992472049751	0.09786155148599575	0.08900613838706035	0.05237143596355152	0.04106855802907757	0.1948603526243846	0.19548984465301716	0.03518337992883544	0.019908945557996393	0.2884383039164137	0.10932505390321137
TOL27	0.1421618019452093	0.1075950652897581	0.7976404901545163	0.4922014557100825	0.7334507969993626	0.3607184600803737	0.23440251276449273	0.3772040690027412	0.21357194031485263	0.3843326487300268	0.5344835438343623	0.49225438360021695	0.16467353930679607	0.260821020339719	0.33338427479943084	0.41578418790987137	0.1312845511454832	0.23521478888268318	0.31473205637047963	0.28570851404355646	0.20163888651359213	0.09710363807044847	0.4130753501315487	0.46034606264144357	0.3204195218489934	0.3083159350043172	0.2951245558149196	0.45158556760233465	0.4462312581292064	0.6780197381849362	0.41132512948190697	0.2521888850428294	0.10957814020554642	0.3997775854726952	0.42918437017995137	0.4622256865957741	0.4034153838435715	0.22649854709719122	0.17430235636320782	0.44164379056124337	0.3080166880019482	0.4598328720437783	0.16237514843894443	0.5799458291109081	0.7421374836797977	0.3690421779928879	0.5551711527116331	0.26353864666067955	0.5005829956108846	0.22354739377555516	0.5241420560004265	0.31930526036951706	0.08105126730277765	0.13921532829863806	0.36047759587116524	0.44357073427027083	0.15329822182797073	0.20252837259872064	0.2773774242935014	0.22830759920658145	0.20016769480285146	0.3082032649889574	0.37028072106840676	0.12817460696007668	0.08085999230995677	0.5322194586608203	0.3892422269342738
TOL28	0.20950955777520303	0.08951343843274177	0.4275176990888418	0.23310812838828743	0.5203682391717266	0.3322506490461068	0.1221184109024049	0.16127945786462286	0.07865019796291388	0.09842714291548225	0.2703896752968899	0.22423871375978705	0.05105934154332385	0.13953594360649188	0.15265553899407963	0.3239732083679175	0.07893404832293771	0.11082012500368557	0.30913112433822965	0.3043110634494251	0.049829406744768906	0.025770539196052877	0.1986294530075837	0.2372401034297926	0.18277571830772268	0.34243434457172045	0.14075796265171928	0.18141420784942103	0.20762472377259275	0.4369861787978524	0.4142852098754068	0.11396443092238394	0.028883719561100796	0.19897229001927427	0.2705015755511366	0.2533944185692698	0.3280785423663411	0.4549405368806395	0.09391955245304587	0.16211222546943918	0.12155822795110399	0.2862514661050782	0.0675658509916602	0.3008977340576337	0.39997929560096473	0.2034855389203523	0.21279224100433386	0.0950549844181449	0.38331132436653953	0.08289496998501428	0.3050214717275103	0.1608998395623709	0.05978503321537306	0.0649536493207433	0.21022690463183105	0.3032255405216879	0.06220223130611932	0.09473264675551685	0.3704291071115294	0.09796358376920136	0.07373955271806817	0.2073057088249956	0.42960384604400503	0.04414471848733399	0.048366457454217915	0.21282184348739555	0.18457529489232044
TOL29	0.037974770952689266	0.24534651853738018	0.5226449738656341	0.4184737792230127	0.4732005243006275	0.09851417391837866	0.1662974910923357	0.16215947481108442	0.18272861432148113	0.16082760323691314	0.5328280821200543	0.3693098170133437	0.07775083547874331	0.11322001831704134	0.16758060208122455	0.30927703940677576	0.058409512738655314	0.11456978871381475	0.10743428744873935	0.2278979575349527	0.17469339981868184	0.079994320211359	0.39173094196339203	0.16157289271944814	0.16270912129284182	0.1889704604664568	0.3423458058185645	0.11578701251455802	0.3103688222435615	0.5232972062421904	0.27144354774093077	0.39355756622141214	0.058385571656382536	0.3731950726388864	0.20984496779252335	0.23719225876161915	0.2651468045944903	0.19819944374578752	0.4247905788943796	0.26109216126533363	0.2541509417865999	0.2904866472441122	0.17947689700691033	0.342240471254959	0.5688920146327856	0.3535308060538521	0.2356739650492989	0.46792611894301256	0.23754458922375965	0.17569683441484713	0.3833774287029767	0.6791412271777731	0.08110936153104534	0.09825839632871432	0.4892189931284464	0.8822476898108994	0.17643014928339268	0.2034769866884657	0.17631162394664282	0.34341618848189864	0.14173742390859798	0.22046139054384514	0.556788845934157	0.12348859370000291	0.3069974965063	0.15714824326661403	0.541943950811917
TOL30	0.17877144886558788	0.1368917718934918	0.7450887914751384	0.4918758222275025	0.6903791426229875	0.31759578170406805	0.2303686722177374	0.3123047277454251	0.2331716885921512	0.22381625453092993	0.5612133583642511	0.46637769115548944	0.12497142077410477	0.22189119252722478	0.3405307997886716	0.3703304959713721	0.1982158966180306	0.24579658279650052	0.2789070460851449	0.28044368468952346	0.22559013005079945	0.09810419327752261	0.4083257156041515	0.3023746680039441	0.2883651664914086	0.24111225150925428	0.3457964979624616	0.32096107216515984	0.4411320989097829	0.6482894759215054	0.3535581536351009	0.292222017498934	0.0907311436297677	0.4191425047590268	0.3718314098126513	0.3894856829010449	0.43649716435463887	0.2500334890025755	0.262024257216623	0.4312073503135572	0.30525949060427143	0.410822764351032	0.17459354016232667	0.6102479019286061	0.7066901135281014	0.39728512842999664	0.44641498390794876	0.3757782064050456	0.4082708475112247	0.22385648548738088	0.471547372816887	0.43585333845141466	0.22755510789274866	0.12365732303857609	0.38336197210193285	0.5721954676311487	0.212155104239954	0.2251322894705229	0.26390177109252155	0.2922252430095429	0.1807563052017839	0.2887030121226388	0.39761403598775386	0.19420324388570975	0.2282648297028113	0.36766530698986366	0.45013508659061374
TOL31	0.23902213996381333	0.24376485197620182	0.5212281268479513	0.32338877468114696	0.6113825671059206	0.38107694904254596	0.23986764591078258	0.27689119008680807	0.15302537032458802	0.3036712883301981	0.4463099809311254	0.31448704874899874	0.06029697929628292	0.13753354130606774	0.39541524111004983	0.27617102337934696	0.057366670848972685	0.19546990674980602	0.2503674864783787	0.19621433106185798	0.09480601363543632	0.030831312139226717	0.2521721497149322	0.33540723090238095	0.2617551668328275	0.23422926820044826	0.3686704204590835	0.31677146911646276	0.27597231115241244	0.6130804487871517	0.279053485239156	0.28646822218297874	0.05245789011919845	0.24324343986320132	0.5142316572583437	0.293551343566539	0.6324150353756949	0.11282395408177122	0.2728479845349715	0.330071009206822	0.16130769409144866	0.2990509692547078	0.08178853039890113	0.34420350365137636	0.5643409655274834	0.32323930726647704	0.4601968118502126	0.13246964860123797	0.5119968877394004	0.08786420554801824	0.36966941967854977	0.2994812478592962	0.09153342550271218	0.051349162934472545	0.3391766015677617	0.3498460684536339	0.09607680166657284	0.1196505511084876	0.17354008322028777	0.15058063382732462	0.09802149767685198	0.2810137845836344	0.48030585748938737	0.0698203134429772	0.0688525431630808	0.4032568111589308	0.3308165746111008
TOL32	0.07360505938298122	0.07322984792749228	0.6251570763385256	0.3341281837715238	0.7580277481291833	0.17250303472795625	0.12846768707354367	0.18513798102156787	0.24516537935913962	0.4309983732913681	0.44252284124469027	0.5792962011360863	0.10036691729334012	0.13568271130371728	0.22126104393508242	0.6623936346509929	0.1000923639058614	0.2529609084441223	0.15778641175184996	0.66932707786987	0.11151146968541117	0.08834167652285069	0.26134443571510013	0.18235635379951198	0.2719692200675722	0.45947142390466716	0.3746401320964018	0.2081430045815925	0.2919983559830283	0.6118475358306941	0.6113393111006024	0.2885745073925793	0.11421981606691821	0.24311328146436365	0.22132199836080516	0.30281117269272195	0.27344713155630423	0.20294006065927014	0.3457075637496044	0.295893771633334	0.2200900911225401	0.6442580632599448	0.13229683008338242	0.4346378853401475	0.613007550566873	0.5407400663124571	0.3713371628473473	0.10981575820272395	0.39213742106616095	0.15750319553757877	0.44472677961830837	0.44800101741187087	0.05027048976007677	0.06575269097053511	0.170028166165507	0.37571305530273413	0.11784785644989998	0.15127672204938425	0.3312894272382494	0.1416162083412486	0.16413262294200173	0.2867514674520191	0.40199241477980224	0.13553019174679865	0.0403037438916427	0.22884685102118613	0.6334779644506886
TOL33	0.13375245589863607	0.36661019700291786	0.6506254739114906	0.46858336132799777	0.6334613286813282	0.28638891987863324	0.46494760181708866	0.43499344870511936	0.1934850761954564	0.19340351507737574	0.48178940925013103	0.4418310507402869	0.12086136750165372	0.1607568101393692	0.39731795097867684	0.2766871343049635	0.12527326471215533	0.30119357666253704	0.28021654946740404	0.21621459604351406	0.21323336055120282	0.058937797900341836	0.43300442299697905	0.30937729028977845	0.3010128264268542	0.25135985362659996	0.23824853960419778	0.39636196692878667	0.5152183428911827	0.5409773169420589	0.2721103966969878	0.2427513554917207	0.11152635833390871	0.46494913769639945	0.5363590776029599	0.4706189671789846	0.3672437071157078	0.19430288441211482	0.23444999097317912	0.5092979108372645	0.3531427492447978	0.3446466618723131	0.2525900743661367	0.48218118047437203	0.7034307741519822	0.3447259846337615	0.472983465247327	0.1800718870448032	0.37153264560244653	0.26574395386942246	0.4424969119711523	0.36385316213668467	0.06022878875756473	0.17703680677335829	0.32287201990903114	0.34156230259103004	0.21754369759994163	0.2597709229614444	0.17743324913947195	0.1757176293943972	0.20091833705310566	0.2603901565069953	0.2757954136660175	0.30109814780395	0.06665413285294185	0.3443856994178798	0.3794502589857553
TOL34	0.1732157370913609	0.14848408072839572	0.47491107010590555	0.5425829597679411	0.4030826392757432	0.20030038185435298	0.181792671617574	0.1920012342627495	0.15761471393203402	0.11859781814526295	0.5776761983999664	0.24964079822342775	0.0786481518232581	0.4354324779973717	0.12159320984090594	0.1137139503520523	0.10929417456016369	0.26440071168356494	0.190298270198204	0.14915829189348156	0.05132520536334137	0.03976201391586471	0.4902235656488391	0.13447391132393516	0.27164152873955116	0.08991185724845639	0.2509858926367395	0.1322833349781886	0.4792102781426141	0.4772816376118234	0.10544688982721832	0.15752559234250915	0.04970563920938187	0.537501738914072	0.17611398307878823	0.24386642058198002	0.23893789089257497	0.0730762605589315	0.192209827619184	0.3669621503986518	0.3563499317204542	0.17351772077019975	0.26285918835575	0.36666826984511186	0.5297281087161514	0.2243152299444062	0.21383928377609324	0.17037954244891682	0.22624271636492	0.2930017930191389	0.18274279149219383	0.3226057717302583	0.0828849205150078	0.16072694757439926	0.4319277563125111	0.5403479320726541	0.32439562277967987	0.2827311276666724	0.07770424911096983	0.14820561136768087	0.2149679114067821	0.18093326750759373	0.2810409218658595	0.10728924912995476	0.07378615400233245	0.17172692868971862	0.2489890865974585
TOL35	0.052123815201169044	0.04890007218712663	0.31122200155288804	0.20787470386842297	0.34186220211856827	0.09125409102174208	0.06826274358229795	0.09926830277395265	0.13134187801335898	0.08647145146377093	0.27162181371948085	0.29740515842777004	0.0307518623667385	0.08180866545829193	0.08996834999875443	0.2752250464984887	0.03995591825262182	0.08242266524596593	0.07755775632376458	0.24590938823965167	0.05966545829508446	0.043459801731764086	0.12848769713814578	0.11106841594598797	0.11408122207780623	0.14105720992852702	0.31240441166757027	0.09506607467770539	0.1498846718312881	0.3745914670653772	0.264953852175418	0.3942922444748674	0.03354292385331002	0.12659801300229892	0.10283500837708237	0.17207296013024653	0.12359001446066036	0.08538614529768783	0.31314285084232824	0.15477269017588052	0.10332237834422704	0.3034012153166283	0.06882642505533841	0.22531875970161144	0.30827296241038404	0.23610363331671377	0.20572091958860142	0.1501963582263567	0.18154511255564668	0.08333949432374878	0.1966788815160416	0.57507741851398	0.03610498769457039	0.04267106908096149	0.11761875035895042	0.5179319209058705	0.0567536211841539	0.1031862920059479	0.12940242360639187	0.07231072168102727	0.052789769867771424	0.12964664176719917	0.24486482891273603	0.06221500214910746	0.03715637209290053	0.11794711131566638	0.5874466930888124
TOL36	0.09973827831405956	0.0672382429934548	0.5459417840393235	0.352106917897286	0.5073206515925525	0.23425029944178696	0.12258897739925237	0.13932486830927787	0.08327198156213204	0.20025173911905436	0.3904860761145996	0.237240578960953	0.05523811046280357	0.1328574752686566	0.17686534216940747	0.2428145425483977	0.05296412905920897	0.14269137062164045	0.15362400973621249	0.14674389876749425	0.06332732272865303	0.03031178635491214	0.28131078687328304	0.17288802784044718	0.22274000524628387	0.2684342170116262	0.16884301573167115	0.1624064446435716	0.3159207328533575	0.46707320834011185	0.26350831939607006	0.12773788381067397	0.03316953958195518	0.3232298687873642	0.311368829764225	0.23291510812478217	0.3747126329932581	0.25127406076194325	0.12327086360551731	0.24114715766897787	0.16529590872700847	0.3332463348953582	0.1617920463731483	0.4726706319905594	0.4945624367408719	0.2076316730474994	0.2638331976107504	0.21431564036873826	0.3947092399890751	0.14498654926695193	0.29694827603458956	0.26901740631026194	0.026627625900260295	0.11301029219276428	0.38356992917837945	0.44455957454860245	0.07298412476030139	0.1852554370666613	0.2099184983784462	0.19838263040134854	0.08904502004513784	0.22299346526938005	0.4538414965248752	0.08873519215948082	0.15192681013770284	0.28244500320437865	0.2133317819497047
TOL37	0.10076091514751247	0.04212601030974424	0.5942391443713814	0.5139035804756756	0.5800403526109308	0.20276909019221487	0.11215686786026567	0.26251210120423357	0.1912633626383554	0.14031698251591931	0.6118566595388978	0.4264939009995383	0.3379692163223588	0.13478623978328397	0.18092077325635023	0.2584934351736542	0.08838325145159014	0.3989370561854977	0.146459725554718	0.371140002303592	0.17039636314860168	0.06193714002316598	0.4642716701601706	0.23843209653069375	0.30723919161220636	0.12442478151707671	0.39954236775676844	0.2653117364507469	0.3925715488038717	0.6308575599173425	0.26016703399084584	0.29180633418438856	0.055595660121245276	0.4089037798751927	0.3701894607302814	0.4456612583650071	0.29807358904798614	0.10466722427803041	0.2396401791428678	0.5148807978959503	0.4224336575850909	0.3393823138893833	0.1576446777923445	0.3792777162779622	0.6003436387261429	0.28993058342746886	0.35877837228833126	0.1256406252897058	0.39816083245445416	0.2299711089092254	0.30162797561382343	0.20842340199195444	0.08047025319287837	0.10607298219101563	0.2382311267917078	0.3403522323866893	0.14806645635248739	0.16041458013835885	0.14766616441839198	0.11606772715024813	0.3715223751596197	0.2561339755543407	0.4028007075995746	0.18442746989258219	0.06601626174092753	0.23420121916334297	0.30420678300376486
TOL38	0.02324246202767645	0.14076931611225052	0.4100790368410051	0.354739272351276	0.32139545166374817	0.060383308259167164	0.15327199322781354	0.14445197127298273	0.16775633937999723	0.08943427447558722	0.3622917536638558	0.541749532043996	0.08162265856011552	0.2141652621849842	0.13065567440801934	0.07682487309038599	0.028733991616133374	0.17895116106395167	0.11583783839716842	0.14374617686121496	0.04991193612246751	0.26992440600494255	0.30082423437372385	0.10040899913266702	0.17421012261809837	0.04569376173606002	0.21623315994332862	0.07419641650769615	0.27132394258373027	0.36233950865234965	0.09467300113454524	0.17473464451133816	0.7276744042140214	0.2865708410958076	0.16103054834045802	0.18136886778700861	0.1319065483764093	0.04245783249192378	0.1737119860382155	0.3234893755481957	0.21247234155179068	0.2812170953512628	0.33246555283836043	0.28960344793384796	0.5038452411042313	0.5398514000990252	0.1876192086338487	0.1854851752211345	0.14801139259896645	0.28284225389161244	0.11575386420536228	0.3942059054414813	0.015181289519352407	0.14981125888059996	0.2937655874725244	0.26212566816981603	0.09927796329611002	0.39022726361420423	0.0468525173531023	0.21679075854551974	0.13327920668546311	0.4481268407017069	0.2986195564543947	0.1723524852346177	0.11416184293593569	0.12291961962513034	0.2751326715617432
TOL39	0.22009198568331115	0.24866909824997	0.5980661890037509	0.35931066663298356	0.574659512753087	0.3770631681100741	0.2270513111238486	0.20887038776751168	0.21297112927924677	0.20326846521504896	0.43635488855162424	0.44199425686733934	0.09226097798055806	0.1252521700270538	0.2306141153680749	0.40530864940987493	0.14164759303204746	0.22403717898154316	0.4328346725804199	0.21192882028602958	0.24642596342453968	0.06574233096131257	0.3299793497760572	0.233026926122586	0.29629328682648703	0.3078995117155795	0.20442673369642952	0.26521624034699215	0.40300596005244976	0.48123131365837896	0.3547449220421126	0.1806624502047654	0.0824547781003337	0.3504666987001902	0.2984386502888842	0.33119003462145413	0.2861273370279352	0.14807424995533272	0.22958047915443766	0.36159579914017415	0.22444159705440767	0.48052557155811876	0.15971453438591812	0.48282528794457097	0.5988817637611036	0.4268089430976537	0.3518666145418212	0.2799729124223201	0.4052372317825284	0.16815795151670426	0.5319703314897777	0.3427759487130939	0.043516826112757555	0.08343938025777849	0.415002206409568	0.3946712116016503	0.11953646073656984	0.21188051224326965	0.1875131742379821	0.1513241426882607	0.13880258968465	0.2782221303640766	0.3527125404401631	0.15372573703930484	0.05257412619902818	0.3041332355926702	0.35920961163857784
TOL40	0.0510323544405336	0.045785980621509355	0.47822132246029325	0.2609056030733144	0.4786005107566245	0.1268927523497602	0.1474980132413793	0.19111484316292324	0.22029905386815712	0.15817788471584845	0.3185067715412011	0.44564120707813754	0.27411018620121774	0.08980751238213378	0.17318944233024794	0.3767840077844928	0.056480394778858106	0.21172122456718132	0.08764483174484378	0.28010793106082005	0.6754999750734374	0.066819212371242	0.27758114085679975	0.19329237230445787	0.1693226091543774	0.1682699717597602	0.1950006776686356	0.15439350861246595	0.23412548558724183	0.4114195601628033	0.3731893694180011	0.1673280871014652	0.03962241349862448	0.18943841131505995	0.24056820737434403	0.2929249190302369	0.23753621422367258	0.0780920686650642	0.15677629499386617	0.25513782894232484	0.266769958813947	0.5066353095610209	0.08912644964465391	0.3125630098480045	0.46445337993418284	0.2961330562498129	0.24220387927402556	0.2142209760884197	0.27740186716665005	0.10980551483618392	0.5744622561321717	0.26962784529037825	0.016468096951863298	0.05390238129877892	0.2544757777923078	0.20512556480986727	0.06809239492502346	0.14540969233201148	0.15955461927185768	0.13190183293560337	0.26127849218434573	0.28247875465862177	0.4093297681418747	0.0908624648681799	0.09142877747507093	0.18356372257021136	0.28082947507553047
TOL41	0.04433859138526712	0.23125900714087802	0.4072234739234104	0.4259212096646973	0.43540332180929486	0.09164114438566198	0.24612852024035448	0.2792069642785473	0.17173770460105592	0.13231391596400796	0.4706762227812031	0.38857414731515943	0.7574224550521369	0.27971998634329587	0.2734639863832445	0.18666945369699386	0.09984887642474319	0.4203169266569748	0.09272487358642219	0.2626597983784203	0.030963003999595017	0.044524207281778694	0.5624519561735946	0.16064839765471117	0.14510144249517692	0.10042742521507189	0.2194211282227471	0.14131940860240588	0.28463521778618267	0.4573845165846056	0.17270254719752828	0.26428250584465074	0.04989456199567583	0.33773234705114796	0.24199376676085704	0.24118063458572098	0.26889044061012557	0.08582057000869016	0.22701473138316913	0.3142171401733741	0.627307765639814	0.23341250754198217	0.17171995247922905	0.2655798904086516	0.5334817357277363	0.2541924753827305	0.29833498142637677	0.07426865976165087	0.22681603000514303	0.24586224170693333	0.16337106412915345	0.4244266248638889	0.035447073982208574	0.10001215262300558	0.36010671442142184	0.37108675556168713	0.15082268655607337	0.15412412243932644	0.08308210810979244	0.09116170077704229	0.687242408381586	0.22933793713511458	0.5100591576734298	0.05666262800512667	0.0289664711030858	0.14825640400302526	0.4299173303841271
TOL42	0.03900074402154264	0.07883943789078467	0.622695080065484	0.31753857637186333	0.5643723181260422	0.1932035024100958	0.2644428424593503	0.3294347714354607	0.23216503438939037	0.29479570132259103	0.4571792388429675	0.42497803694755565	0.13421493556018063	0.08563132782422685	0.32490692657111186	0.40477656375749377	0.0360984321909621	0.23354817464920624	0.18883538542371534	0.2382382063517166	0.5638760103656716	0.07097110983627483	0.2693124383526094	0.2507238442767694	0.20260736160605128	0.3399614845870829	0.2988303203305255	0.3113764036075132	0.3043841131285389	0.5327952983606427	0.42126395976013264	0.26116091533530517	0.04684881556227144	0.2517193783945795	0.3567112764253396	0.34878031833452056	0.295274562819903	0.1955058049713159	0.1691873244946485	0.3759562869717294	0.21650143660357044	0.43395576496252153	0.08463004579258053	0.4197267168576417	0.546099182359716	0.27337713610600967	0.42710875015289684	0.14193201888709878	0.34488712972649793	0.10662165885758698	0.5534228935550141	0.2446815092774867	0.011874633142582736	0.028823476807475944	0.2676309596435386	0.2481748990633611	0.05899519482701836	0.1613176957521259	0.2213584053974279	0.0985283001041543	0.14304166493677764	0.2623607303842356	0.2536965043681605	0.24991442872108924	0.03763261035614081	0.358040584346664	0.37486671515404973
TOL43	0.07858190278016934	0.1576749238127092	0.4664262280403192	0.35903786312366454	0.39201567682337646	0.1616293095188989	0.11754135777504786	0.1313416563214631	0.11460776428621053	0.1806921023474749	0.427061503294664	0.2853539934372626	0.1767068051489664	0.15311985328487232	0.1807641029731158	0.167566858893402	0.07840203396479967	0.2428979502363034	0.15173438977609494	0.14665224366766244	0.08068635158651105	0.04661917832749385	0.34943795525149934	0.13210992022386003	0.18660374259910362	0.12273167301666013	0.25672578711622906	0.13528454560564881	0.3108817455076206	0.4392218060812267	0.14323352900595412	0.29552726788163286	0.04337798165221653	0.3314714430987509	0.17360905378415675	0.17990171426111637	0.2567335438012134	0.08446114165507103	0.24666027542006652	0.2991762921734134	0.254513540920626	0.22326178911921574	0.10280828267741375	0.4201029790448806	0.4531883101670582	0.2788460154415149	0.26816068957300415	0.4541388034023496	0.2481055473129841	0.12721429799460945	0.2150746541839304	0.4295873834331211	0.020047512991377782	0.04549356688600601	0.4457413755757119	0.5081751442705986	0.07788139247115823	0.1322594602754	0.09231489063565106	0.39576738625561947	0.19159304835868182	0.17361591764350234	0.3831709892465836	0.10591528609137685	0.36775421493639215	0.23789283230239575	0.3118226167219363
TOL44	0.09991998554560548	0.2613238780661792	0.5984906126723201	0.3711073571962726	0.6012894794037791	0.3400207712759119	0.21036016666801463	0.14012684135456163	0.1447878737705661	0.1047642675854902	0.47025170276517775	0.31128818697825333	0.06057434855928669	0.1156238759617715	0.28473853525485743	0.2271850948018784	0.13171633831259436	0.20145180273049695	0.23679051461595754	0.17877111992629371	0.1217546437205786	0.054217902337797594	0.3483236820533917	0.25881348004521937	0.2845907196403483	0.14344251376307066	0.25644967980478883	0.2859934789010899	0.3965751478183056	0.5358701727816274	0.20640268306316487	0.1986810362733464	0.05839050110991965	0.3626984107657263	0.4746419546654917	0.25141344292691276	0.48359522953354434	0.16494914054685902	0.11621782490223546	0.3338360667020261	0.23421439607765737	0.2328945323863285	0.10612889866655553	0.472703742929217	0.6045786546082497	0.26185098186614675	0.43385919761780256	0.18074131461434143	0.5185445964030407	0.13800698488504193	0.35975618461418035	0.16873361511331025	0.1687059411369607	0.14447245343741832	0.2863688503586809	0.32810740831959906	0.13870621435612981	0.1395034830299023	0.1873930412208919	0.13019333390507812	0.10386640250776268	0.23179096027696403	0.36989287405702514	0.14996024731400484	0.04412953878595844	0.48389624731718434	0.19579317582530642
TOL45	0.18496985465785762	0.041807117831770435	0.6089089424665207	0.37813264461702956	0.5524303872847259	0.25787087177546875	0.08424181648953986	0.1266828779683281	0.3226943273900614	0.24967443997544683	0.5142485691557136	0.5163560400969229	0.0783954838708339	0.14003047845122216	0.14996847494223028	0.4511421677079076	0.18088746654535562	0.17090609928712774	0.26471654995926647	0.23426466488064404	0.2730521432347478	0.11088705727027028	0.3598458694195063	0.12611055125344872	0.23616955423289906	0.30001272645250915	0.25533384139697884	0.14244060690437446	0.36165348653362756	0.5635422832282895	0.3923395877676535	0.1796409685439344	0.2138368512054212	0.3552424886215873	0.1699570722634452	0.24841374088761414	0.2546399046600461	0.18837804212951162	0.40739548749129617	0.33007546800907767	0.27351520777392124	0.48630331363601814	0.16869649305447398	0.4697463062042752	0.6070965700441112	0.5411577087812353	0.2815495690372006	0.41629375378782474	0.3662916916073655	0.1955937021609378	0.5549760707143224	0.3724697739282785	0.097255826410337	0.09039813352172794	0.297415872438017	0.5040489714633715	0.27754123899074257	0.20786539804873932	0.21612689607677307	0.22536830807257277	0.1980893366998855	0.29991987338614823	0.28419418511376443	0.15802706340549075	0.13471921457300665	0.2158412115861173	0.452501314946312
TOL46	0.04344167586495228	0.042366822977462804	0.45850352816319756	0.34392990419452796	0.3529804101058314	0.09274971348429066	0.10436090306288483	0.15909467370217306	0.12054725105784647	0.1225980000020843	0.45074047203218803	0.3345466769987039	0.07374355169524767	0.06499598853172738	0.10352373074562517	0.16389673349387152	0.05443894060125738	0.23097727881995397	0.09407063104135988	0.1345007778122255	0.24048969709717433	0.08587214712477827	0.28906506212958066	0.14525049644422441	0.10812288301478724	0.07891633128578558	0.21660209492764262	0.12042325354659257	0.301859455475679	0.3700005947012767	0.169062011983432	0.29850490137766583	0.09496308173456386	0.3557750606963112	0.17842319675347837	0.21717673396023487	0.17601838820810398	0.1033471961612894	0.21234355056551651	0.3106827310966221	0.19199501313047315	0.27236707901010393	0.08144048909550902	0.3551433915246033	0.42980932215502976	0.25117233969088726	0.21365983410502867	0.44201050611278736	0.16946419159173368	0.08446664217843511	0.2894425066702543	0.38124594354714	0.08816096371424037	0.05445735010703241	0.4645850184831602	0.3636462986146669	0.0926852471225018	0.1251139742107474	0.12695716860123324	0.36157120745429494	0.11271581106342575	0.16902452110306873	0.22320907943234486	0.2156809605053038	0.33193589981917365	0.16713150552459966	0.23525920816866588
TOL47	0.10751455754630151	0.09866114482866145	0.6017927792214629	0.41109237022617007	0.5626541417149472	0.32057983900013765	0.15782469350872283	0.2203962598076246	0.15702468416229448	0.10843883584374896	0.5267732268514878	0.3149077730682257	0.1765064308443364	0.26271731825718425	0.3488910375616054	0.23693311628089103	0.16100807232883688	0.22524207054304063	0.2900365965439656	0.21624647707437078	0.09967713214028698	0.03842850931216051	0.40213117410319427	0.274965857214739	0.25748282794002253	0.17577154368385592	0.294496852606893	0.39033736113855383	0.42919865681436514	0.5014261326722134	0.22162083390197806	0.260272182422096	0.045446332041117574	0.41895290719143197	0.3188587291299832	0.33948380177369447	0.400919181211721	0.11694137295369397	0.1332269377558456	0.4442502260840751	0.28616492207376343	0.25589459317121227	0.10956744363923168	0.46232915326846213	0.5658860631720171	0.26796024533811186	0.5746574763741684	0.15470232286293514	0.39740355318476617	0.13629670183317072	0.2899922708225947	0.19387651692687147	0.2348524349978009	0.062488495042339	0.36345688577967056	0.25626019536009964	0.1438145268442854	0.127306498563098	0.16305261482454414	0.086495393670103	0.19613936779710314	0.20759910719400498	0.24229139883464804	0.10052085227984965	0.03311195311649816	0.3788095389233148	0.21709405895456285
TOL48	0.13833481809437842	0.2059161343139611	0.6093394439120697	0.36943612347477683	0.5994287129895858	0.24176657433218457	0.26140904608551296	0.36210729466731195	0.26120960170498286	0.24271441580145864	0.4826544604696666	0.4519930225270533	0.15668565900103523	0.21777816384192383	0.3407165205500606	0.35234766498660697	0.06306786119836023	0.23822583729680988	0.1832223923262104	0.2988190551956589	0.33101768047983887	0.1278199949221997	0.30044714250220406	0.27647404713024365	0.22141220316074967	0.2972136921328785	0.1834651427136428	0.2687925585298037	0.38039898149358725	0.5054132239665998	0.38468277000146583	0.11918677678465212	0.07350943189250761	0.32996219249235254	0.34700903051958265	0.3562667639522853	0.35251234792465613	0.21982489130858648	0.3071797488082416	0.395934996292647	0.22795269444152455	0.4179139362748438	0.10514673137232808	0.463000175850545	0.6146024282078634	0.38808211692763667	0.35263685486786794	0.1924068814675995	0.3455376273358259	0.1244470365902248	0.41119199292117375	0.38199466334556204	0.032770919132102075	0.051795246948108956	0.47934864174135655	0.32103770339375715	0.08424872496915578	0.20956869400095482	0.21733608972946175	0.18031549845189282	0.18651482068677738	0.27876944367627937	0.5170763571452107	0.1121680304511759	0.06216019770213951	0.30853448291770225	0.391068657229491
TOL49	0.12188472590020091	0.19715589585793808	0.538963460386606	0.38411506742107926	0.5481680083109759	0.21216035582784434	0.16435137857364196	0.10839290538169627	0.14474153084810656	0.10052854418481141	0.3750576077030183	0.34663365956692094	0.06079915166531407	0.11641991482812564	0.13561464055079175	0.34854112205728843	0.16365705976458658	0.1488748552064187	0.20663875920505043	0.22317392092134455	0.2289255171142457	0.03932801348034711	0.3070260722373177	0.11672871441919686	0.2915763163480352	0.14486682238255372	0.12656610699428075	0.12904541374634745	0.2764755640671504	0.43064314179029806	0.4646654601556762	0.13240129827194067	0.1204291127633398	0.3187503312684824	0.22314350159489085	0.19656703032627684	0.22348205014426548	0.21755358774898256	0.10255664094826951	0.2740575515518432	0.21832960700527204	0.3048379932520262	0.25719912231232467	0.4480829076418613	0.5482883799033155	0.2944983622180149	0.23721590320941807	0.18311877727617326	0.37776197138774703	0.2531058137985662	0.4417556476526582	0.19537436266607627	0.06976325488462573	0.14855799619020718	0.3224036614452372	0.30222442321623605	0.17718382916495404	0.2956755048731408	0.6092990854382936	0.15071578551907883	0.1280873388712244	0.23684936381828522	0.2914172204104538	0.05238341712309306	0.07292801465588782	0.20583755237352003	0.18313341103713635
TOL50	0.05032718372998239	0.14828062743372833	0.640027331562115	0.2770005265639162	0.5788692091724039	0.20241626003140353	0.22321820855314103	0.32725404672952196	0.38838728451476473	0.24278604381388252	0.43012965798913183	0.45909199322751915	0.05227645891212259	0.14984704849457572	0.44230642290754707	0.3937607991257567	0.10983169491240391	0.15343330331237334	0.17024169366756842	0.1990589922890576	0.4869708967058192	0.09775054865825243	0.18843584405253225	0.2973586135100563	0.2759702736789011	0.22291536249675908	0.22789715367037036	0.3614850052397285	0.24862375259772895	0.547091214755421	0.3945839913946472	0.17976848630656436	0.07425427790250123	0.17151268697082783	0.3761904998159499	0.36419405724692705	0.4365879499251636	0.1512158215721739	0.22336055033660787	0.3524027432102873	0.13570818591176578	0.46556812264161673	0.09579666594564044	0.43002913847750057	0.576077732243974	0.42328444743356197	0.43877558353647983	0.1255990220418182	0.39548930000759114	0.11111079164919768	0.5366960565568357	0.2540572113408494	0.01926115220613643	0.03438828762804752	0.25572666576821806	0.2587781659078746	0.04957317020455632	0.12557085452366148	0.23968521461633752	0.10303122374462881	0.07483090902671367	0.520081775369731	0.4344536124032378	0.0673637402563419	0.030818925263163374	0.34699026284318196	0.4721559794851721
TOL51	0.14653133920130618	0.07789171793171146	0.6984412921987495	0.5337115153379984	0.6020095672258359	0.2511117139717209	0.1389108811318611	0.2025181540015605	0.18524268251289147	0.2447396747999868	0.554648336880307	0.5674701927157223	0.2827196734166102	0.2319951181200901	0.19651743249474452	0.31491936506058765	0.18360297810541099	0.33329599442053803	0.2628918695840724	0.31051520817501166	0.11250232820486039	0.16825632202527221	0.4377561581659852	0.18666224024757755	0.33605359674693003	0.22972193264389754	0.3242466098987244	0.2044131295800509	0.5205175794398323	0.6332619762494204	0.3026482302064791	0.2905661435242502	0.128350500235163	0.4597907939148939	0.23667716770467634	0.31425499770090276	0.2615047800503069	0.16079413167905673	0.16962501771599622	0.4945286185038945	0.3860982888712685	0.42001066248768504	0.22696759189884308	0.5436940566383349	0.644122699652675	0.34857551193318154	0.4099919079855393	0.4120978898816384	0.3836048504192537	0.3042116431279714	0.3550140160788832	0.33456643214849635	0.05037965111099208	0.12388939387686917	0.30996845627501796	0.38599796418782745	0.16712866336850338	0.21820961422729024	0.2121823952637103	0.38179717684818343	0.3151137277875602	0.25897437441082805	0.3505121484454028	0.18796420378767822	0.3392965966720521	0.2653062163796298	0.40718180256500486
TOL52	0.18148315446852809	0.114872887321131	0.6425800293260978	0.3947669502906906	0.6920419825214377	0.26060123989129896	0.2523415332320388	0.32673581117825995	0.24080165552783944	0.24578445070447277	0.4570403902506729	0.424897331011234	0.07296197441354327	0.14897256838218936	0.3553756178698542	0.5600292576561641	0.17218855534000294	0.22396156503590792	0.2234536882395446	0.3382879753726162	0.1279910547681034	0.08935171655534101	0.28914176421058485	0.23001141225707414	0.28450691094982145	0.4970288702340921	0.2392952684963709	0.27024637299489646	0.4013015539366362	0.6475317018668881	0.5444553391837533	0.19829164758489304	0.10859324194280566	0.33063995184295264	0.36889778299345843	0.3529600875548933	0.3999157733399049	0.23833405707657976	0.1959056524999781	0.35144809592646686	0.219689654848697	0.48144996324387834	0.1563843094442471	0.4325081398661125	0.6135977855605896	0.3945108825606423	0.3598993157767037	0.2733484800686748	0.41263115328691324	0.18674145394435393	0.45303119836083866	0.2978663766793594	0.08150017552888557	0.13499185285715534	0.3172179709554546	0.401391157350529	0.13616705026957884	0.20642217466996196	0.35427425348666336	0.27152504507192404	0.13382499546560842	0.30737337498575795	0.3838813010459972	0.10639535556763985	0.21022951661629702	0.2379033032744193	0.41202018638697285
TOL53	0.25550693835207067	0.18728611137051812	0.7044946186806061	0.5226312269955516	0.604012043152987	0.32567727367159904	0.1766912560681111	0.2154231650907188	0.22089196428241292	0.18738909705013912	0.5565474460221329	0.4551115867728468	0.11827333816568494	0.11879874518596518	0.21611563682701013	0.2680290813888994	0.17160163010625296	0.24827491456954695	0.28088121214951584	0.254687016215544	0.1517455361440695	0.13265770228007182	0.3846192935507299	0.2644751573578634	0.3230480108284013	0.17431097297264178	0.2106226244489781	0.2243124490380821	0.4295625886493206	0.5710156106127378	0.2600519756038749	0.2175957114382849	0.19515115358950375	0.4332939331878413	0.2848977500165256	0.3492730331673889	0.3389854555727274	0.170014654185908	0.21765400737139784	0.4660522161453637	0.2615916272577033	0.3811753566244793	0.3056016798355498	0.5808623716507151	0.6601748315126414	0.43463319583117166	0.32284600957392284	0.3583127159141434	0.35238749111133477	0.3259619272161809	0.3217724897573903	0.27921507770316484	0.058773582576353615	0.260671240890912	0.3810204765817216	0.372495824830366	0.10154758015788562	0.382448047243915	0.2147382006963409	0.3767607218130224	0.15965041340895247	0.3123851470726263	0.3649987913338595	0.11141748776608038	0.30793533068537754	0.26522565759535727	0.31118355693325733
TOL54	0.06838243432820439	0.08875390047962761	0.5790840924288359	0.37626035319269363	0.5161909267238152	0.17612222735691627	0.13619113657248652	0.2933656378533632	0.15700810740030724	0.15241603053563693	0.40130892380500777	0.42194428931530786	0.2074136566572013	0.1195357820112421	0.24490930693794521	0.24116017675364076	0.11155098707590978	0.23089314649073142	0.1507177982397084	0.21934527641167714	0.1061769567838839	0.1253361942321364	0.41248157035177574	0.28660919343729674	0.2431030032076221	0.13713136850906038	0.20522451275607342	0.3375751009694039	0.31912308638920095	0.47362725141629775	0.2346295356526291	0.18843946028886127	0.0778636146995497	0.3424083347460176	0.2961985600691818	0.46146051422273615	0.2432913264332388	0.11697893178650666	0.19581108216999243	0.4355020964802064	0.3145173374667344	0.30050601057032106	0.17827540204655182	0.4931421421577888	0.5543182633802214	0.2988134740271129	0.32448144090935027	0.3326324226751823	0.30826576822112084	0.20517509470179865	0.29244170178831996	0.32190235975530607	0.12038339485520584	0.27435258073042534	0.27168149995043817	0.3036323128617006	0.12136252995550126	0.18446746406421757	0.18392186097254368	0.23509557919303872	0.22908209960232645	0.19538844258486324	0.28106609440289276	0.11234895536530072	0.16414584325315923	0.4123445784330281	0.2702839144756323
TOL55	0.08108235473194783	0.15579971038457988	0.6278239339216284	0.39082824022545737	0.5560192011478317	0.1712115276316962	0.16394558061533698	0.2079901148451203	0.19637133885600674	0.21108132451646605	0.46829206662297274	0.42514786993244535	0.08082901661722301	0.19992253106364616	0.21471464719977829	0.3148602318524134	0.20159084397210272	0.20693784261940915	0.16300627331448955	0.260164427359239	0.1542761797431629	0.0678496781202307	0.3099399817554133	0.17376583095535492	0.2269714371097558	0.2481955959996042	0.2583977936425805	0.15793287311943147	0.3635474849340986	0.5377976068416805	0.3332741652954137	0.28209025036818536	0.09032675952409992	0.3589070250025639	0.23057222021529528	0.24243063545307397	0.28185126869066335	0.1494564991973742	0.22836406485524835	0.3284914096141097	0.235659875630087	0.4200302704220121	0.11960332787098446	0.5535141997581658	0.6119153392197757	0.3678604909044773	0.3161332700801457	0.25412844139138296	0.31762551586737653	0.15101035162005638	0.33990099960294035	0.4617021309022981	0.05074712071012987	0.07196014850797297	0.37708331425445624	0.5202086283680827	0.13622517958745137	0.13666911400291795	0.24204731476777688	0.2757972743855658	0.1339654933372737	0.27295923594077204	0.4539488343650312	0.19886804229272464	0.113686398215407	0.21182233389978425	0.46324025060665175
TOL56	0.05762748110913534	0.2216266992356474	0.7142764349535708	0.3850466825442815	0.7174647010600886	0.2069105121646126	0.33322790806295877	0.36427909199881464	0.2237157486940408	0.29733412387487224	0.46327246359958335	0.48476462377794705	0.125485922018423	0.18958777022892742	0.3523913086702603	0.5122125492389384	0.26440984144626095	0.23778611990292645	0.19023196395540934	0.29429926426860736	0.21335101062117579	0.0942828845185196	0.32069114100712254	0.26359069488907483	0.2635457474475028	0.332838219543539	0.25815366604689755	0.2869520811127565	0.3042479066710003	0.5959753344741997	0.5054823568840934	0.19791967873650024	0.09582991606442952	0.3000641154446482	0.38467893212932736	0.40334065016490633	0.3492635430315385	0.3895757901287285	0.17390555075590225	0.4486697950444674	0.24853795257941128	0.44293745931402284	0.23489523806935242	0.5244833151477428	0.693533697403565	0.4226043879517504	0.3713869914809926	0.21189349609079722	0.4249771796821743	0.20607954937860296	0.58098969353761	0.2796336839445033	0.021590363129515452	0.10434851805673273	0.43311525162584447	0.3069275624994592	0.10978952042926872	0.2723970766463121	0.46226154495578453	0.16185070922316894	0.16337376672443413	0.3634109635688717	0.3834543289062234	0.14764478015050278	0.0518967922398302	0.3088204092180982	0.38578219451419427
TOL57	0.0760250506339357	0.1934416863629578	0.652234935626846	0.4252889926799192	0.6105648901669297	0.24683356397362755	0.18069627668799207	0.19016673217868374	0.16665842279733598	0.14267451458811894	0.44886811915027425	0.5471436755300005	0.1272842496530456	0.17532265790956097	0.2194470699607514	0.35662278206520726	0.0950757146213455	0.39902030999972865	0.23314395730552356	0.33197004740788766	0.14701896955463253	0.20253188173818923	0.3450729606840019	0.23146193452905273	0.3930883242310397	0.22345437717300906	0.22254433902357007	0.2534996626330809	0.4961294943427922	0.5365683263535977	0.356877751856512	0.19845659723106737	0.2735338621624686	0.4278580778069309	0.3071414928126226	0.33651912343186385	0.27884235287666953	0.16943967197403978	0.12687851634417693	0.46769956127243073	0.28046698955727056	0.42741383205181	0.1867505854735764	0.47971072247899293	0.6556283968346015	0.37823043177713767	0.3750248568427829	0.23713970187843847	0.473979394681753	0.23259331008496847	0.39038463483188396	0.1750041035004452	0.026577497051087737	0.06660300452708122	0.2059607924856981	0.25667821820390346	0.08450870782112208	0.14814172997965203	0.255538383048887	0.13682434024921447	0.18342923005162634	0.2688196637617743	0.27890606202741347	0.2734533738861728	0.08434540289179662	0.32167685137060253	0.2678380490748661
TOL58	0.18978505677698282	0.11220708721287073	0.5387820169678462	0.26995250687492095	0.6411122592779549	0.2756841834006923	0.13697330475604066	0.1835663426095666	0.21258763706363246	0.3316508605829728	0.34748254827237685	0.44319248539470835	0.07187611791751997	0.16839547874803806	0.28438220249022583	0.5234774707027565	0.06883283481821982	0.17761949067909147	0.20510418170793507	0.4216379860413893	0.07502929267876422	0.051694837344878224	0.23643650952483097	0.19052364780005857	0.2326515903008358	0.3244351579626885	0.16642691594239045	0.21623173355191333	0.2683770390420541	0.4590919924564994	0.3863448599633362	0.14523664652194368	0.10127751632790866	0.22290539606778836	0.2336263855949644	0.24948501305902826	0.4099863919848502	0.13969988880029444	0.17684973151256156	0.24109696879935474	0.1701657499613402	0.5229067455863244	0.12487877086742492	0.3820656481352374	0.5353089294493758	0.48042982772401815	0.3124863844128431	0.15269791771372393	0.37379378322735696	0.15039823687571807	0.3082287261433085	0.20112479864698715	0.12088036541596975	0.12004337564405342	0.189635923055821	0.24303208089047576	0.10649875394354281	0.16109478254643894	0.16632219204116114	0.18116435590172142	0.11315861261933335	0.2708023904256613	0.2612326763999716	0.07517317813010224	0.09842050041946192	0.2923321959137621	0.41228435857332
TOL59	0.13176941535775868	0.08298595421892212	0.5757976723518461	0.5236347428356544	0.5177567935224084	0.210414207277815	0.12106628470084915	0.1708304758254508	0.33198075793606135	0.49341728206175	0.5626015064569134	0.4793701062715903	0.6844192763945524	0.24117862695409387	0.1850283583645153	0.33528334850634384	0.22746665022632898	0.48254263175961654	0.24622898419391961	0.18765007295601735	0.14217942993180172	0.07363389003317508	0.6684770496543173	0.17337248918073184	0.22269169616620946	0.32731338898679074	0.1533291302561028	0.17884236039878118	0.4316636068066723	0.5402681058875508	0.3119523315828611	0.13165752993874935	0.1362844425428455	0.4621925228935509	0.1895189359957774	0.2591269232114458	0.2818433719958469	0.13684015953283982	0.11784558622727517	0.3741453543416904	0.7320508034265099	0.3860748131348315	0.22917548211902464	0.4283277645067604	0.6503363369416568	0.3850315465155032	0.38155585957452415	0.11059793101183621	0.35167931257622387	0.34976405282967793	0.39963157521992826	0.1827588370843788	0.11995944427730591	0.1283054355704785	0.24290746732281981	0.21551667348817105	0.347490825311099	0.19483552338591548	0.13221384053630847	0.11140888740700554	0.696264046533951	0.3154371751322002	0.2619211409796876	0.15486213326199488	0.03241990005309222	0.22736295321140232	0.3722518800317065
TOL60	0.11975446502253091	0.0952615265226244	0.6511087947037058	0.3577787525378313	0.6245152906906629	0.2444021891217832	0.18999685062986466	0.30120831105361795	0.20143427866055225	0.28488494556870436	0.4063476567190335	0.4893863028345961	0.0897596727981134	0.17415947023239026	0.34762387090732405	0.3555396745774134	0.09544878679511402	0.174896976243974	0.18708188957898975	0.309009555869739	0.335615936734247	0.15770646435139296	0.3092085318349885	0.2655904255470476	0.20645018403735804	0.24940151670245256	0.25211288448454466	0.3614399984045664	0.4303209925599105	0.5414248438053256	0.37136740236112964	0.189725205521602	0.13909791785539535	0.3066249164984401	0.3400686298192553	0.4111641503624764	0.36358342277631456	0.16473988931889563	0.151939176192553	0.4196085601084511	0.22752756247843983	0.46344912320472736	0.12468665025411566	0.5015619328018835	0.596678100574664	0.32910407565552013	0.43654361583063506	0.2623244307503334	0.31789725118536744	0.14846645771845615	0.4707927779638343	0.2096325002296645	0.0601266245853258	0.1670607971768401	0.23014423210735774	0.2559801871587246	0.08712862024837312	0.2426070166687703	0.22536762246275774	0.2515885925244956	0.11425819424147574	0.2719891234464701	0.30059380583578993	0.15607725374517534	0.13022803253889623	0.3644697863704849	0.32249322643998196
TOL61	0.14596775683976027	0.17745698001587	0.5762426778893082	0.3097276431194843	0.5469430884159432	0.25184449034473166	0.19858740560108126	0.2510569410361623	0.3362522401077252	0.17298924341746125	0.418826953325115	0.4613989146954983	0.05724659055227538	0.15909660446694643	0.23149992525827257	0.353242693492326	0.07395014934768754	0.16034521072946	0.23287375216197925	0.19787509380758475	0.16585526229929523	0.07788678700054978	0.26974345994623317	0.4122549725644187	0.221564424610846	0.24055037483954142	0.24113636594321067	0.31281584579630367	0.29448224413238877	0.5074211843016855	0.33936041876796574	0.21826165547876167	0.15123848741179075	0.2794210754558291	0.26912168670833986	0.42889333055545553	0.3024623451471486	0.15308663273854195	0.20938281621905985	0.3697243357486091	0.18218882960941477	0.42875684436370654	0.10333756621320489	0.42232900614926205	0.5692088439150953	0.4361715712753663	0.3194142361170363	0.21203771922044667	0.34225835020489226	0.11148340288005339	0.44966805613575517	0.2985919131207814	0.07052423750037275	0.06985013102703647	0.3295105687968287	0.22281045178649944	0.10032046009819125	0.17670235832425576	0.25727328078084494	0.1129993337332008	0.09322394308698256	0.34747571797981625	0.3111723368095235	0.168998683981886	0.048070204770869145	0.28416999897655204	0.3608392466217704
TOL62	0.06149998605960838	0.1924073516274473	0.7197447206606405	0.361626197777022	0.6553235812587722	0.18181898626717385	0.2244695538447736	0.2887808371853895	0.36767983723134406	0.28945368365976126	0.48826600064334236	0.6095705741678922	0.1195709874305958	0.2139497987424436	0.32701583784418653	0.431045342405589	0.19850544436098724	0.2449642668966384	0.19268041033845032	0.29719501151022965	0.24016656596940808	0.23498632026835806	0.31320065195527946	0.2163751056678603	0.30446732575206176	0.21452449303512588	0.25626618318942446	0.29067565870850853	0.31471411065656507	0.5808419533002179	0.3847060241855707	0.1911207696799564	0.19317648192313805	0.2940534880971168	0.2806145218884383	0.36206399069129425	0.2988498552731938	0.27442757565962234	0.39173728301707	0.4019398613664552	0.2412452528434208	0.46302879598292607	0.16779835532186074	0.6082903586554168	0.7045147317355921	0.5952793012181262	0.4173014668280369	0.2770736157003401	0.3834371430310884	0.17693178413147204	0.4615579725988505	0.45830548019913825	0.027912264792079398	0.06517906218448737	0.34201996573081944	0.4433477640387393	0.11755658931672552	0.16911581613849003	0.317664564785587	0.20105363497330478	0.17644074620256048	0.38516947320716177	0.4198110031418711	0.17674247418502198	0.12306563578906055	0.3348068961680427	0.5337882393502537
TOL63	0.0466155938541904	0.06524806973166657	0.34562266487306514	0.21393714608902406	0.31202642531145336	0.10921001923148609	0.11744652379284672	0.13318967971810558	0.11017919382293777	0.0956476346068515	0.21495350357028598	0.35176065794164735	0.05412456759063906	0.1119088443366834	0.11478904230936222	0.20116241388255984	0.052622580479820984	0.08974879785472345	0.08983798516637037	0.1315072159505724	0.14312141481057108	0.03322506934843511	0.17360318938200336	0.11754022298290359	0.142310903062095	0.12654640367151795	0.11402170071211601	0.1169561808042334	0.1775899514938372	0.25153381625894555	0.21051174627826916	0.07956529720924284	0.062152543674454705	0.1765852900771845	0.15685030747093157	0.1628414716225629	0.14260453347637772	0.12190089721917209	0.057378171213457646	0.1775716910801095	0.12472706300938094	0.22526391857114395	0.10468239748501043	0.27196196491186103	0.32003919599042285	0.16967114890578222	0.17195108862318942	0.10190850681500535	0.18492131180689084	0.11470975379506448	0.2574773599694567	0.12240394154378545	0.09338631755486586	0.04887901550190313	0.17775662281403354	0.17918516296987932	0.09113762743175606	0.117711937817167	0.16732017926468512	0.07715731968199736	0.08746165844618313	0.14787787891486892	0.1623677437582396	0.04596110702117394	0.029492242945207966	0.14740228808370634	0.15879812018175685
TOL64	0.14108775639823845	0.07608270335298258	0.5639209108034711	0.3521518014193597	0.5705091113867632	0.2316301536341552	0.13394405497293413	0.2003702397986597	0.17625269576403033	0.8200446440654394	0.4118283658837469	0.41738259810493605	0.06537860093107035	0.1720610225813483	0.20030429470356362	0.45069834884124316	0.06791891054008758	0.2624356272928885	0.2137711795703191	0.2806969087941778	0.12847923000361097	0.106460667436885	0.24966836544655055	0.2288764550789178	0.2985925596913045	0.5114367412728285	0.2533844123782409	0.21232850177628346	0.33277711078425026	0.5393509189568074	0.4620436892143463	0.18428305012126606	0.08652541139864302	0.29795602656719733	0.2275879005978619	0.3073709922178741	0.31423075015591434	0.21136318238349433	0.1510878700355483	0.35736455736279754	0.17944738223423443	0.5102619832550346	0.16763432897495825	0.39728189309983886	0.5096715297887814	0.32208467958009157	0.30741587369981765	0.16876522492990828	0.3853398978292711	0.19316181201989194	0.5163452112429804	0.28888433159675253	0.05839747682760345	0.099924787943003	0.25102989666483994	0.256385136586924	0.08258805796185996	0.15531756414565068	0.18708266021002892	0.15254234706770184	0.10877767610483388	0.26440050088392886	0.29896383959965883	0.12176033805977304	0.07275758613435504	0.2711456674750497	0.47056599711334945
TOL65	0.12493617134349541	0.18326077346803799	0.6365693588423136	0.4175220198235561	0.5863734479378606	0.2558046453204003	0.1879757891504774	0.29004582026549297	0.163603679124107	0.17656351738955608	0.4447885194050816	0.3543436027499953	0.21739998664377402	0.21595236456177958	0.29590747853112953	0.3421218550003777	0.22361422934031627	0.19444003967849152	0.2091795429246789	0.18644613679641014	0.20952350237540904	0.05421087745174061	0.35775229729257185	0.2716373021090201	0.22711726287447884	0.19153393047974596	0.21650992635413588	0.3251125523963962	0.33833348629543225	0.5732432947563989	0.30954511502290477	0.22726961482234748	0.05447830556102846	0.3097329211488466	0.348914164753063	0.3843106326098152	0.37017529726562404	0.2873539519724991	0.18598834002600687	0.35806808111380023	0.3109597244397201	0.2807985699340264	0.1439166955622451	0.490513564547446	0.6289258904602555	0.3238006907793284	0.431642592972829	0.2835131721661059	0.36792134469848853	0.21097294199041325	0.4701427525837862	0.28631503606878106	0.06305221171081339	0.13950089445710634	0.29978233725516906	0.4920546032892048	0.10554781216913299	0.1786090239985665	0.29383957526303517	0.1267296043857133	0.22049303928376435	0.22109116714251784	0.4058936114798753	0.05870945048879165	0.053724135972989286	0.3363786554397956	0.2792896044410579
TOL66	0.11692496132845229	0.14200676353965516	0.6395258034446389	0.34380402834870144	0.6274327344624653	0.20690064231616637	0.19252850554660886	0.25979315879748677	0.21719234982303534	0.17645335603015772	0.4277287072128984	0.5136084057595741	0.08468085775185359	0.15241240543364057	0.23690029348993544	0.4093096568802766	0.14629794399977855	0.14407277914740618	0.16579956242908708	0.33148609927946476	0.09930696917423892	0.12270917863127852	0.28392079656003355	0.37885517530088075	0.18888461280651964	0.3421143236483907	0.33030131600156865	0.30862059659098195	0.3108764320253005	0.5413377962566169	0.3660126060868288	0.3368432842347622	0.10564131160015709	0.29917423227386364	0.26991364058801925	0.4383144625122954	0.31280717748069087	0.2691606459269338	0.2764227176996118	0.3732005348042093	0.19698331408266823	0.44607148021208765	0.08513806994647856	0.5561253323150867	0.6099625640846147	0.43465899608465586	0.34027211472406127	0.15304102490844027	0.31630631163866846	0.09302063196220477	0.36991598520644015	0.40904367840357253	0.03128788029987736	0.048033257738199414	0.24777602873499657	0.3745470046774939	0.08505334064523086	0.16196486333444138	0.19435205738302366	0.11463621441112963	0.1174700932535904	0.30860911837676835	0.32077069777283357	0.1152219862922727	0.05289077459530947	0.32970015583094364	0.519671242409581
