,1,2,3,4,5,6,7,8,9,10,11,12,13,14,15,16,17,18,19
C>A,A-A,0.0136492073141701,0.00524390182536009,0.0145423459358225,0.00867633070074085,0.00183924369431217,0.00910199753735644,0.0143908930595387,0.0219140444444407,0.0212872948544976,0.00244819760343754,0.0305746509533453,0.0147194545725552,0.0048115703255855,0.172387989956459,0.00791336721255612,0.00799790020429245,0.00203177388615734,0.00707609935013663,0.00640524641007399
C>A,A-C,0.0113888676580221,0.014919786912534,0.0109813478923449,0.00800680565051334,0.00111249298522883,0.00401019174954739,0.0142647032125306,0.00375033062309685,0.00614152109315242,0.0154685824840444,0.00959790417138657,0.0124457114832314,0.00403395778930622,0.055645985580897,0.00510326160703953,0.0221747498396308,0.00526440428686529,0.0131740622525607,0.0040596601337964
C>A,A-G,0.0113218654101128,0.00783244477772896,0.00896295731951084,0.00666175474969235,0.00231548134365779,0.0146670439807075,0.0138748031309804,0.0100495951187381,0.0113892180301059,0.0148570087148967,0.0131920049601598,0.00824405505319513,0.0109099742268516,0.0116999948038129,0.009147342565049,0.0048394436360962,0.0213661443540778,0.0124037218450644,0.0130011524519547
C>A,A-T,0.0104502382499923,0.0079333537910626,0.0106996346518613,0.00605896452127338,0.00082307456173751,0.0154798148498441,0.00996713794228424,0.00894544170835513,0.0125973441361686,0.00799546290570255,0.00642617151479374,0.00876377998048988,0.00322958228538428,0.0103082499547947,0.0103580469698043,0.0191595940491047,0.0340806234312199,0.0048001517703983,0.0138843140164454
C>A,C-A,0.0105074683856945,0.011705646114426,0.00986010587689134,0.0128889180348828,0.00230465611421973,0.00270400173283547,0.0106923375208904,0.00575410182942629,0.0186937010355011,0.0115666821746839,0.0381315903911561,0.00946009211062067,0.0115712623063933,0.080582996332014,0.00473434520197207,0.00513886871206638,0.00246100746861607,0.0041682366614628,0.052033024940178
C>A,C-C,0.0085150170946402,0.00459714020805104,0.00649490804617756,0.00557106320840319,0.00193241642342838,0.00651914083649369,0.00994822960766369,0.0255157533290485,0.0258242721784387,0.0304640205474246,0.0260233767227179,0.0120196528587905,0.00553887400473542,0.0113048960842514,0.01271213732113,0.00531000325758237,0.0154588166522508,0.0069451816134347,0.0111877354028565
C>A,C-G,0.0108208040375921,0.00426077219070215,0.00886293785053384,0.0076829726353108,0.00389122851773665,0.0127307020760142,0.00236589331897151,0.00425875030733682,0.00685373733607038,0.0301749304797604,0.00268190940877589,0.0324952475857664,0.00855519044033523,0.00367603029422146,0.00846254850112875,0.00514198312170879,0.00691595425734811,0.0150010140459863,0.0134648061295192
C>A,C-T,0.0117510668421172,0.00836191774428727,0.00983418886106866,0.00797161334794977,0.00592137591668334,0.0143054400323929,0.00873247480172453,0.00545331582474708,0.0055890418473523,0.0182260201200106,0.0123326690069946,0.00739156625500045,0.00774802107239628,0.0112283390339966,0.0117767059954908,0.0487351445235443,0.0207299677503616,0.0245316517816169,0.00701759888070318
C>A,G-A,0.00874342304962362,0.00573765485367103,0.0102816139729596,0.00660326925486373,0.00147870340402063,0.00772028998314922,0.0112677700439425,0.0082686723757942,0.0114832628048395,0.0162000138246963,0.0173390208394361,0.0173746404301834,0.0066306475035266,0.0352334288802126,0.0136085116459716,0.00967010584452141,0.0035454736830046,0.0125131872943677,0.0107822597791753
C>A,G-C,0.00886609152642646,0.00295308279576414,0.00693789920143893,0.00654902086286549,0.00183203480540403,0.0109073694538464,0.0051768702592798,0.00864746906448246,0.0153070205905539,0.0370789059421099,0.012209539821041,0.0135182048994962,0.00975862902734052,0.0146437893341568,0.0117506958377867,0.00402609956034849,0.0255304774093448,0.010590091665479,0.0176472063002833
C>A,G-G,0.0105631589520216,0.00392457240249995,0.00912690775302559,0.00781211817757711,0.00274137072536088,0.0160821501747073,0.007171858826289,0.0190517367245618,0.00511728827217657,0.0404662040136955,0.00446893486893715,0.029848589778378,0.00523604219814113,0.00274742504164809,0.0157619661087528,0.0223952153725102,0.0238152814030315,0.0412784196288227,0.00716160332540286
C>A,G-T,0.00974027012048083,0.007431820353907,0.0100366552212391,0.00708919153679455,0.00226142962128616,0.0186024265974161,0.00900659351831017,0.00893151206545898,0.022292426685567,0.0215928659056075,0.0130348335609526,0.0120916774526292,0.00619369141069762,0.018828303826982,0.0182247188573816,0.0290633166206322,0.0180526273207781,0.0447587967249016,0.0243738995500693
C>A,T-A,0.014722508630252,0.00455540098263516,0.0158346662201964,0.0138535304409369,0.00125716064206011,0.011532158324075,0.0120250446599913,0.0103658390204706,0.0110450914318899,0.00775882573849747,0.00850596562323042,0.0070198235831149,0.008148854490187,0.0252286638734997,0.00593283653832855,0.0165066834118062,0.012399254645593,0.00503558467159146,0.005560567328462
C>A,T-C,0.0112315721434304,0.00313730468439669,0.0084444258803685,0.00906855020474802,0.00116113106689171,0.00809083181676371,0.00445380454593958,0.00776176314989877,0.0125931517237283,0.0252089027040881,0.015910714350473,0.0118560530127339,0.0754292205831438,0.00586598466864375,0.00605741265391596,0.0205598976118364,0.0273634397356057,0.0196712007365326,0.00823476328474264
C>A,T-G,0.0119894210360424,0.0042795842238477,0.0110891375612839,0.0111629732217815,0.00136255487304637,0.0122524227636784,0.0101440998212547,0.00983946300097314,0.00802129120699799,0.0251594385245621,0.00439278551517544,0.012764512595236,0.0104821338267063,0.00200171842689257,0.00688078256048101,0.00545836631925963,0.00671062434420934,0.00741188294866393,0.0121938288922616
C>A,T-T,0.0121164790526205,0.00829971053418894,0.0125958560922836,0.0110028064072774,0.00123044436322364,0.0160136789838111,0.0167340672037409,0.0102238510226256,0.0233587943509813,0.00678111864152444,0.0112501208013721,0.0124895797586296,0.00989176275390238,0.0031914715713454,0.0583090299897351,0.0260297956859753,0.0799429964719642,0.00523794189115985,0.00300660305477727
C>T,A-A,0.0239916021844425,0.0114534984795601,0.00790917005332255,0.0122997999342981,0.0416081997239489,0.0246835618157213,0.00917989564116228,0.0163864905146555,0.0161226594213239,0.0014104480392267,0.00556007971489937,0.0167887279289228,0.0293071173913989,0.00143103133208338,0.217913049200066,0.0246739713468055,0.00664578000269191,0.00500011931767533,0.023284599181409
C>T,A-C,0.0211357032361622,0.0109401923588866,0.00658588547980633,0.0124413531828703,0.0419316194907541,0.017993625139332,0.0105369337591406,0.00967288183021605,0.0217508924171741,0.0101880715133421,0.014557009054178,0.00922719920267993,0.0104436721243567,0.00329528467290764,0.00638363314745335,0.00623124330091083,0.0106404708362727,0.0721794776937137,0.00445455067058384
C>T,A-G,0.0281097178667303,0.00316375735057007,0.00192953461004199,0.00431834766516246,0.0596661339233919,0.0187985080431854,0.00296803972430629,0.00355387898386357,0.0105529096690562,0.00877399478219443,0.00406157158844221,0.0038395955495269,0.00848953216177566,0.00185924885754942,0.017268058823196,0.00442413613780993,0.00493406744606656,0.0107038738330986,0.0392841938129394
C>T,A-T,0.0214145285026143,0.0165082949995979,0.00862777719257595,0.0145856878198147,0.0419732528172609,0.0282682644518787,0.0127117930809745,0.0119156798075836,0.0159878377042762,0.00674049630699707,0.0201208642130715,0.00557063913426114,0.0131912627831737,0.00212828196341029,0.00509014264656309,0.0133769213426602,0.00940339549577219,0.0515076533671886,0.0113491642126853
C>T,C-A,0.0218691759816824,0.00988237710119306,0.0100319957001987,0.0293374425566163,0.0463389247622851,0.0236506103321502,0.0121282115588954,0.0306641504439108,0.0194517526078873,0.0110555719593806,0.0246474135866334,0.00702537720471622,0.0689988037469175,0.0053652251226509,0.00521328365033005,0.01461835148691,0.0466566830256438,0.0260193309825155,0.0489497406762808
C>T,C-C,0.0196396231722407,0.00703361865957039,0.00427332856977684,0.0168333236913635,0.0484463757977028,0.0167512127652951,0.0149448921292446,0.025405258867563,0.0342008133749463,0.0214141385605837,0.0513734357868591,0.0108367204436767,0.00874879513518987,0.00243587991604321,0.0101811279244909,0.015528217630099,0.0143315865781613,0.00777151075269017,0.00914923771436261
C>T,C-G,0.0292169304621369,0.0106588379777313,0.00633412542491709,0.0194778499415621,0.0733184872132249,0.0404635852893142,0.0119719072819556,0.017039938562745,0.0149375300225661,0.0255744228693486,0.0525598508980226,0.0513849244707652,0.0132663413575576,0.00308869033201366,0.0115319413538162,0.0687061776325818,0.00659617959177532,0.0209082108136221,0.121448024012429
C>T,C-T,0.027572722299892,0.0263280437241229,0.00714122590442794,0.0353151068270068,0.0576835936276652,0.00114311087624353,0.00203752600136328,0.0005729256279872,0.00485086091578663,0.0122923972496749,0.0363089868633953,0.00480706758649608,0.023630054396152,0.00115920928199573,0.0100917800902673,0.0244538427499342,0.0331108652362732,0.00872396520755064,0.00394485489865384
C>T,G-A,0.0217604080249761,0.0129519535525595,0.00953211503886723,0.011855420755503,0.0464808833341028,0.0271584974595595,0.0124007943966015,0.0163362674119606,0.00885024898166567,0.00994552321379444,0.029261105718616,0.0115930828896785,0.016613980804285,0.00215256512844655,0.0127429990141039,0.0197158463215784,0.0252333457320226,0.0278944938038771,0.015706445915169
C>T,G-C,0.0268259057569694,0.0131914506798275,0.00970182799684854,0.0168209003751676,0.0587446982641286,0.0345255312225182,0.0101830426676631,0.0219961651621553,0.0206809091252487,0.0228406695100514,0.0456576008969264,0.0324675682857698,0.0222651461077358,0.00407458957232909,0.0237059181082395,0.00356522454815507,0.105505998426525,0.0117724403249302,0.00969872655286903
C>T,G-G,0.037350075585292,0.00956820617093387,0.00977764829894639,0.0102460223209387,0.102534540059405,0.0742253993111176,0.00827354928744267,0.0245735711441698,0.00728774109785079,0.0213604285704807,0.0117167035119449,0.00621731175129508,0.0111812150303526,0.00201508650086186,0.0173050328748078,0.0195655400372385,0.0135324998441737,0.0105718237361244,0.013081862593561
C>T,G-T,0.0293199813140642,0.0193911148890928,0.014828724222975,0.0173310201777063,0.0624108402996393,0.0426794527941093,0.0159923977397501,0.0198555494533324,0.0152343969704373,0.0127015959293728,0.043366094962366,0.023215232347301,0.0127179844450921,0.00526942410622929,0.0165992178540434,0.0631475128432055,0.01004550935448,0.0546180586190086,0.0108406979785928
C>T,T-A,0.0248402389272412,0.0109601878489845,0.014809737905803,0.0515415148430272,0.0476078293596241,0.0258874377452735,0.0224913778093673,0.0372364742978589,0.0184107896866512,0.00670018099876032,0.0145078919441218,0.0163902450848047,0.0191198007212769,0.00814345859673864,0.0157735844166753,0.0225079847838907,0.0441124060305515,0.00965294274233243,0.0498398196197111
C>T,T-C,0.0308489132240623,0.0146814927535564,0.00544743768938961,0.0496399600437577,0.0589442400025033,0.00369215180166632,0.0028061060876909,0.00311569308368923,0.00482125514052187,0.0157152339532324,0.00355517695854159,0.00760677477435085,0.00378201220548873,0.0155383889097501,0.0172535678978567,0.0158211661498849,0.00404213851705916,0.0363570692365141,0.0257471865242875
C>T,T-G,0.0346588468236364,0.0182900539335499,0.0174843821834631,0.0505396844762988,0.0819108664031061,0.0549034527898524,0.0312543348310236,0.0543741023869436,0.0284832936657962,0.0142149743991996,0.0618233250158013,0.011962461154459,0.00826605649012411,0.00200431497347403,0.024765182469498,0.0097340370429759,0.0681822911234529,0.0245367750215033,0.0137196585738446
C>T,T-T,0.0222661432000536,0.00987062781733004,0.00944087494621487,0.0308336598328525,0.0439660763915195,0.0224980297533314,0.0169775970554014,0.0255429326651431,0.0200393246729106,0.0090493244549182,0.0273050285278292,0.00370974282318377,0.0136294440873857,0.0175576541550034,0.00833791536625614,0.0275482240272695,0.0456502577008218,0.00357638985010745,0.0160082174106618
C>G,A-A,0.00711560598550878,0.00262513501328568,0.00199920861448634,0.00180654262559828,0.00116867249217893,0.00729634903817303,0.00236826716307278,0.0028663411642142,0.00667511183495647,0.00742913711671943,0.00305933398921383,0.00921264897496185,0.00408227230708896,0.000725634910122729,0.00476944026653491,0.00756139688482338,0.00404839994974869,0.00785538704073748,0.00623653307417303
C>G,A-C,0.00771139554272692,0.00346888043109621,0.00192737381516079,0.00244756503449372,0.00116173202783475,0.00777355666825809,0.00517559914575708,0.00424829643633794,0.0026107349134729,0.0210107588626222,0.0124760622785529,0.00581020521515578,0.00688608739364754,0.00232128014925361,0.00709931547556722,0.0096928550634993,0.0144459379448023,0.0114947913809757,0.0231554442048169
C>G,A-G,0.00730596116133806,0.00297308297426148,0.00193441995581092,0.00175597342470831,0.00113255013982653,0.00727781891338497,0.00287230821800036,0.00359406731413575,0.00456545708176831,0.0201245617242613,0.0101288995108329,0.00558704826220588,0.00185592151269982,0.00215976941442703,0.00867481647872272,0.00639274474407684,0.0089391093027351,0.0133742740807734,0.0149133300387097
C>G,A-T,0.00481836785162917,0.00221385406607209,0.000693635947606286,0.00120284839360782,0.000635566001270966,0.00513497122448949,0.00168265427776711,0.00156006665898645,0.0015751907582937,0.0084497518626782,0.00724158402452192,0.00314272237441706,0.00348834851459239,0.000817268954489928,0.00238420274841482,0.00860420167253178,0.00166335483336469,0.00812374144789636,0.00988074943832691
C>G,C-A,0.00638290566240314,0.00283417728779687,0.00209010054093803,0.00185157045071263,0.000586227622250857,0.00559009852215116,0.00239740350432293,0.00241674258721193,0.00549324008621393,0.021767474720812,0.00531720661343705,0.0082280309417818,0.00229823471858708,0.00223000801083586,0.00429139916019567,0.00716128447073167,0.00186319378974584,0.0270919835661724,0.00780402593103382
C>G,C-C,0.00628452125369287,0.00211876047800181,0.00152881676063181,0.00159877513442476,0.000802829593719237,0.00186597126396154,0.00494702755770689,0.00828749102803699,0.0129053926924511,0.0371012979047695,0.0118548493860157,0.01324388514489,0.0023289764669919,0.00158471523727582,0.00255763601524411,0.0140902518020759,0.0176266617315156,0.0131611783606783,0.0189355869363123
C>G,C-G,0.00340022816123699,0.000802777608481505,0.000787549313152667,0.000887370516977946,0.000674270302051921,0.000147271295145498,0.000824565327536068,0.000518231095877333,0.00132068962696136,0.0251356898238869,0.00138235512428606,0.00614532139001317,0.00200107673178794,0.00737168189173277,0.00245970770953289,0.0080926883773143,0.00369642404873273,0.0109666904990432,0.0140174107295381
C>G,G-A,0.00579085151536602,0.0027051968105954,0.00273828939514326,0.00198762740302293,0.000927505558649642,0.00728862435845428,0.00278113975969102,0.00377043017733378,0.00241364286238483,0.0211102623810729,0.00505843709095291,0.00867004045490807,0.012230322670071,0.00149270190697606,0.00640347926267443,0.0110392723654287,0.00843468866599971,0.0122897646993793,0.0182000228126033
C>G,G-C,0.00470098643316119,0.00331384924974044,0.00178044769770648,0.00218440528539743,0.00114639567986398,0.000548948889033912,0.00104804094738984,0.000652106020606904,0.00343160891926034,0.0261794506970496,0.0689694030478885,0.00654446995382069,0.00522826780570926,0.0366585551008362,0.00321816186215279,0.00283524085144803,0.0152626248337371,0.010295348487437,0.00399495585235332
C>G,T-A,0.00405937289859587,0.00183974273696366,0.00170278128808133,0.00150181359321609,0.00044646343183845,0.00366091751839227,0.00241700524596535,0.0012798789443436,0.00249742441334789,0.010463942372045,0.00343293684461914,0.0042464539354093,0.00261335715799677,0.000954207078055573,0.00501989851989193,0.00758467477873989,0.00547098404260168,0.0247629191802483,0.0338930983308527
T>A,A-A,0.0390197395885526,0.03070304134434,0.0721779449812518,0.0579680926140745,0.00171463474637555,0.0122090590587629,0.0601660626011503,0.109201053839504,0.104210447439393,0.00347933482198932,0.0433223993294231,0.00585666434103624,0.32702213213543,0.054031152603129,0.175465068314562,0.0184990536044534,0.00790424405162081,0.00612191763642977,0.0105239564682246
T>A,A-C,0.0309720235399393,0.0363913175357674,0.0488489157562445,0.0263159214862918,0.00300215168122827,0.0261308490582909,0.0173417454963586,0.0474724204287133,0.00760494763839256,0.0302775958862826,0.0134375583822515,0.030154879097807,0.00416948891004861,0.0480980667505311,0.0058491999441272,0.00209477164714146,0.0114787692214866,0.024997751471555,0.0219354842391985
T>A,A-G,0.0344442398391425,0.076941415870525,0.0504547651111676,0.0331621623838002,0.00434207208979016,0.0400633335775933,0.0406914608269289,0.00997778132127151,0.0117360143001474,0.0213166076801801,0.00882789567949476,0.0741767183141857,0.016461514935991,0.0613130288071236,0.0204506679833706,0.130471255567927,0.00754732083506136,0.0150093648321571,0.0127130983436936
T>A,A-T,0.0406341104076818,0.280161006109841,0.0610617481215472,0.0556496733057921,0.00179738949615876,0.0734603177164074,0.167862349048553,0.0107640801066831,0.0450931431151036,0.0023105389095687,0.0226169528830904,0.0258620297227107,0.0241275155484907,0.0300761020598058,0.0205935719753607,0.021706708180645,0.0366581267763896,0.0140943761106729,0.0245594069855446
T>A,C-A,0.0330941368663636,0.0341577168742239,0.0663759397576511,0.0448678653431618,0.0069035579450026,0.0317381667178741,0.046705952510019,0.105769059595773,0.0598183648132349,0.023889037205774,0.0317070292493467,0.021388389601335,0.00558007221272406,0.0229327601196582,0.00631833370343369,0.0426775252527524,0.020589897000816,0.0680466119928036,0.0062792745442138
T>A,C-C,0.0271900986427107,0.0142103694762197,0.0500699215076822,0.0258481277522821,0.0076782978077181,0.0237967686462502,0.0226412004981807,0.0427294655263369,0.00317390872264177,0.0587114119888863,0.0260578522772157,0.0740454181508562,0.00997560324588108,0.0156859798386232,0.0079238288019795,0.0108454414775609,0.0148481599170584,0.0116492364670041,0.0626132854825572
T>A,C-G,0.0321540139664339,0.0292413159499728,0.0560135015929446,0.019202388079905,0.00586795599439926,0.0305126602570373,0.00181205848605139,0.00636716730506351,0.0539740031457492,0.046678121685373,0.0212290740259234,0.00575274345954726,0.0102139057817287,0.0357335319873,0.0351615344458962,0.00764014966126854,0.00772193469922992,0.0146704476516302,0.0190757499257134
T>A,G-A,0.0285636894061281,0.0324145474996798,0.0550663834173866,0.0424563918170515,0.00469606818537892,0.0183398352845819,0.0274772687470389,0.073558178073447,0.0396275286365387,0.0333850795620465,0.005409278378496,0.0105989258639347,0.0235045803933616,0.00214980910619766,0.00859588080379062,0.0135451998900564,0.0224034411333471,0.0123040677520244,0.00922296295121509
T>A,G-C,0.0283060005346408,0.0091149673726776,0.0559641880491353,0.023245599622945,0.00359741771904742,0.0238611677893922,0.00452433004132374,0.00254281663352685,0.124364448466505,0.0573924132191164,0.00476569958334349,0.228726868650991,0.00846991311011501,0.0423016724602543,0.0116560434138343,0.0418426038530904,0.0145744246448277,0.0131541446927995,0.0382850502527896
T>A,T-A,0.0508537746773123,0.121721042618328,0.15834268882169,0.133982308332979,0.00468688095685492,0.035261221719178,0.227188580071871,0.0754507258893633,0.0276510274810633,0.0023628789395662,0.0212508605494978,0.00746122410809397,0.0556417752141607,0.0892684725280561,0.0342176687105268,0.0217971147016091,0.0205299605350076,0.0641446424649503,0.0172393232293877
