,1,2,3,4,5,6,7,8,9,10,11,12,13,14,15,16,17,18,19,20
C>A,A-A,0.00766899816449947,0.00917245336591141,0.00958272026698419,0.0163280930628718,0.0112679430569262,0.00656079462446919,0.00389340154953674,0.0056159833878667,0.0695287865574893,0.0312377976976707,0.0100716237183544,0.0100799083280639,2.02118477812507e-05,0.00774307488241049,0.0207179318805019,0.0345186983236013,0.00730344415165014,0.0145978135221311,0.0254386132216511,0.031635426715574
C>A,A-C,0.00442280586310002,0.0178146006582061,0.00604623864303427,0.011764209159519,0.0134219765804342,0.00839636057631386,0.00838072170363686,0.00542866057500042,0.0424038984123525,0.0441504284697504,0.0637920166437175,0.0159160896531925,0.0312709405785771,0.0125933779494466,0.00886013981001744,0.00207848638121768,0.0204648006599076,0.023648890923047,0.00869140522204796,0.0208017447328043
C>A,A-G,0.00538341219217624,0.00691107126361503,0.0158474799980779,0.0194263367987821,0.0200027527814011,0.0044100199099081,0.0139993251604352,0.00794227093857892,0.0380451471525579,0.00287284354415749,0.00782081190629196,0.00296517260244212,1.68830608105015e-05,0.0598609310011309,0.0294951881591261,0.00195257236838041,0.0116064518711627,0.00872257770747908,0.0151506701185859,0.00669731699310143
C>A,A-T,0.0063111732267559,0.00941918299698955,0.0227749146559033,0.0211451430955844,0.0100071793034537,0.00423779657821378,0.0120973218088849,0.0118506131220991,0.0308609406997286,0.00507807261246733,0.017943554008913,0.00774298042875317,0.0312258592322832,0.0110504336255545,0.0208811038291295,0.00164112023957972,0.0229994515040992,0.0234118946564389,0.0212770139625212,0.0078569458466471
C>A,C-A,0.00633632811313712,0.0229809897932669,0.00483798320276253,0.0132927658318557,0.0249388222611592,0.0178901148954787,0.00864204703404381,0.00634415886840506,0.01023074371008,0.00698922322990103,0.0411874695791267,0.00989525683437168,0.031252379451533,0.0296989863511751,0.0038690789999303,0.0108635924512216,0.0294283054462044,0.00776831298336385,0.0176175285591359,0.0151072625479211
C>A,C-C,0.0053092618538405,0.00749686841943365,0.00218412351213414,0.0133599348980698,0.00801558614771136,0.00684233808087681,0.017323336336887,0.00252922965651969,0.0155698571873102,0.0201903326120289,0.0401747345248786,0.0296216920462557,2.42663943729989e-05,0.00758574542455556,0.0202289379160792,0.00533595440462436,0.0032325146751319,0.0102405302492061,0.032438637815855,0.0171399747986803
C>A,C-G,0.00732468794356358,0.0102720335540899,0.00315080243518162,0.0291453294055742,0.0317983650259464,0.0105647064349971,0.00805206673049461,0.00372672672742627,0.0217832642102026,0.0031124707233048,0.00982095759210913,0.00317249250588988,1.80812442165473e-05,0.0071537152816414,0.0219298659668905,0.001270748143751,0.0028527122094135,0.0106607443587125,0.0161882556726575,0.00645903588335158
C>A,C-T,0.0128435145357296,0.0103800922250692,0.0155646356649593,0.0158052345896403,0.110443222261041,0.0305828423037378,0.0691737571063835,0.00518303550098219,0.0154442923396298,0.0026369965439632,0.00252899477153806,0.00542508035372545,1.8464969750938e-05,0.0186298850831525,0.0131066419980381,0.00194334005326458,0.0185098781295276,0.00784113572516307,0.014702103532998,0.00646149061943235
C>A,G-A,0.00722695763511094,0.00500162153521078,0.0100155249346182,0.0205530575400252,0.00630854465998151,0.00579214512800304,0.00656114586533059,0.00431226901708724,0.0512072782683337,0.00165100778656905,0.0141468461597067,0.0035270210958464,1.64580989078067e-05,0.0325809709395689,0.0200168856201343,0.00450518081749046,0.00436923129602055,0.0446577492441509,0.0115304177294951,0.0104350676033452
C>A,G-C,0.00495245486716849,0.00589500436511902,0.002624168966604,0.0215656479860918,0.00440710203122132,0.00294897292206774,0.0127159698042499,0.0018736658766489,0.0252150076347527,0.00233318229352438,0.0105796479224981,0.0097486910026294,2.048657353209e-05,0.00904586613631544,0.00741638522644381,0.00557971844396739,0.021372711977652,0.0651398293338619,0.00190926966326469,0.0154874235158659
C>A,G-G,0.00704520279698938,0.00778498490714016,0.00408500476380494,0.0296439284296416,0.0185642004556506,0.00499750855763165,0.005462684948282,0.00806512987536889,0.0497899379031812,0.00799715295530353,0.00132644481795075,0.0030591885332376,0.0626060545524425,0.0357263234049617,0.0269937794184253,0.010932738223764,0.017956620325676,0.0330015671551318,0.00764212356175187,0.0285752762252689
C>A,G-T,0.00679830527613398,0.00860304764714558,0.0152406842215833,0.0234507618672282,0.022251877374462,0.00586151266244356,0.0177952201463378,0.00423245238284484,0.0530614684312839,0.00462151324154359,0.00777975469492324,0.0136019443943252,2.35122654582337e-05,0.0209847297926669,0.0192506801179247,0.00877101269562696,0.00523324357082646,0.0711974325151749,0.00377657345027929,0.0103972935627573
C>A,T-A,0.00795064572151715,0.00584377275898572,0.00556870523067694,0.0215679510755265,0.0215292269708152,0.00517523918389772,0.00805143264388236,0.0102205795180475,0.0419864751380954,0.00757289521995401,0.00442436936101112,0.00826751648559451,0.0625620285503897,0.00666881422066666,0.00856030784231824,0.0214010277298944,0.029142739105071,0.00692112714034552,0.0204609336532985,0.0354658500288493
C>A,T-C,0.00538471395099875,0.00456888252347522,0.0017507186579803,0.0175485335681876,0.00936842275590356,0.00521993368926075,0.0102228193862406,0.003847860211672,0.0204034457213216,0.00510734697004997,0.00262403440856034,0.00155567544999338,0.0311903649722405,0.017592111787757,0.011128167540456,0.0101856385099018,0.0297637420038956,0.0167280774755055,0.00724108204015207,0.0152291341532327
C>A,T-G,0.00630111854705208,0.0068539619832233,0.00348986601277053,0.0233175912817005,0.0100734703026196,0.00486945830788301,0.0038156981625726,0.0030001511162708,0.0320042623148426,0.00367305724881172,0.00598412886562017,0.00922204778409841,2.34334680174574e-05,0.0257549934602672,0.0161716950374568,0.00191386148126751,0.0171675473444524,0.00718474507832355,0.025307820861913,0.0168251043500228
C>A,T-T,0.0118211718222658,0.00774783773377037,0.00868062299561563,0.0129789381302967,0.0510410732512496,0.00922161391265598,0.0495937762118937,0.0150200088727651,0.0273190487744211,0.0158924773596765,0.020731358174706,0.0433628276666558,2.08466410013787e-05,0.00527420310756573,0.0593303077706385,0.0222938548746595,0.0252218766479626,0.0217432568677484,0.0460371447769821,0.00587649010860567
C>T,A-A,0.0322590104337421,0.00875126050015533,0.00916514598737216,0.011129598891833,0.00404469438242014,0.0492135751054503,0.0431308903519045,0.0113151430584668,0.0104793564313682,0.0121482930019725,0.00449529607032181,0.0195149600276841,1.52656581281649e-05,0.01221395430753,0.0637789585140907,0.0121173585042262,0.00950450605927844,0.0862060985738941,0.238830347078595,0.00735027510025381
C>T,A-C,0.027326851214192,0.00512183265746742,0.00163463748906405,0.0184950312229444,0.00524764034676513,0.0482099058177999,0.0224033934457727,0.00520852243353804,0.0144867923958114,0.00944922969418996,0.00708269066667257,0.0137793857378454,2.08397453280527e-05,0.0131241508316498,0.00160575261064919,0.00243322054051739,0.0154064656087087,0.0267448212337402,0.016812977506145,0.0335620087127934
C>T,A-G,0.0555779760163256,0.0117990539149095,0.00264792840074982,0.0115563041089829,0.0048202927305037,0.00587778617283896,0.00626914482769729,0.0160519850413005,0.00210638731959087,0.00877747661679036,0.0027621727526904,0.00662643522006498,0.124918877830157,0.0863898587489397,0.0122318982200871,0.0024500845780324,0.0115420904426096,0.0604460090844036,0.0351620837782434,0.00938659107476639
C>T,A-T,0.0304698171378707,0.011788093816156,0.0123710769912908,0.0272481489948863,0.0167862891818298,0.0266205449375121,0.0124832754562287,0.0156061019997874,0.012009012327793,0.0125000549674567,0.00855142864664386,0.0317304032168295,0.0312762310469586,0.0138036068112117,0.00572780436496968,0.00665677601387343,0.0259214553081088,0.0192377961117532,0.00427467645032786,0.0156678886181564
C>T,C-A,0.0349453068267185,0.00156216627540321,0.0053656065319114,0.00629772196511284,0.0192807934880322,0.0868366670122532,0.0117785019631687,0.017840250231733,0.0396636229613987,0.00651108924482231,0.0177354459597028,0.017517477154757,0.0311625844501907,0.00621361490544935,0.0332800144048028,0.0582616377238968,0.03364194569404,0.0306517175532357,0.0102944059033969,0.00274168604229935
C>T,C-C,0.0304197703023903,0.00392690993898708,0.00212893805700194,0.00814192647600154,0.023396490048408,0.0760021140608978,0.0227193254140927,0.0117230941270075,0.0203012671644256,0.0223253335278356,0.0262738383447173,0.0490796322781256,0.0312719582307854,0.00570017217623422,0.0275861668920733,0.022464105711969,0.00362328085284517,0.00400306982741131,0.019315105917688,0.0446110214681464
C>T,C-G,0.0788766797755595,0.00556487030786368,0.00549763178703501,0.00829462801471912,0.0545875753901345,0.0476758925525892,0.00869337125361355,0.0194957419836117,0.0127290942419006,0.00566534380615946,0.00815901073733818,0.0141459135579924,0.0936574171046067,0.0203266810926999,0.00910251593259986,0.0192596799572545,0.0127336954934602,0.0211774337113453,0.00662375493595841,0.0168411253106671
C>T,C-T,0.038313795324057,0.0104855068498655,0.00131466505628846,0.0201184958365297,0.0736569234047951,0.0590531385009142,0.0106198226577288,0.0148792636187426,0.00252789757191927,0.0253929409367487,0.0716765246044055,0.00861307783293016,0.0312328335275507,0.00381031866912091,0.0239464152360397,0.0185738378791909,0.0487590135472365,0.0103543831724613,0.0134199184536067,0.0150971685386421
C>T,G-A,0.0314548168327838,0.00841589216334868,0.00850395234850578,0.0094412053282453,0.00876969405737015,0.0474564999317781,0.0275007140612709,0.00526743865974025,0.0179313392902152,0.00311412220600715,0.00734807750065483,0.0132404090909277,2.26940216805049e-05,0.0109311949999492,0.00239171637108434,0.00358664621609981,0.0136031555623989,0.0149315006646596,0.0125934533253222,0.0164550651737393
C>T,G-C,0.0426283522809927,0.0104983151150902,0.00836920763972997,0.0119126719605326,0.00658594948345223,0.0469215044245655,0.176370586097355,0.00821584865601719,0.00622115639139269,0.00265372198674254,0.00628263229427345,0.000191372831797361,0.0624968844749338,0.0199183755493352,0.00779169300586475,0.00281102707048137,0.0235935094047224,0.0144484474594082,0.0155800268971517,0.029826130894417
C>T,G-G,0.0652703746754643,0.0115965101483479,0.00404188914824771,0.0255481853645199,0.0110772821368257,0.00544968223203753,0.0144303068502737,0.00334239447897,0.00601754814754307,0.256317358839391,0.00389340242973243,0.00248469927524467,0.06254318691007,0.0563945789307777,0.00848901195082229,0.116370500529827,0.00949910133726555,0.00802969159950839,0.0146662034130719,0.0542385289079631
C>T,G-T,0.0490065974528247,0.0309109679221067,0.0158167800444859,0.0236872758520453,0.0288585367077725,0.0391570614119855,0.121570773801617,0.00398288758718986,0.0374611148854657,0.00837550351404598,0.00919217013051764,0.0269511468387165,0.0624770325938001,0.0216090723911447,0.00317350993476305,0.0108332628931773,0.0077404594943628,0.0181014996129642,0.00973251639254225,0.00648266517057879
C>T,T-A,0.0361388159358149,0.00779541501761309,0.00780801625143665,0.0138708605188964,0.0173049524281035,0.0745879938995784,0.0143045977026577,0.0591650125017672,0.0300211923843569,0.0103892900770761,0.00466811683201176,0.013504404721486,0.0312152001365355,0.0110235693539001,0.0045253857022174,0.11982620996729,0.0102087961227504,0.0376196646420034,0.0114901839063145,0.00963351932762981
C>T,T-C,0.0463831354780608,0.018978671917316,0.00335836709739055,0.0152264924514622,0.00579593375211992,0.0442123114541611,0.0473058295865007,0.00829592830768352,0.00698941150398108,0.0127704726769897,0.0114601796133468,0.0253438796155263,1.82824085716437e-05,0.00608385093449228,0.0051492696183686,0.0593776421912023,0.0291667817222735,0.0152800985280004,0.00676074374373106,0.00896597567534872
C>T,T-G,0.0696479627555413,0.0119445929489653,0.00794489262410924,0.0148186665383519,0.0628270052025365,0.0207319716149643,0.0120701878055994,0.109166792987074,0.00372416919502386,0.0341106116498351,0.0151510181680486,0.0353820125713966,0.155746072126545,0.0544024413431538,0.00956745258287984,0.0534964386275873,0.00611117549166451,0.0103606232677076,0.0189944434784828,0.0250677500789012
C>T,T-T,0.0366068221186349,0.0149095832232246,0.00409527294368729,0.0230796874312642,0.0366394215825318,0.0461226387239744,0.0112461041801845,0.0407557804955664,0.034793196078911,0.0529845565361473,0.00522146468753089,0.0187684877866719,2.37053487692368e-05,0.00719726550149658,0.00137043878057805,0.0706072902779939,0.0138878013534964,0.0102715880834103,0.00759837765938239,0.00749128201812643
C>G,A-A,0.00383812117011094,0.00215600719348631,0.00153044420739377,0.0189066378329209,0.00741874868901906,0.00242869119055421,0.00359132845924987,0.00417964682659494,0.00405039319700173,0.0118987745782637,0.00370107602867669,0.0039165433308824,2.49342477441609e-05,0.00982756704036681,0.00213596416304308,0.00645521061410626,0.0118318060306224,0.00806557861132761,0.0132318497616101,0.0237784285919818
C>G,A-C,0.00372483249805171,0.0011880308491567,0.00094808761601181,0.0209331693731027,0.00850931999140063,0.00353322236160999,0.00334026160471205,0.00472806520473919,0.00182094406730678,0.00301780527404495,0.00980780448615574,0.0121728974982245,1.77237434833273e-05,0.0128204166087079,0.00491880307906095,0.00382822218495184,0.0175598927427525,0.0145583295526673,0.00410389476985036,0.00722761569252523
C>G,A-G,0.00382641692414212,0.001125203632836,0.00118009502874438,0.0201242191446533,0.00727031650491751,0.00202597295649342,0.00424655214436323,0.00475058357340923,0.0088176959316252,0.00145940392140696,0.00847751041941469,0.00399157011309692,2.29083774706888e-05,0.0136028889893065,0.0049223190682443,0.00296360552922517,0.00719294486104165,0.00336939196666083,0.0231370949507591,0.0142823727564609
C>G,A-T,0.00220424987500157,0.00131911355521385,0.00193370954842862,0.0151836140122425,0.00306071273734656,0.00137153345987367,0.00354376733970245,0.0027727339674581,0.00326069378717857,0.00111305401911838,0.00211012713091344,0.00740950911656514,2.19677525959436e-05,0.00905037194646385,0.00817432358652929,0.00116048720982852,0.0179220457565368,0.00740034679225677,0.004586469048947,0.00470540471973667
C>G,C-A,0.00279476051713583,0.00157378159101158,0.000938202269158454,0.0229668115682991,0.00812250425626466,0.00138953051105279,0.00180313421841606,0.00741203362756608,0.00458945516042985,0.000171617854443168,0.00655643071415558,0.00694129824009846,1.56802818477274e-05,0.00925603605370938,0.00199427157205532,0.00294388437165353,0.0193131236954666,0.00245597868253423,0.0158691772352358,0.0158475202280443
C>G,C-C,0.00260082028928821,0.00108099424453314,0.00100054357071778,0.0165613477878905,0.00954171198032012,0.00173352983812649,0.00158935133879161,0.00227288399324554,0.00411570901303685,0.00209487880547459,0.0152240158303194,0.0295933128278279,1.97223104290901e-05,0.00238305853585137,0.00563490696866884,0.00131321946598284,0.00404210365335005,0.00592956857562366,0.00861205656553692,0.00571768695298977
C>G,C-G,0.00185500616047731,0.00101154673192389,0.00045604799309062,0.0176192987626716,0.0103147342392138,0.00174480463760204,0.00103979221751972,0.000691625946496824,0.00580582092753073,0.00176848379014527,0.0173454095465103,0.000174066006321915,1.65232164859561e-05,0.00204635649405074,0.00827209409815272,0.000688476789376412,0.000971792836721304,0.00255266701629512,0.00461239143119999,0.00306638803732789
C>G,G-A,0.00283918214171564,0.00201465519578463,0.001401228029964,0.0195889711297005,0.00750278965519604,0.00239935801862061,0.00462655895124101,0.00221334187631765,0.00706159253090701,0.000869614712021978,0.00461985878557055,0.00420321040216679,1.73756180909559e-05,0.0118016565381185,0.00510442983203064,0.00288442235004977,0.00702392752808845,0.0137227585382054,0.00934707794537598,0.0025531425461929
C>G,G-C,0.00248117349118708,0.0010312786374035,0.000628375757554332,0.0167911974616624,0.0095356427955224,0.00185111311274213,0.00106569444241331,0.00105336904291934,0.00193611068409108,0.00258232105867097,0.00519851597947345,0.000191076736905315,1.51802855579136e-05,0.00233724269155791,0.00492126707044244,0.000592484251952258,0.0271096523624862,0.00363823887198254,0.00241947372357496,0.00636167320736144
C>G,T-A,0.00180229514318342,0.00149033032899221,0.00125184352485864,0.0165660035964345,0.00708998964118369,0.00351515619582859,0.00143880023860926,0.002513259559344,0.00217985597482577,0.000478730217489222,0.00280738670310605,0.00193934164964756,0.0312410604868129,0.00257973029999904,0.00537838249433619,0.00602312843952063,0.00489679895580795,0.00455976663765481,0.00887765419464141,0.0150255923080618
T>A,A-A,0.0222439259359928,0.0654380700951213,0.0102650966199266,0.0171580278101553,0.011860304106042,0.0114018670379008,0.0119307578080079,0.0667410638038591,0.0057101167993187,0.0174650865484824,0.0225403541549224,0.0193177378389161,1.58811384236574e-05,0.0117117473265783,0.00519606462998077,0.046387469984559,0.0419696745119008,0.00825823665574152,0.0397310404650919,0.106390118965873
T>A,A-C,0.0110174826686551,0.0349495605956042,0.0530342179169638,0.0382380691087174,0.00721254564289447,0.00764572335464377,0.0198095792600334,0.0303443050890151,0.00921695846560124,0.0198957107114678,0.0468858639007887,0.0133579853900287,1.90009123134494e-05,0.0508407833316661,0.0211179183486283,0.0214193643622411,0.0356731405206892,0.00692009513476741,0.0250204189437474,0.00716613096303101
T>A,A-G,0.0154396651425222,0.0742525693780356,0.120470949498148,0.0174085167343072,0.0255358713465669,0.00585789242168906,0.0230955412090293,0.00975562815076005,0.0326111610219904,0.00806657302050099,0.00681221087236818,0.0492728698400338,2.12926177467446e-05,0.0416852613329546,0.134831996267777,0.0114523413705684,0.0992606623455169,0.00828047245405361,0.0175900328429293,0.00996583916819966
T>A,A-T,0.0243042366957924,0.114716778568056,0.383288189158839,0.0138289927508238,0.020144575587878,0.0350454194961732,0.0167570195518196,0.0179485013307004,0.0329329276479744,0.00736988228513979,0.111758185962703,0.00451124793987122,2.06889715476556e-05,0.0107556226856739,0.0163854647119557,0.0354949994181853,0.0141282223341027,0.0231291492503118,0.0100574579050466,0.0775957919573178
T>A,C-A,0.0143893782221907,0.0508728385866911,0.0428215776802309,0.0279926244510814,0.00879426371394281,0.00930620458620626,0.0198461495740075,0.121385969776929,0.0320135198943444,0.0677649484024064,0.0267891425383209,0.0186867239721787,1.58288881893725e-05,0.0344277262924587,0.0441385809784696,0.00609686614180157,0.0821462869235178,0.0139617291363692,0.0294031937553251,0.00916074727485092
T>A,C-C,0.0109628502864407,0.0554431928871348,0.0152410755625293,0.0277017243790081,0.0198202736648897,0.00795309878841695,0.0168724900274865,0.0211473591772703,0.0129731343683383,0.0510200464272022,0.00374026325598632,0.0253475297161978,2.28005262554506e-05,0.0371249574317022,0.0630051030120972,0.0198494852666804,0.00637634980643177,0.00937124325162069,0.0278142653649627,0.00466010367094509
T>A,C-G,0.0164086223808824,0.100293422159439,0.021571653037684,0.0272577892380028,0.0389738057431988,0.00881082709808481,0.00495575806036121,0.018203350093363,0.00708400222303727,0.00689694551179921,0.00511495578802224,0.0385163425905476,2.03416021679661e-05,0.00844915091198167,0.0545717288402292,0.00659721390634739,0.00766593411189439,0.0194019464435996,0.00961402431730331,0.056509878065583
T>A,G-A,0.00929822528536673,0.0323969416713599,0.0293053006688954,0.0317414317888258,0.016083693793502,0.00873963553808212,0.0125540443167872,0.0870190391436867,0.0103785135582857,0.0111061987722248,0.0454071942972935,0.00876313522137981,1.33071148725924e-05,0.0287304784531871,0.0626765180440017,0.0362886198539336,0.0148806946896658,0.0402319636936003,0.00703272669529765,0.00810396313716353
T>A,G-C,0.00858169183485286,0.0226305581823789,0.0190469736219436,0.0389697154428208,0.00553949619555426,0.00382755094494085,0.0201886526636231,0.0292280283452331,0.00370762695072861,0.00429105364813509,0.0130970202807436,0.26970946629649,8.56882088532379e-06,0.0070228340645256,0.0128283970641694,0.0450537361833534,0.0244520803430474,0.0245453893705324,0.00372565501742503,0.0286878020101759
T>A,T-A,0.0209802262659979,0.114219077468365,0.0621781861279196,0.0147014799497562,0.0145494601715691,0.0217182228302188,0.00902721651906749,0.116134229655313,0.007417355049767,0.132066672650675,0.171116456736041,0.00794685234954807,1.98755711530102e-05,0.0364592439752181,0.00611636491472568,0.0181934984808508,0.0140143615764838,0.0183170213025044,0.01765523238359,0.0393242799482885
