,1,2,3,4,5,6,7,8,9,10,11,12,13,14,15,16,17,18,19,20,21,22,23,24
C>A,A-A,0.00852252169659863,0.024435373857096,0.00907550096650176,0.00121182571343442,0.0108577388459126,0.0237318074053228,0.0338549173401637,0.0109455763656611,0.00402171132570444,0.00331048973273043,0.00713277635490549,0.00131070618634491,0.00281341732420814,0.0126338540850005,0.00375770442140839,0.0131631433143151,0.0226108040482114,1.14155412432683e-05,0.0172752880643428,0.0170867158096031,0.00291508714814403,0.00874547789697516,0.00258139729879949,0.00705351464144059
C>A,A-C,0.00554401394339867,0.0186183728222038,0.0186586103099405,0.0017044365873271,0.00443567307490872,0.0183998760035373,0.00642573549291655,0.00302190634098439,0.00244274304801606,0.00372545369231345,0.01439798905143,0.0201502533914844,0.012996067096327,0.0390604772872444,0.0219792984977961,0.00564594268244201,0.0385576644388072,1.84098742900457e-05,0.00415146361239888,0.0131566879918736,0.00690433735241401,0.0410629965316492,0.00861138869066621,0.00623974802729759
C>A,A-G,0.00694989241813925,0.0121342866513542,0.0109015910818444,0.00679334958717974,0.00824233392406686,0.0109670111597208,0.0171263208669486,0.0106409381257613,0.0111028276671318,0.0157272899879954,0.00801862544678692,0.00154471964830832,0.00235044543414894,0.0045314934050169,0.00819663823775753,0.0168573916000033,0.0183904081781403,1.9914173448007e-05,0.0275098529477223,0.0207985024923578,0.0128738379071854,0.0107240785914315,0.0104596820852802,0.00687519427565237
C>A,A-T,0.00654820592745785,0.017000994601776,0.00880709196555939,0.00244061920928159,0.00357822065975888,0.0116726110193852,0.00590154339128067,0.00264942876378714,0.0195870566019147,0.00609100683436281,0.0176650083610115,0.0129753165693238,0.0283747430399728,0.00737984160152912,0.00439989384416858,0.00327080134718052,0.0020527050088717,1.72698133980923e-05,0.0229842556852363,0.00408978306286647,0.0144890242884104,0.0205095527894531,0.0296295957613069,0.0105723789798245
C>A,C-A,0.0058498719798226,0.0229842643373411,0.00955073353047759,0.00424269871959711,0.00490835069146067,0.0131360743247344,0.00694977767102818,0.00200884841113189,0.00135142155698837,0.0014331820884359,0.00692497611173117,0.0120736955273201,0.00717862501403205,0.0794779198192242,0.00669956658750786,0.0166641642085383,0.00480717482911237,1.29138486430761e-05,0.0104327578950147,0.0262221244785745,0.00724101402221069,0.0362325054795052,0.00858016177107035,0.0121171956553063
C>A,C-C,0.00343035081462765,0.017354852937538,0.00925193132330422,0.00281837839969409,0.00489281514176224,0.0336880616101664,0.00355570210288824,0.00179496194918361,0.0109914875337899,0.0072822377524415,0.0031544938220826,0.00298159437853199,0.00561462102587204,0.0333323213982831,0.0066915991986171,0.0101814812794703,0.0310239365869355,0.0400803578518338,0.00687279819297944,0.0322862786014748,0.00969097179034586,0.0109900450279611,0.0144822139128334,0.0146264773482548
C>A,C-G,0.00733433299258181,0.0144584931111234,0.0176916628654249,0.00128682825015117,0.00209479914924265,0.00182367635406707,0.00511613929859756,0.00332313601603644,0.00979574770388353,0.00782271175785311,0.00281254154263528,0.00597231945473269,0.00611943254417797,0.00359918761778779,0.00912936068813894,0.0012898200223282,0.0638008842635323,1.89678684223188e-05,0.0055940246388356,0.00946345854996535,0.0283368145210373,0.00991719959146097,0.0152255139508831,0.0109287866165354
C>A,C-T,0.00591510001833936,0.0195783519142732,0.0158000235163551,0.00577253880801582,0.0040309469328748,0.0146967380187696,0.00232534787793898,0.00473870268646383,0.012816670213883,0.00268903689734403,0.0197728764432347,0.00359883543795478,0.00245689301074526,0.0083681787757107,0.0214810866062015,0.0227563838467936,0.00779272500979963,2.17401137459505e-05,0.00871127733425931,0.0233382874553367,0.0340577322238621,0.0138366604617781,0.076024909861394,0.0677394782899667
C>A,G-A,0.00582919548513531,0.0144967896621168,0.01109239756859,0.00550301346572377,0.00545907718958811,0.010738713793999,0.00844822234267417,0.00194327964176646,0.00885837663067076,0.00582399367614669,0.00828975323606426,0.00260314571824596,0.00943012512019949,0.0120798033346149,0.0144925313903905,0.00192252616274504,0.0210924664828671,1.64321143094133e-05,0.0182228348589235,0.0116136203211065,0.0106161878404457,0.00373674913394819,0.0123318544475189,0.0244536162323721
C>A,G-C,0.00480935829400317,0.0150769964173643,0.015923586919992,0.00109947833835885,0.00380776664963019,0.00244560233657449,0.00879324662493696,0.00911110812227399,0.0181739689823093,0.00358372412995938,0.00433313361187759,0.00648129549848081,0.00320024317974042,0.0212568685494539,0.0128612426498556,0.00412317243551271,0.0186840585577219,1.60634445353271e-05,0.0245774449137564,0.00568797045974695,0.0335717002832777,0.060880341744107,0.0152923941906676,0.0191029263734231
C>A,G-G,0.00854350858239785,0.014140226611647,0.0177886032560484,0.0011088400876891,0.00392928398821316,0.0179566227637446,0.011415921395978,0.0352566700047979,0.0120965082390704,0.00345888038376234,0.0130449702527202,0.00387743568278583,0.0107639194159009,0.0384487354394192,0.00668380975359741,0.107097996087849,0.00715964355985423,1.32775023075893e-05,0.0325075028632943,0.0339121808674703,0.012204210609795,0.00960017211202473,0.00581891471004942,0.0390704180099738
C>A,G-T,0.0053432616604138,0.014443024199237,0.0118726589324356,0.0106932494898717,0.00535632716483761,0.00817195940822425,0.00843050592615751,0.00419780206467804,0.0167927924410377,0.00343120408979211,0.0144196320086522,0.00439789263818194,0.00475830126627711,0.0119088685646171,0.00210132983001497,0.0120520597199177,0.00777207353165059,1.71349927338188e-05,0.00695289545494097,0.0116263964270495,0.0175316541992758,0.00640206364307357,0.0364586333417999,0.0379138456882835
C>A,T-A,0.00740302256213812,0.0344910021142511,0.00853834652972732,0.00355606071634702,0.0154332828375057,0.00835524204758925,0.0224642603875463,0.00698048077621842,0.00820187454740199,0.00278748817920179,0.0206634191773497,0.00147125326619883,0.00165208664611905,0.00843186060758877,0.00407934201329434,0.0103524561325693,0.010038386456258,1.91188617465619e-05,0.00664580075383757,0.0236448751326927,0.00521991204363481,0.0186246079071337,0.00735078565562126,0.0205838453770266
C>A,T-C,0.00574157779272277,0.0155379971996466,0.00882667117021128,0.00270822332647062,0.0103405269303339,0.00823577809722518,0.00729594202656919,0.00410939036667958,0.0108256741832504,0.00229948691693245,0.00461952743285961,0.00617541343395794,0.0225815881959714,0.00467158046725773,0.00622265709354964,0.00162818908115216,0.0287121062996283,1.49166583926501e-05,0.00611796242699468,0.00683473360764363,0.0329001380080184,0.00433881491404236,0.00863788954379865,0.00325816033120318
C>A,T-G,0.00870041854078902,0.00848365688356065,0.0125220413045333,0.00173610673828509,0.0107882647011843,0.00847152624085158,0.00555826398427154,0.00552791867811721,0.00275550010979775,0.009910699836154,0.00243201144352521,0.00315282511746389,0.0392401835155603,0.00700402102423202,0.00243355879049594,0.0185598404933515,0.0392508712456387,0.119934899075124,0.0459114570051656,0.186890637367162,0.0234047587249074,0.0106570003008184,0.0390025921077604,0.0167007804399347
C>A,T-T,0.00682420344654173,0.0149049712360815,0.0101816278798877,0.0101025672876313,0.00893262428879665,0.0169070166436907,0.00483996884929531,0.0530079048437198,0.0115303651177934,0.00569550687743081,0.0195528215736382,0.0561736316036297,0.0414969909959308,0.0138396203868727,0.00716183218754354,0.00290742796224149,0.00417101783913952,1.51374832977204e-05,0.0164987613583866,0.0127932570188128,0.0133998943897349,0.0163959909590654,0.0231858688100977,0.00966656128997307
C>T,A-A,0.0366504239561415,0.00380829978134509,0.01403659296097,0.00627767238524166,0.00490357108213694,0.00893841124936248,0.0200324222276949,0.0699174214398827,0.0370143410247136,0.00745166595714243,0.0301657938957703,0.0602877920852956,0.0488140142751685,0.00381797749846234,0.0182167938009514,0.0020604236428901,0.0135687382369125,1.59890497009597e-05,0.0228760628356062,0.0169116307685982,0.00483178383906706,0.0192490928564712,0.0240903906688042,0.0143947404664266
C>T,A-C,0.0338866289591658,0.0110127944891108,0.0209563718298213,0.00194578512800689,0.00629775071201452,0.0065465094604027,0.00967059147160925,0.01527081025032,0.0411319864128896,0.00854296233898897,0.0345259344807182,0.00292109857773132,0.00674317974928326,0.00453824238932213,0.0205717573554271,0.00954918220311239,0.0348017545198803,1.16457678496325e-05,0.00551930692209408,0.0110071871264059,0.0150767583325656,0.0199628335658582,0.00860159170972135,0.0192464864455226
C>T,A-G,0.042716143709556,0.00732431588837263,0.0214772147010635,0.00164581692088223,0.00821104188994391,0.0016115653306619,0.0124843263672837,0.00618007077596155,0.0135196587050371,0.00280683583360824,0.0179202398941105,0.00424378874951637,0.00338484263667706,0.00372534207586273,0.00443993581725931,0.0274555608432155,0.0106591617716825,1.76331137248008e-05,0.0158424578957254,0.00257012824418524,0.0107349119175477,0.0193079169821394,0.0126219758236793,0.0162782988637443
C>T,A-T,0.0367476501466324,0.00873453002850035,0.0120724341760894,0.0167667307215286,0.00378598860465664,0.00262769396531223,0.00770977631699016,0.0161666092000993,0.0528220506798059,0.0247779617337095,0.0634864374672063,0.00843484752700461,0.0260403671006741,0.00357641713192328,0.0257098948870578,0.010120006435192,0.00352018567757272,1.75219348662169e-05,0.00901247397364787,0.00544957153153254,0.00856703415093437,0.0306202115793126,0.0132223246322681,0.0383922212575263
C>T,C-A,0.0264810618335187,0.00932296017445832,0.0110398263996508,0.00394150379194228,0.0446809420733857,0.00905296206095857,0.00241429096068639,0.00677395392659653,0.0294687671058538,0.00387699707509878,0.00683617267290511,0.00319193075132771,0.206647885499037,0.012369402724219,0.0104743500109414,0.0154897249281064,0.00811422334683671,1.51799965018892e-05,0.0125869760065281,0.0164785681172843,0.00653677592284415,0.0627195295343481,0.0139953458757694,0.105977505768531
C>T,C-C,0.0335568505987889,0.0159404330876921,0.0127699260938406,0.00727863757754485,0.0332068762031452,0.0520118252741332,0.00653535035273745,0.0559555277414697,0.0140155191869475,0.0144591880601029,0.0344578320256979,0.0134337530148948,0.0132757574268365,0.0338173216814725,0.00347925501496826,0.207163350750679,0.034789472154051,0.0399574466864261,0.0121870737801201,0.00946033381018686,0.00991335927750577,0.0100876477845812,0.00640735598650496,0.0188770364941597
C>T,C-G,0.0462340040315031,0.00737347277444333,0.019923501454225,0.00284742076719756,0.0210062866105279,0.00269665187921882,0.00435584174614391,0.00146740752970619,0.0328513587617123,0.0132831225739049,0.00335309223093908,0.00496277655815205,0.0130157533950848,0.0100735034876384,0.0135213951952344,0.0069374209614743,0.0197968987225791,0.0399272417533217,0.0034991736351596,0.0152489384306577,0.0256412343545639,0.0112914741086396,0.00405526901031562,0.00671011415960554
C>T,C-T,0.0448344945483435,0.00805686121117113,0.0130322972477009,0.00615748453839382,0.0233837893753879,0.0144130298048032,0.015516361197716,0.0798911212797862,0.00196640786209165,0.00594228354711875,0.00652487545538011,0.242425494166314,0.004863749367393,0.00923600227498507,0.267759024673572,0.00620532022422739,0.00855485513773103,0.0798218730036588,0.00565982010277882,0.0251783097367771,0.0146892870386879,0.0213288027556008,0.00854825151347124,0.0315713513833442
C>T,G-A,0.0321574908332147,0.0102546030121834,0.0129065833426312,0.00675964119219057,0.0047832021957221,0.00434173414157768,0.00341418619033171,0.00769178452216958,0.0463428865057173,0.0289341234095748,0.0346807475315559,0.00287451141315699,0.0357419424426156,0.00575743170547473,0.00791931401238139,0.00717193683705972,0.0148011181235951,1.87218703032602e-05,0.0130426270110335,0.0211471128683585,0.0120615079067896,0.0188269144219711,0.0132350518980853,0.007737881139065
C>T,G-C,0.0439154499462121,0.0255992407418561,0.0251013024649143,0.0168338273389924,0.00391368634680499,0.0151525261891405,0.00792932381725185,0.0019833677840394,0.0780539411812374,0.0502178361744269,0.0153350113468399,0.00492547280819062,0.00277754616882915,0.0152206736481176,0.0382373181320191,0.0265561812668715,0.0161568449683771,1.29300221635244e-05,0.0111688560785767,0.0338860057316818,0.0325575374994494,0.0182993468217201,0.0119705805356964,0.017011520532034
C>T,G-G,0.0586633707310025,0.0128797867261304,0.029767626956571,0.00248137175290877,0.00586822674122688,0.0183059993134006,0.00257051194693696,0.00339616284178587,0.0362748817180781,0.0197753783089786,0.00473899462851778,0.00375817918529524,0.00371226731489178,0.0405857234939557,0.0492978760943156,0.0239077591522891,0.00607292604724929,1.81212585852998e-05,0.0115566315739758,0.00740619668149975,0.0106173240235844,0.0151268591008874,0.0086721422722286,0.0166993691867606
C>T,G-T,0.0456710617889537,0.0124944986464793,0.0271493506195227,0.022318459202543,0.00915651650270293,0.00903993358924404,0.00950616705279707,0.00205574287975341,0.0325129030842797,0.0379600871915974,0.0450086558537236,0.0045961846931829,0.00740888476231103,0.00446705548862374,0.0390579515817397,0.0242565822230399,0.0540626093363678,1.74288761985322e-05,0.00593406105133228,0.0244241632826411,0.00824722273978705,0.032908509673432,0.0531855082075461,0.00519529014105774
C>T,T-A,0.0339975818306578,0.0176082955018807,0.00954184202044459,0.00242780026931423,0.142102147213288,0.00653677981081061,0.0456744341070316,0.0178910520951347,0.0383520587423355,0.0128022921072447,0.0428457894827219,0.00456040063139653,0.00256722232054011,0.017451461916179,0.0187675982714105,0.00728622239909908,0.00988431195479681,0.200081219745091,0.0105092256857798,0.00923883939358523,0.00855833083878498,0.0132273696012822,0.0740067273971121,0.0280102273860746
C>T,T-C,0.0604819196677732,0.0198848384274295,0.00792551236330675,0.000919609741007179,0.124171687432351,0.00414963523073187,0.0242384414670329,0.0481123007896262,0.0047042152382157,0.00606050777834356,0.0392716969715273,0.125292356383015,0.0178881922043346,0.00811215613162232,0.0207850675095072,0.00705693534722719,0.0184406729572455,0.119869991443727,0.00332126974421203,0.033956829533457,0.0793167000768923,0.00773768824407644,0.00502323652254809,0.0170514772801903
C>T,T-G,0.0623984588867175,0.00677674353845541,0.0199850600167214,0.00259982969328813,0.134462104778478,0.026207030119327,0.0446766465957539,0.00251417203321328,0.0325310701539004,0.005680113156176,0.018580284343923,0.00155437947649112,0.00200177904276569,0.0141962085704281,0.00552850266500986,0.0175207948694633,0.00660383179799029,1.55423353102712e-05,0.0105329241104095,0.0219002309904111,0.0432675509307824,0.0105498085370747,0.0056180247228934,0.0150321310049019
C>T,T-T,0.0443536940026083,0.003754572039272,0.0108053843819084,0.00694833941287989,0.0986230274200248,0.0240965307425886,0.0349557652689622,0.135509111149505,0.0337104887937824,0.00251267497455083,0.0489876762951879,0.030087531965157,0.0175242299558466,0.00220890758596315,0.0119613340645416,0.0130198065398787,0.053712391368124,0.0398772220178444,0.015447519365192,0.00724637417757576,0.0141433729587516,0.00876590744788674,0.0212441546667418,0.0104643574336372
C>G,A-A,0.00647994912542804,0.0174217526279952,0.00448322971225404,0.00158832690719511,0.00235360772738844,0.00176802289029278,0.00353496413515121,0.0186048320278495,0.0176920190488704,0.00173168551779554,0.0255822696176322,0.00351743816590963,0.0169356608839763,0.0023318007652739,0.0049428321334364,0.00322081436842799,0.00305142078924919,1.8472128097586e-05,0.00268550947373134,0.00359003156627192,0.0095906485169505,0.0118815793280491,0.0147823090232786,0.0114694992090777
C>G,A-C,0.00537592120867514,0.015171187598579,0.0056934682644885,0.0024793978454644,0.0030624017706309,0.00122264351486854,0.00347287790262708,0.000742515418868641,0.00530257030667515,0.00357464889762691,0.00641961966435096,0.00365304219128335,0.00615340072813564,0.00350892304778098,0.00300892008568852,0.00405839217979765,0.00721177451082077,1.87802284711682e-05,0.0102242022114679,0.013302664621205,0.00970521951355735,0.0396633458091148,0.00359858577745958,0.00707849403701963
C>G,A-G,0.00589859983357011,0.0140600483290303,0.00682956291492168,0.00493502121128305,0.00429851273843045,0.0044303418266506,0.0038045102523268,0.00135986332751515,0.0074042005749559,0.00628844977887181,0.0033939218279656,0.00163625677143491,0.00165371709380873,0.00264503589574189,0.0192705866031142,0.00138003693463567,0.0105769345580938,1.97416594189399e-05,0.0124468208272215,0.00866889130191644,0.0120242750730683,0.00740651361984982,0.00775617001282801,0.0114443183083307
C>G,A-T,0.00341148259871728,0.00902271327430734,0.00156089450379135,0.00173723158154383,0.00149650137177063,0.000941660280900025,0.0023316674200037,0.000700100461059764,0.00508053319490826,0.00177446992243427,0.00161452602904485,0.00154990434184321,0.0164981515357233,0.00186007189985902,0.00633719777636969,0.000865443851977217,0.0036244769120593,1.24488588354518e-05,0.00316006147079179,0.00679535503808143,0.00639802996691394,0.0117960249695531,0.00437362797399073,0.00254973370509234
C>G,C-A,0.00870081008666475,0.0170099225457965,0.00454479055170306,0.00128655092192674,0.00578296206831868,0.00164637514697047,0.00506474064529459,0.0014789189835736,0.011372135736946,0.00857168950869679,0.0203038685077585,0.00283280313734527,0.00457566355977528,0.00416710085446138,0.00815737672911223,0.00249226949185537,0.025651069017376,0.0399307137942349,0.00372600082619284,0.0100487496298917,0.0229192616908238,0.0208351409331895,0.00880551326325332,0.0125342572902341
C>G,C-C,0.00436798502365476,0.0155362063207216,0.00439704261020429,0.00238946827684957,0.00309217403338557,0.00592679641725786,0.0056757079878319,0.00102427469821227,0.00517567428877209,0.0100090245683577,0.00235371555833416,0.00362915004385021,0.000726068298599335,0.0158510424050911,0.00688727677483734,0.0129107810228862,0.0399944783235332,1.90281568529656e-05,0.00575885513197574,0.0130396244045043,0.0117113864648086,0.00512905437226166,0.0163324651067467,0.0284432611450506
C>G,C-G,0.00340657066018219,0.00910373373344233,0.00265748439304663,0.000850802397192698,0.000791662962369025,0.000793848151625645,0.00187121601773918,0.00156264288956653,0.000955285853084415,0.00484944780852928,0.000969983148907186,0.0034533995132322,0.00141358507746716,0.00351240957853348,0.0020311017920708,0.00955848396311852,0.0101840692169862,8.668560154716e-06,0.00495596296887066,0.00161888287152917,0.0116780796977599,0.0131987732052859,0.0130405621533209,0.00337158795781056
C>G,G-A,0.0050253943705518,0.0136781519287802,0.00416755584431671,0.00387799169226708,0.00329843204759441,0.00269342848624836,0.00713613111892634,0.00105671746092276,0.00834290424130298,0.00355584511464743,0.0053728295624806,0.00382819294301895,0.002527165453204,0.00211337346082725,0.00291493237578685,0.00138911034142619,0.0162519358369356,2.23431825274664e-05,0.00676373515892741,0.0123230183537457,0.0299430782509707,0.00645761136643372,0.00943580792650374,0.00431996681319907
C>G,G-C,0.00252832424693282,0.00975835804189284,0.0027407990162219,0.00147849591385007,0.00253941654222117,0.00125461774027557,0.00115133796703833,0.000644226733043201,0.00237272202978241,0.0046642781832872,0.001147205650308,0.0124274875542234,0.000994440952562281,0.00657362876378815,0.00378901658059843,0.00374231815783284,0.00833961552825537,1.76394101175251e-05,0.00427623956829694,0.00143261069705378,0.0108483580336181,0.00723878509143536,0.0117739015299308,0.0134804237937926
C>G,T-A,0.00324039514344386,0.0140863856173353,0.00245263976481248,0.00108049507194435,0.00437752964068393,0.00105990594841816,0.00716328925205243,0.0007777379117701,0.00728081877735002,0.00157077925497898,0.00727116207988671,0.00166178448409619,0.000623523775237233,0.00273082088234495,0.00940773064666363,0.000765620148363179,0.00146209534727989,1.48556157820432e-05,0.00286650172113257,0.0065351061107083,0.010197364572966,0.0174239874708288,0.00387367287820503,0.00994171519924251
T>A,A-A,0.0149672075805651,0.0421949190456006,0.0388442411039421,0.0034480615549314,0.0419693489255295,0.133491879171269,0.0836205666150173,0.0658057705805394,0.0199090138402204,0.0129333789284649,0.00733232745296527,0.0251090254421779,0.0416345610867319,0.0110279766945234,0.0101155508911553,0.00914362252036045,0.0274535248654044,0.0399116767286132,0.00385934219658503,0.0220076373785315,0.00769150822930322,0.0115057467728821,0.0149640748547661,0.0161906465278219
T>A,A-C,0.0155429617714236,0.0413382888239712,0.0547597786082252,0.0733011685696736,0.00888560108461859,0.0169439925447807,0.0235444130597135,0.00853255244474573,0.0122953135349271,0.147875246501665,0.00864601086861367,0.0064048360944005,0.0056378113636042,0.0146453728092819,0.0121641455884813,0.0190159530220157,0.0355976395083883,1.85944598073322e-05,0.00603408440502821,0.0316439203373446,0.0230142323740087,0.0160707866937245,0.0447706972462968,0.0377523144597068
T>A,A-G,0.0170506864998079,0.0529593424003646,0.0364514859632898,0.11120725572554,0.00862339893838031,0.0677826553800192,0.0107736570832712,0.00960523503048927,0.0388107623465835,0.0808268259110755,0.0610874097487507,0.0063995944703887,0.0118206403382632,0.0154746952794522,0.0267609362836529,0.0124701884001536,0.0113483452937558,1.3658259803591e-05,0.00927961389042375,0.00429669199005842,0.00593326573629881,0.0988110618800422,0.00352943442685592,0.0177210722903389
T>A,A-T,0.013889091061515,0.051573126685182,0.00942868620114661,0.46696723147052,0.0249825887780996,0.0937260412192441,0.0745265993691812,0.0284887319812352,0.0985895340695541,0.0833415783944849,0.0356103329921054,0.0350242355020626,0.0177397384154065,0.0411745856471964,0.0311412128980765,0.00974444879764718,0.00677636386301522,1.83155248356243e-05,0.0559721387404078,0.0350310507436733,0.0307735744679709,0.0201366411600689,0.047466155661115,0.0196873916012105
T>A,C-A,0.0153052867034396,0.0355715566112577,0.0466801045040283,0.0231185403466876,0.0190560739577285,0.0801048633999032,0.0115665743096719,0.0128366844307376,0.0137866669589213,0.0706306745535519,0.0295456311330125,0.0218495501207427,0.13307500848717,0.0590081318217919,0.00872726248461123,0.00967380367070335,0.0137230847473369,0.120011903888112,0.137489267682067,0.00857724382210491,0.0431057998017972,0.0165025344227421,0.102156011718598,0.0129803317916799
T>A,C-C,0.0186561251371577,0.0415833993247446,0.0803547662751094,0.039148369147939,0.00631976606550666,0.00627329194068446,0.0026058349775446,0.108382878983165,0.0203856377054187,0.00335222795656203,0.0441672240731289,0.0828317665783102,0.0160160741508455,0.0282487107252913,0.0089423517045227,0.116811089757582,0.00618103383561396,0.119940930671829,0.0113358078324309,0.0183506104197776,0.02849841561896,0.019956562970696,0.0514099219333389,0.0195008951505326
T>A,C-G,0.0194217511246736,0.0362697634132827,0.0837699491150929,0.00993293114675551,0.00743651635355588,0.0280806427371808,0.00565179388832354,0.00391620054299149,0.0102095655169683,0.00841559438377657,0.0779385906846627,0.0167658228692736,0.0335987712464517,0.0119772361567494,0.0794956658829224,0.0349404596647416,0.0673532201632735,1.11519101073807e-05,0.0884821645486009,0.0461337678965238,0.114229548607247,0.0164636056997965,0.0096121859249361,0.0145845780421668
T>A,G-A,0.0152154777595761,0.0329730396181035,0.0385217325945828,0.0561651090315524,0.0233344398935113,0.0427969033240754,0.0109059535693753,0.015005893404851,0.0141139136813993,0.0832017212633408,0.0258567224315515,0.00831435404611086,0.0676066851803823,0.00533819877326457,0.0089056521851968,0.024762343095973,0.0208888350006507,1.71465517174418e-05,0.0417217922738996,0.0296694645103749,0.0150415506955906,0.0087782591628184,0.0102302496385634,0.0402397541595355
T>A,G-C,0.0178628763086725,0.0350379039099306,0.074878075251704,0.0145046019127961,0.0113416071677404,0.00829677554643825,0.0154322223347818,0.0324305974976025,0.00998105789786923,0.0125565504496979,0.0030078152457323,0.00724083197973961,0.00311417437100263,0.00745707784376479,0.0107369718742556,0.0438094704664955,0.0210558325352617,1.30046163258266e-05,0.126088108715154,0.00923504226428619,0.0120341977067867,0.0210862206067457,0.0184637312287208,0.0201151622049335
T>A,T-A,0.0176179821294508,0.0366842995242908,0.0318098066569033,0.00957480411516647,0.0413125805806617,0.0856381789436202,0.309979689427976,0.0570089557949506,0.00432240933624918,0.120119460048731,0.0184250432755787,0.0893796922114886,0.00421986151418095,0.265175346526879,0.0421644578327732,0.0190153451437713,0.0238173276895497,1.72477016119918e-05,0.0332109525785328,0.0167437059738423,0.0145442378193622,0.0269935943647725,0.00545319413835757,0.0210416597941736
