,1,2,3,4,5,6,7,8,9,10,11,12,13,14,15,16,17,18,19,20,21,22,23,24,25,26,27,28,29,30
C>A,A-A,0.0135493431106325,0.0185820299549013,0.00738058517231716,0.00678449123672544,0.0078102882597859,0.0220979667040576,0.0186428242311333,0.000470864922911606,0.00875277834504603,0.012173747700536,0.00152544611360746,0.0110055637292115,0.00754125591909751,0.0176928367408765,0.0080447162137993,0.0382690819775234,0.00431987348383486,0.00281475570692943,0.0206302843947019,0.0129885631472896,0.174564327983428,0.00447307737203271,0.0135997011366559,0.0268823947928249,1.81542396249879e-05,0.0210464927439838,0.0204584244661341,0.00906172809425881,0.00369933536488229,0.005040980566494
C>A,A-C,0.0113989915498924,0.0102348626333576,0.0044034040292676,0.0203250384208532,0.00279051641879729,0.0179364898722074,0.00807889560551143,0.0022825946211626,0.00390682644171002,0.0078751989435106,0.0165719875595999,0.00357156164670778,0.00363234423878448,0.00181298128374378,0.00953615937892503,0.00943805016575466,0.00507322505946994,0.0130800628099772,0.0433805844544811,0.00690196400477198,0.0547290052719565,0.00753467561462118,0.014397864719784,0.0239547520490866,1.92380193769574e-05,0.0299233502267539,0.0104143379757879,0.00783883002138556,0.0697446493930878,0.00959226793574455
C>A,A-G,0.0111870450983474,0.0101344698262648,0.00546472421114515,0.0079539732987516,0.0146616931252113,0.0145141952473008,0.0101392042340197,0.00699168665308627,0.00663933601784207,0.0277707754613572,0.0148610384493276,0.0106143935133238,0.00397458254804604,0.00937922741646473,0.0105479414232006,0.0058571017021466,0.0125656428522796,0.00224029040966515,0.0186923776969254,0.0145610043328323,0.0128579209868575,0.0401201743140307,0.0104217477439849,0.0150536456457685,1.77390406414922e-05,0.00279892625010695,0.0210828414440823,0.00752276750916724,0.00829500175950099,0.00677932698572364
C>A,A-T,0.0104238023227901,0.00936351329086295,0.0050051829702567,0.0075795167086359,0.015650283988092,0.0134363834930192,0.00836799832593039,0.00475943916027662,0.00232693028543124,0.0214625693103083,0.00766375043227356,0.00344974856005498,0.0210482822597182,0.0142664081790379,0.0133843135834538,0.00971746125859752,0.00461875927760537,0.0284537459692362,0.00174553415458077,0.0027241913809096,0.0106074839490274,0.00677424778511216,0.0221810005719647,0.0172277611643245,2.77530281093248e-05,0.00160789694790139,0.00360845826729741,0.00950762650227604,0.01846790624462,0.00959680498103376
C>A,C-A,0.0104351829887848,0.0146285456301409,0.00493572458979293,0.0165386710644083,0.00143761375829094,0.0232888561196823,0.00787649436000721,0.000665905617352745,0.00648969436087877,0.0198534237306969,0.0114609193013737,0.00148324529775501,0.00277052183340296,0.00517890994566642,0.00383437344965657,0.0142709049873275,0.00838332701278733,0.00701539948649269,0.00405284897549632,0.020012845725888,0.0795227857658562,0.0172072932229986,0.0230576795707272,0.0185364485632337,1.77608257703782e-05,0.0239974292131321,0.0218728517986497,0.0106752688889795,0.0269849316824592,0.00862799647968884
C>A,C-C,0.00847325970640751,0.00881371234383334,0.00332643396075638,0.00250236433035915,0.0062331621953823,0.0221530364540953,0.0202499089604171,0.0019243755686998,0.00420617327853362,0.0266310546373914,0.0278972240313034,0.0024756782569821,0.00834258001997628,0.00195208191704082,0.004538092915711,0.0314502231811326,0.00788353475431864,0.00605679007469368,0.0228339995471081,0.0105296585699055,0.0123615892537862,0.00760738482718898,0.00689010630002226,0.0146586773558981,0.0400540884951489,0.00596561976303344,0.0326117549015901,0.0112202279821871,0.00670347392973523,0.0163400580179304
C>A,C-G,0.0107582417450616,0.00614080789216339,0.00680067145957592,0.0041145217743586,0.00983329468377625,0.016672981237121,0.00329373943448231,0.000884951444840249,0.00282951474982775,0.0405843320684496,0.0320886329077286,0.00308436002088261,0.0102010774403698,0.0184909860139349,0.00721530847786064,0.00605389893494354,0.00596823706213314,0.00542076994276071,0.0596543665727606,0.00114905095510421,0.00384679900665794,0.0912478270748766,0.00846290404900844,0.0101882264272743,2.19218428008539e-05,0.00459981608993743,0.00633739844936817,0.0374932719691216,0.00862214037858467,0.0101523040081703
C>A,C-T,0.0117881902244116,0.00873151762703238,0.00557834792065403,0.00893520336918746,0.0135006580487033,0.0200760551726551,0.00473545996999021,0.00537180281907551,0.00462170690728162,0.0461409003151976,0.0185724288293828,0.00562592221074598,0.00927684206050433,0.00423097294454324,0.015694676357156,0.00897243782174171,0.0079102029207924,0.00241925924390844,0.00630352283399509,0.0234614201265669,0.0115230231771877,0.00668837014950623,0.032835230568507,0.0177717946058978,1.37710549455574e-05,0.00301642404086818,0.0192015262163405,0.0302605842563551,0.0148871317020277,0.0629170186145301
C>A,G-A,0.00879031537494569,0.00938817008309689,0.00497583372372532,0.00474082184019474,0.00951667371574504,0.0211028465187513,0.0077994744323721,0.00725171209471456,0.0052510160104596,0.0222935011558666,0.0136642900279656,0.00222785610068827,0.00755387288354616,0.0027362139098064,0.00846895346059571,0.0107864411074105,0.00549420133337082,0.00942024658897627,0.0181814706763107,0.00170034021187784,0.0380861619710677,0.0492450507041293,0.0130944042190278,0.0157098838826265,2.61221951464586e-05,0.00418673356960325,0.0105600135376751,0.00403058272710508,0.00648785545794661,0.0243935760024462
C>A,G-C,0.00870711935612814,0.00701721608069668,0.00395783738278821,0.00285415771916778,0.00883378922766781,0.0213966996706502,0.00573149075631221,0.000803566007140581,0.00388583354519252,0.0279353352409711,0.036463468804076,0.00942052923767085,0.00581219611351362,0.0158464424701931,0.00978094325266897,0.0160212150013515,0.00812655400421364,0.00293748258728009,0.0155272260696147,0.0030314387051036,0.0150943694510789,0.0184257222015598,0.0114111663997734,0.0208551585013731,1.83393441560266e-05,0.0183583486194963,0.00511323185018512,0.0101093041704525,0.0615457480697084,0.0250381879950231
C>A,G-G,0.0104312605534505,0.00849449942604114,0.00737157116602665,0.00316893370024217,0.0125135026187914,0.0217023285362129,0.0150421320354512,0.00141616114135429,0.00458913139733427,0.0389228643295223,0.0427744691934544,0.038414139381924,0.00211492420512541,0.00254333575507924,0.00754164114189371,0.00628542266412348,0.00539696028536858,0.0117167189955836,0.00646260297034436,0.103757693631582,0.00330811554599153,0.153072355800799,0.00688741249350575,0.00966832331228928,1.90950257807255e-05,0.0084211302143324,0.0338006508288889,0.138702030214208,0.0212283594526237,0.0443320603169742
C>A,G-T,0.00972572325473262,0.0087354276431117,0.00381886108790256,0.0076550215505762,0.0163824912229148,0.0200812166102221,0.0104196611049477,0.00631040116566114,0.00393200493915011,0.034664502148206,0.0222457250916313,0.00547932562660588,0.00743454183117945,0.00322120575795255,0.0140959459090048,0.00750174942873179,0.00546106115525519,0.00454461511851716,0.00422422657075841,0.0104240040764985,0.0186457834829964,0.0837875892581745,0.0326968308682126,0.00367601106139808,1.71460040819067e-05,0.00990702110836801,0.00826563000920647,0.0107527174461236,0.00714077050389884,0.0393709839381905
C>A,T-A,0.0148546523719793,0.0162550088962742,0.00709585231279086,0.00543854500308891,0.0120060939387915,0.0156768020280586,0.00935686647191061,0.00198787241909273,0.0153545556198043,0.0299107404923824,0.00608605953653858,0.00592801851227954,0.00699189621263216,0.00166393354319759,0.00838894619470861,0.00679342027345346,0.0077223839383137,0.00141911661329951,0.00490151111979249,0.00721635446360924,0.0256318726230913,0.00380138464239068,0.037705645559814,0.00479488563612394,1.94095205190213e-05,0.00416733367586691,0.0225632282075027,0.00553089999365224,0.0117294797687896,0.0144911574736609
C>A,T-C,0.0112046521159937,0.00791458702293166,0.00442498970677663,0.00312863610013847,0.00874996526212093,0.0122074274957331,0.00806318835552675,0.00148074148392841,0.00994867388058966,0.0279628364755301,0.026667403628043,0.00238896177234865,0.00751496046533575,0.00159968835584858,0.00375823987609728,0.00405117522758992,0.0705587851687453,0.0221247923852805,0.0226901149121079,0.000988554272730125,0.00708433667319552,0.0114417620299865,0.0258841275551434,0.00188531015595796,1.57323045793337e-05,0.00418370527176246,0.00599542130131204,0.0494009296595894,0.00338940474207786,0.00266555453830617
C>A,T-G,0.0120840126952046,0.0098468295445999,0.00539998548440544,0.00459355805585952,0.0105914494302545,0.00820395261450209,0.00884203691958581,0.00189078458872895,0.0116272022030161,0.0444972407072388,0.0246615990362154,0.00619681862009254,0.0117203200461475,0.0190244035336551,0.00495129942202112,0.0076017057948978,0.0154143103015726,0.0393235360158764,0.0364940317809815,0.0142790369354115,0.00217853701164495,0.0895246344586647,0.0102372799546578,0.00343568868040704,0.119912987357526,0.00951522606693116,0.200253517225066,0.00938725633040913,0.00983162755719825,0.0150564475549775
C>A,T-T,0.0122551049687723,0.0117050788756372,0.00425059353550886,0.00807789662495711,0.016729484110185,0.0102567635667786,0.0089257369678467,0.00941225707492765,0.00910922098432972,0.0435880962183903,0.00638155119093309,0.0577884918851019,0.00340767652468375,0.0512878269072053,0.068688846988818,0.0152064540659272,0.0153100038482955,0.0416586582825683,0.0031074019214126,0.00194990567973687,0.00364672198893116,0.00623436617322473,0.0809098801583188,0.134281649172212,2.27924445818204e-05,0.0048640710861469,0.0141012012671496,0.0208785691623837,0.00900260013366017,0.00813661260703714
C>T,A-A,0.0229250430220114,0.00998482370261813,0.0391863495068351,0.00970963945846017,0.0298998821352941,0.0162224666011819,0.0126590060500063,0.0116501150388028,0.00338343378609008,0.0069855902203445,0.00152708013061395,0.0716734569804787,0.024839969956165,0.0441421603496846,0.31736100938578,0.0515536677346296,0.0291069228200582,0.0470681871305561,0.0165654908328112,0.002132647958395,0.00173510332722703,0.00530472645485749,0.00714776392285748,0.0486048131447891,1.42674177240447e-05,0.00744847345002765,0.0219246422340926,0.0144635587991106,0.0217073774690769,0.00786952981235354
C>T,A-C,0.020080589175772,0.00990836931970452,0.0381349206129342,0.00920784072725079,0.024764283822889,0.0208275108598359,0.00952730926972112,0.00512179053076829,0.0103738126787091,0.0153415394232673,0.0101474864425522,0.0141418610371849,0.00780794815182811,0.0018650391943172,0.0102600291254534,0.0178988667657762,0.00912213893213124,0.00664050569578379,0.0394234012495429,0.00756927981419838,0.00359686269206593,0.00818712524466761,0.0124989498827699,0.0169030312015315,1.96031092430269e-05,0.0133472343934267,0.00862755688520741,0.011530014843943,0.0258538141612275,0.0205849925123286
C>T,A-G,0.0267094755859965,0.0036366100065058,0.0516253727196857,0.00103091149274198,0.0170584595842791,0.018936379586849,0.00288349645438267,0.00223924849102102,0.00386830615961413,0.010016755181792,0.00757132564369406,0.00590579211662462,0.0221035219142193,0.0010020721142525,0.00869562627434829,0.00594277541125409,0.00658316106294661,0.00280697477079143,0.011490606114631,0.0327939528040338,0.00213089743205379,0.00877969644170907,0.00790733417044202,0.00432974160591364,1.83175881678778e-05,0.0103447403062183,0.00267192700926981,0.00847512089148226,0.051971437933007,0.0163858431580509
C>T,A-T,0.020231149708984,0.0123383218089108,0.0396749647099857,0.0134331980921316,0.0361601097000231,0.027846810373982,0.0123784170030915,0.0195611923310001,0.00542061032507071,0.0135843517732151,0.00468545759591378,0.0149366657229334,0.0282979937726481,0.0140397345259412,0.0119191485370487,0.0115251831378392,0.0107298177790338,0.0262390961385559,0.00323743726536873,0.00763130126647701,0.0022473843461291,0.00429276980003763,0.0143940888588652,0.0178823378173534,2.03435228679821e-05,0.0128219365823985,0.00417418889691436,0.01740295667392,0.0333381729590578,0.0328659764683467
C>T,C-A,0.0216523279571495,0.0150358823957456,0.0315962217206573,0.008841768798358,0.0236440752211377,0.0155061483173136,0.0261432448712038,0.00449897888492931,0.0483010289776307,0.00881753523848908,0.00970235704033494,0.00181362086118393,0.0313098588689173,0.023839137864362,0.00369581150529069,0.00651324506474422,0.0695882609522644,0.20675071448373,0.00459529145980441,0.00723343004635831,0.00571603638134102,0.00204987212716641,0.00479454984497753,0.0118977940344088,2.21235167678698e-05,0.0889107324740734,0.0136087794110377,0.0114119115583079,0.0542161501904638,0.0878171956041338
C>T,C-C,0.018507820592184,0.00963926167642978,0.0409026555709686,0.00385118317439077,0.0179598687326793,0.0305787330152303,0.0209403627995813,0.00425597219173208,0.0494277125159543,0.0308517602989616,0.0191202037086992,0.0653184304838608,0.00351340973488221,0.00403445112579217,0.00523971580177754,0.015394588654404,0.0109373743005757,0.0160872792290118,0.0318103808272204,0.193342940688099,0.00306859327833403,0.0067571811900491,0.00319388755181351,0.00701315008015739,0.0399848372046251,0.112808556623521,0.00944099823362693,0.0266906295541047,0.0114936542006406,0.021533474565546
C>T,C-G,0.0283915465837535,0.0125619866989628,0.0552827005156018,0.00557652391351497,0.0272149009046636,0.0138588118162618,0.00935943361930194,0.00253943097570932,0.0334374676020996,0.0113224928554179,0.0257465988176645,0.00100416075822269,0.0239979313347021,0.0162023518944195,0.00410274934264434,0.0166172272169145,0.0097873311225129,0.0119485293706697,0.0183350380909125,0.00347633976762194,0.0031528961512451,0.0017651332257348,0.00667998431539245,0.00449739189099209,0.0399542890604731,0.125822572639129,0.00954606527158744,0.0121412900057587,0.0140503958707018,0.004845234173048
C>T,C-T,0.0266916561179518,0.0100901223759264,0.0504023364931413,0.0374626944663465,0.00100890916524221,0.0382515733132589,0.00171382952390838,0.00186256905895144,0.0385145245987829,0.0031594311470111,0.0125949242174113,0.0770077329972596,0.00887146733359758,0.0166578467283593,0.00680152136186768,0.0101130416321975,0.0140848206717009,0.0052710870200779,0.00964278582307079,0.00609188345106391,0.00125653118323646,0.0192102232594722,0.0196139140345964,0.002706447971526,0.0798880422079853,0.122211331089611,0.0198917025148152,0.0901355591014776,0.0112783387095953,0.0249085699603319
C>T,G-A,0.0210716578811516,0.0100291522093816,0.0367035270177038,0.0103889170693389,0.0296657737316701,0.0263654655547427,0.0147268012045797,0.0110274188103141,0.00165545430020343,0.0126406931953084,0.00867789340805758,0.00403350596065127,0.0166962296523372,0.00104597350570902,0.0130716697033914,0.0130784923358016,0.0157920484651928,0.0354125504673291,0.00928846238246327,0.00825936739336947,0.00235961250268553,0.00477429801622917,0.0247376640414601,0.0154150987550351,1.89697174141157e-05,0.00874356438057369,0.0174519631714303,0.013239524868104,0.0109543356596953,0.0069327774959417
C>T,G-C,0.0253955565785647,0.0115535533591136,0.0500168454427208,0.0100024095479137,0.0400587166285773,0.0574142468188175,0.0161036915075659,0.0126955736247179,0.00972701454328669,0.0388709506139392,0.0226044319510865,0.00188524339505681,0.0475530176519957,0.107412987528631,0.0184508689733515,0.0360249966355397,0.0147262795955478,0.00223150512223909,0.0163496372540706,0.0276743899473268,0.00454718958354536,0.00936047534089801,0.046153556218167,0.00717041049639435,1.82139092012331e-05,0.0045903601861767,0.0320165721024694,0.0131742100649341,0.0160733760551663,0.024269622012782
C>T,G-G,0.0360772481180574,0.00913065630002782,0.0712720580834667,0.00616024222909812,0.0431652321505069,0.0399151610168883,0.0205901409592029,0.000982841838940432,0.0015181691694316,0.0177148644298163,0.0268446899608085,0.00354178865472899,0.0051315798905854,0.00100876661722532,0.0153104325880238,0.173616901309443,0.0115453822788938,0.00270457766266893,0.00520136761635969,0.0268829091533245,0.002285287248658,0.00480632014763907,0.0344544676661477,0.00588822362165207,1.64868662115676e-05,0.0119226675789301,0.00787228716712229,0.00672341109132547,0.0322463149262006,0.0267731498125907
C>T,G-T,0.0280478102349542,0.0159662477819304,0.0503668510713414,0.0154088764872713,0.0465266113604183,0.0606884286405215,0.0185424891314663,0.0222320730628382,0.00543903234015683,0.0238025522882616,0.0063482151093994,0.00158720985933865,0.0350345506934199,0.00449211893664744,0.0205448747557166,0.0247170349061965,0.00957219755004842,0.00630931465579502,0.0562611237265453,0.0243745723796544,0.00583585667083575,0.0315333471950489,0.135157635962078,0.00997362652669063,1.56934628043857e-05,0.0163607362422671,0.022194439130042,0.0489816468943873,0.0274936909918861,0.00642645208009232
C>T,T-A,0.0242316377726107,0.0271846506302875,0.0402320396165923,0.0122416404120231,0.0297567950769353,0.0250425454593668,0.0334559028070175,0.0037739980352126,0.169434737461437,0.023741884840438,0.00352747893294972,0.0136653890546225,0.0180770317474118,0.00399842766489983,0.0152627836380038,0.0107296132585566,0.017269743527413,0.00218022388276398,0.00604820495262905,0.00632354518539221,0.0086257934359349,0.0128662602914026,0.0267767656986371,0.00709202124332221,0.199984218662966,0.00621724939806343,0.00848994050637928,0.0127409000088556,0.0103165010038302,0.0275257865133144
C>T,T-C,0.0290096121566387,0.0145168685954666,0.0641937459262549,0.0210666411558099,0.00309544412701963,0.0521011063477299,0.00587468336521365,0.000476340536783952,0.15086206434651,0.0132074676329257,0.0163029609263089,0.0518564080764472,0.019019965837212,0.00330290463943766,0.0109328336518406,0.0191068339035671,0.00291724710711004,0.0181306970282837,0.0172736509109325,0.009743419005917,0.0144713105795035,0.0261626689456614,0.0327682590430508,0.0161475929964145,0.119931354023297,0.00858026156003092,0.0274364233640227,0.00934968868895632,0.00622364512621762,0.0138174376689115
C>T,T-G,0.0337651234994718,0.0299784573368677,0.0697200466549215,0.0131661327595,0.0379649384761715,0.0209901073835035,0.0551302821410265,0.00272149144102485,0.124947145110762,0.0617382913864727,0.00600233852350382,0.00334096317694696,0.00879772850718149,0.00730764207689625,0.00965751945116159,0.0207381970850712,0.00878219077390179,0.00157067020922494,0.00787280085387783,0.0396919194105768,0.00203906001883264,0.0178988028029397,0.0317220131968197,0.00561290446026281,1.24163673461258e-05,0.0169196233437183,0.0223119649432794,0.0565739784834442,0.00927461377864188,0.0180854300562098
C>T,T-T,0.0209302101961814,0.0162879526236395,0.046621874188088,0.00793906216662665,0.0288271400298221,0.0349216303978181,0.0232633235516432,0.00595324633952465,0.105506236045491,0.0268783885519495,0.00452107569364503,0.142121690342211,0.0199826900097137,0.0523953909379808,0.00848895927425442,0.0104916942418761,0.0128359267623003,0.0201727867340475,0.0635461960605254,0.0256136571449733,0.0182168359901926,0.0100597151484284,0.0391224944913194,0.0691976255191964,0.0399368170166925,0.0212778319816877,0.00821346277264067,0.0112054832820768,0.00935272285073631,0.0103092434674013
C>G,A-A,0.00677174819738171,0.00137179306405032,0.00709065529539983,0.00159986169644868,0.00903264875417915,0.00842951509909987,0.00182081326388063,0.00327244475309737,0.00232940444082504,0.00373994249951101,0.00891296879860259,0.0185839529414453,0.00282274413472244,0.0324086809479831,0.00480391666478754,0.0327624173091738,0.0044874701372212,0.0175624471763192,0.0022966792273055,0.00322940500861682,0.000878165634220894,0.00172057540223579,0.00675417842882264,0.00492457335830023,1.73158164511108e-05,0.00274814937189691,0.00381570377418797,0.00896100426611265,0.00654888954878005,0.0142684033689297
C>G,A-C,0.0073525652885686,0.00238177799877838,0.00543045539402068,0.00261778144688905,0.00827209718620978,0.013801193427152,0.00386403552040873,0.00301545626816282,0.00137306605006196,0.00341972565368793,0.0210900112647077,0.000604962936582498,0.00204102880202865,0.00178109054911897,0.00525516410673911,0.00986246309734019,0.00696098512282888,0.00583847369384206,0.00471436413069153,0.00362372341323457,0.00280025820990048,0.0182025466535342,0.00541401518968081,0.00463139538482231,1.99709658207245e-05,0.00437430478306787,0.0125079298499664,0.00519464456712596,0.0312246986477278,0.00796084243850056
C>G,A-G,0.00696101891749203,0.0015912619601846,0.00614173712613166,0.0019929388569137,0.00781931415910073,0.00881605943080879,0.00349532502362562,0.0039200810167701,0.00362797643666684,0.00668343468806761,0.0217579726954105,0.00241232651151227,0.00455816761027986,0.000901469135011563,0.00407232876934888,0.00382602326227731,0.00210917063567357,0.00162404915234148,0.0104336106727247,0.00186795888311243,0.0021216735640548,0.00193627691190101,0.00547537337708283,0.00431658826321694,1.2080442440443e-05,0.00615583526069841,0.01049918451746,0.00740089527847127,0.00622900343051368,0.0118510181451164
C>G,A-T,0.0045511336175176,0.000852389210726324,0.00341841577119215,0.00154895365497406,0.00567858621234557,0.003791488808794,0.00147406378344494,0.00332229002071977,0.000823986307679369,0.000995191701764911,0.0089233861140157,0.000586052794899711,0.00310921128821964,0.0114060389274833,0.00104188589508652,0.00292897763788373,0.00342950046928766,0.0164917038552375,0.00220106906670909,0.000834606487012129,0.000972750361250548,0.00173863811593595,0.00328585090658569,0.00455711401724139,1.10799285339895e-05,0.00167752372156704,0.00694733407929766,0.00652172477229887,0.011751674547123,0.00213329031748101
C>G,C-A,0.00608274868638283,0.00145911052100573,0.00870474292409001,0.00146334869941177,0.0072231667363868,0.0091365146669589,0.00223725645356008,0.00185328205504386,0.0065307917482673,0.00727643529950771,0.0227403957760017,0.00252471349633035,0.00169133551089865,0.000730231050309562,0.004672901228684,0.004876725261008,0.00189547052428129,0.00485444037851643,0.0240942876536643,0.00274086342863934,0.00222088876110055,0.00945268461632752,0.0160709517774731,0.00167807073056368,0.0399032734664386,0.0139799078518996,0.0142175131269233,0.00878121923015866,0.0273095657136208,0.0151706913854729
C>G,C-C,0.00602088543833387,0.00221212725064766,0.00512107186879197,0.00135777783571422,0.00262937327604029,0.0125306793574592,0.0059996259727598,0.00154004080163345,0.00153673755689511,0.00482428039881156,0.0369410092777415,0.00119474990078597,0.00173218922042122,0.000468361901620703,0.0013520186095789,0.00407089918415831,0.00263735311504698,0.000779541626550492,0.031766953443168,0.0149701640926984,0.00197467639495592,0.00712892733884735,0.00228846299486641,0.003994996799851,2.32730197637221e-05,0.0119822205765133,0.0136717987150996,0.0119771201753741,0.00751944566247655,0.0274906261459135
C>G,C-G,0.00331503490163175,0.000351530156816327,0.00377386663484425,0.000572372635534514,0.000249534634941748,0.00376370329557488,0.000726616653930804,0.00122912057533304,0.000463884513937817,0.000181786411807073,0.0252094403229642,0.00198849941754374,0.00115612176381447,0.000328942847968572,0.000706701957813248,0.000709833898903279,0.00201435070259494,0.00147976673718571,0.00878514230785763,0.00947514423015138,0.00694777336658006,0.00368262458628972,0.00459376724659711,0.00264088354617047,1.29788328403877e-05,0.00632099624651088,0.00244128610142751,0.00515875288842185,0.0141863819794721,0.00366201820826224
C>G,G-A,0.00556515516166857,0.0021734925455105,0.00538620720164516,0.00229969911832368,0.00686632294023709,0.0119032974173672,0.00329730200050327,0.00239437883541289,0.0027155873312712,0.00513268631724252,0.0225459307056822,0.00105645654133133,0.0026821516773888,0.0010194715179425,0.00583319021692386,0.00408819811472764,0.0122401001294178,0.00247867833016702,0.0129402997364789,0.00126855259989818,0.00190079609193102,0.00382928999203141,0.00680992554331498,0.00418193504248124,2.52027274132868e-05,0.0118247656640258,0.0151379874396228,0.010480550373418,0.010479712661994,0.00382421781470022
C>G,G-C,0.00461126895765351,0.00148381317073732,0.00266221167587769,0.00206961882183443,0.000730620693632802,0.0103137994109725,0.00703800243018441,0.00192841811798032,0.00128727223722115,0.00103555859622934,0.0247441731941942,0.000693283693057986,0.00204884147990588,0.000276097334527353,0.000947485774771471,0.00204108342284629,0.00461343160023122,0.000836929675432658,0.00520852290217974,0.00486556306863141,0.0346550782022577,0.00388403045083014,0.00189359204181371,0.0201062667847863,1.98031219745347e-05,0.00477784990128189,0.00160538493707337,0.0287698045574702,0.00358006538265508,0.0118165879895232
C>G,T-A,0.00393280180686797,0.00119628524936932,0.00456355486097813,0.00154031874002931,0.00498196876800974,0.00632618353823831,0.000995389478111472,0.0016818713702144,0.00448895431823595,0.00223696004714762,0.0107684034409567,0.000942593451830576,0.00200157440733128,0.000544707566372887,0.00438895640832338,0.00405847955178106,0.00245285251442943,0.000620199759527197,0.00124885064014124,0.000767392410111228,0.000981275269113828,0.00181796250539019,0.011835619172341,0.00350686568478369,1.61830813338202e-05,0.00484970983222605,0.00746311573733107,0.00233723742047097,0.0197928740536848,0.0123827719414436
T>A,A-A,0.0415448055034499,0.0735984766991085,0.00688732031882684,0.0402714254641443,0.0160997502526107,0.00352335905516996,0.107208621169825,0.00321901630903558,0.0238725502107515,0.00468050156880393,0.00602584943110384,0.0694184631171602,0.0237615556216797,0.0187194365143467,0.150392239478653,0.0124835624189066,0.334292610639019,0.0418900833031466,0.0361459554832788,0.00733532615497788,0.0532957816540183,0.0185214449522735,0.0441773129604063,0.187263356436983,0.039832148271904,0.0145660346171264,0.04686920625256,0.0149507805594999,0.0109763794963494,0.0114944904432993
T>A,A-C,0.0320960363867834,0.0340052447883942,0.00901222801204602,0.0294128232474541,0.0359788908434312,0.0139833986008521,0.0407319669116118,0.0683541318136069,0.00228868850339948,0.0139421938022044,0.0308394642160677,0.0123526973761296,0.0563641406175262,0.00191691633102729,0.00532227446513858,0.00991137010640004,0.00305942435147405,0.00530446244096959,0.052031262549957,0.0225994489113335,0.0486045862267757,0.00816069049903737,0.0131393372943916,0.0117040703501256,1.83567600699971e-05,0.0123362232968212,0.0399286120523868,0.00916727209910305,0.022625600892257,0.0339419720694282
T>A,A-G,0.0360860713917797,0.0333970932451601,0.0106055611825019,0.0755609509404126,0.0500959476402241,0.0175521780510644,0.0240237274087232,0.123875524112642,0.00320928956600282,0.01919917597101,0.0232157035816985,0.01451814214167,0.0139312472406546,0.0272574821246581,0.0224576489534888,0.0127060411282108,0.0254973126888719,0.012463580271589,0.0107061035432136,0.012977773619276,0.056643056003598,0.0084029227824278,0.0139605538379945,0.0109956941180437,1.84267593809509e-05,0.00615835790616813,0.00561055449400766,0.017941995038018,0.036728480182829,0.0255874377207209
T>A,A-T,0.0429642908289644,0.0829152060894243,0.00570035453245469,0.262341943289391,0.103139021092693,0.00698301871698501,0.0175637357188704,0.46008486405705,0.0133528001212378,0.00632546870957689,0.00321614240516623,0.0163274315602159,0.112225877942832,0.0744337674115303,0.0331766277082315,0.0310415060055623,0.0427247342811227,0.0191720867871259,0.00310723848954793,0.00940084841012211,0.0237968596288854,0.0759176223192815,0.0210343402882489,0.0245296241039182,1.57097801828755e-05,0.0329957531430644,0.0302564454260629,0.014283023824902,0.0122115478039728,0.0183369953125669
T>A,C-A,0.0352854378264121,0.0488916456737554,0.00777790941888077,0.0315976829518996,0.0293830030212289,0.00629079889630087,0.108000012743697,0.0401891100041074,0.00615709786812329,0.0251347217227,0.0222070688364667,0.0146383283894848,0.0593042396488908,0.0961609533479782,0.0137990713299442,0.0101096579840629,0.00703880153873065,0.134062670655539,0.0135476747531725,0.0065098692939946,0.0231342864756851,0.0041394106397503,0.00812351306648644,0.0143575669337725,0.119902031998826,0.0143213335408257,0.010067075564145,0.0170490360939215,0.0139213594890219,0.0197736717074272
T>A,C-C,0.0282748304329141,0.0276057659031095,0.013143452894374,0.0161138933505238,0.0244411496359512,0.0262639504623053,0.0378802174975636,0.00989419919785189,0.0028419085807212,0.0307414552533114,0.0600954413301544,0.114484035129549,0.00885943872033395,0.00562310310429568,0.0109127676868856,0.112506984005657,0.00904850439567002,0.0168633292474468,0.0134330442593645,0.106078650398936,0.0174581460546816,0.0147516382747073,0.00424047445473587,0.0115314420049058,0.119972970795791,0.038729592513676,0.0181232078038728,0.014149641055756,0.0314257005691974,0.0306473618412328
T>A,C-G,0.0330128176081683,0.0280815144815941,0.0121834206365232,0.0287172202214585,0.0246343445345539,0.0285526396810342,0.0155252028729573,0.00722661593352077,0.00369218800730132,0.0339361887851599,0.043425535218537,0.00622236919346399,0.194702907024986,0.0604316786736557,0.0179478539350522,0.0440635390720076,0.00673162280510243,0.0324243397158316,0.088527749201902,0.0317714245074796,0.0382419519215344,0.011397443746311,0.00608137355415342,0.0146179272412175,2.29826622293811e-05,0.0140251183814484,0.0385218408145344,0.00552396764776322,0.0221131811787832,0.0160130535356495
T>A,G-A,0.0302326404210755,0.0460741873394927,0.00832504224797963,0.0253663353787234,0.0175110639292534,0.0125182158603593,0.0723540238997869,0.061800391199765,0.0118387462992691,0.0104635481650956,0.0354519094059103,0.0155624712977264,0.0266842464989427,0.00499566298347913,0.00787336493297573,0.0244027304469456,0.023623341024636,0.0674268792445313,0.0178597951087667,0.0205903453305881,0.0025663643848464,0.0166600137974735,0.00780324912687176,0.0137301463052622,2.14130401174914e-05,0.00994682630996595,0.0331699967630721,0.0210170388739257,0.00888321011089096,0.0446383139167287
T>A,G-C,0.0295927758771261,0.0268114724422784,0.0106961656091654,0.00956001454583994,0.0142563457444803,0.0111957398021418,0.0057872631666674,0.00540337053247779,0.00347365989829825,0.00646898744928479,0.0736460353038585,0.0410622592365764,0.0185871265278892,0.157508325045483,0.0132193858199508,0.0125865646603826,0.00744410065851859,0.00284310907046583,0.0355283652137286,0.0579188572021339,0.044390444756215,0.00459245076426988,0.00893228644603364,0.0435605068742554,1.99242737970308e-05,0.0120433072682577,0.008363021157392,0.0267985417875977,0.0537825659586747,0.0261738653696781
T>A,T-A,0.0559605701308599,0.199716618617392,0.00325251782968653,0.164116006355798,0.0269647490926504,0.00405313957701233,0.10111927160553,0.0302979950503505,0.0388080610761762,0.0226400889459108,0.00273264644466185,0.0218376770225764,0.0213630846023744,0.0294131223064052,0.0135582646420971,0.0186238405453,0.0541109565058537,0.00281228904566065,0.0195990515440103,0.016662500912453,0.0814411020738184,0.0130682743899069,0.0102895115235966,0.0242581536469615,1.68298581126076e-05,0.0312987926948805,0.00866940003340321,0.0269232697523472,0.0151047046630294,0.00935031695061049
