,1,2,3,4,5,6,7,8,9,10,11,12,13,14,15,16,17,18,19,20,21,22,23,24,25,26,27,28,29,30,31,32,33
C>A,A-A,0.0133633279496505,0.0200647146669323,0.0061184169340772,0.00826857979893874,0.0200814884895395,0.00686732982839553,0.00379638655555912,0.00634834017183647,0.0127076170371932,0.0111817826628228,0.0117707437040599,0.00917131262501592,0.0018176637927738,0.0101522371072342,0.0355615397025057,0.00664382469075186,0.00727183819026868,0.0176300030344823,0.00273445236757352,0.0116830103299997,0.0210199557877093,0.0153672033044405,0.00449922158503048,3.90229753357939e-05,0.182147942338404,2.16422798802687e-05,2.10291151318786e-05,0.017100931312433,0.0263218021396635,0.00955598540117996,0.00410570375994818,0.00523172563746225,0.00172369886418577
C>A,A-C,0.0112887984498207,0.0114267149327015,0.00357118727063076,0.0185061176899445,0.0164650164299327,0.00299736800187141,0.00468158785582388,0.00739694052898438,0.00248180390974717,0.00329409033656457,0.00790498554928194,0.00792135824209984,0.0178540328315953,0.00456264257514854,0.011234739230722,0.00683931087445172,0.00846336651814165,0.00188623568573885,0.0129896592022335,0.00747332844060176,0.0404988832161578,0.00911305124043781,0.0074465221129384,3.82656613530807e-05,0.0544596681704406,0.0312766180529423,2.1406405418133e-05,0.0114039818041455,0.010534842606257,0.00788018065434872,0.06951641560059,0.00910478626412891,0.00676859290877784
C>A,A-G,0.0111083288596648,0.0113494142606189,0.00472877521488522,0.00862907916236976,0.0142657955304192,0.0148984231881899,0.00606880445392867,0.00581684005706446,0.00737647084018071,0.00658179962387494,0.00876171030434037,0.00682401893410168,0.0179707455673099,0.0100312134568698,0.00317001177352052,0.0122417045638846,0.0112686741101233,0.00979532592002321,0.00224006918252895,0.0146084938953967,0.0190192553382661,0.0153759404556049,0.041216751461443,4.45959066562265e-05,0.0123111936469503,2.25759309820509e-05,2.09018057078822e-05,0.0202287239796504,0.0374590832533438,0.0070346384647538,0.00791589176349553,0.00666729296138263,0.0209641485026038
C>A,A-T,0.010345413373377,0.0105734524699118,0.0045133479348028,0.00808823180216059,0.0130214815197518,0.013722210802511,0.00745231988352154,0.00500662657754512,0.00856755980749546,0.00211185562415409,0.0133450096128568,0.00418112517604725,0.0114412752442959,0.00284409286726117,0.0044873759132467,0.00527637290188431,0.015182360021092,0.0141462482607523,0.0283492922495277,0.00251672049250757,0.00170852349278213,0.00558970859272491,0.00617990065713293,4.88501478838754e-05,0.0102797020780475,0.0312134406684361,1.90201019163155e-05,0.00333869959132636,0.0339656049842358,0.00873877237440103,0.0164925590308866,0.00994252354241869,0.0317001854648331
C>A,C-A,0.0103085970431478,0.0173415955069674,0.00482370226874622,0.0156651316250716,0.0206153129863043,0.00175711098309554,0.00578331653113217,0.00716645397506787,0.00352690811507875,0.00629228403723898,0.0165880707980415,0.014531318157236,0.0139240159228827,0.00125529196647213,0.0033271094073529,0.00600718485345794,0.00332793853810174,0.00533544744864174,0.00672673837024908,0.0204127582215969,0.00370483176776396,0.00930058824806434,0.0173843638594605,3.82515816386615e-05,0.0835874503064599,0.031288769386351,1.72144260960329e-05,0.0219183209922623,0.00420885688258704,0.0100657407285637,0.0296122013331073,0.00848458390322502,0.00213906074594664
C>A,C-C,0.00836006981146324,0.0107489529291377,0.00344386456876114,0.00366304311367433,0.020033053731536,0.00724463706566416,0.00551236518121864,0.0115508676650456,0.0151785185486745,0.00384613567148799,0.00542778570886661,0.0148122988148148,0.0282354910477983,0.00195251239908985,0.0164988338422958,0.00766887731026649,0.00564010127684385,0.00204945659770553,0.00605804816034335,0.0103814176109583,0.0232923414880478,0.0105190062163066,0.00694133332006295,0.18330763818538,0.0119087443388183,2.99842739176901e-05,0.0400022274654297,0.029286530386425,0.0161408047932254,0.0108042113451385,0.00779415253337668,0.0169810965986745,0.0122657417427057
C>A,C-G,0.010676376801558,0.00937290662765964,0.00667484374733365,0.00375125678812038,0.0160731854240575,0.00928271142886707,0.00180900892719773,0.00981275452910936,0.00118142442554893,0.00237952371384299,0.0149705656538296,0.0153763533018868,0.0342260213679437,0.00263140910144443,0.00323314771743513,0.00409571184062689,0.00745121793899167,0.0183776397873351,0.00532838999316169,0.00135833043401761,0.0588823483397867,0.0167257383291379,0.0934493247191332,3.77492101370977e-05,0.00386964279386238,2.03575768018934e-05,2.62905880655267e-05,0.00699789848130524,0.0213780247490632,0.0392279137585378,0.0106754438342263,0.0107164339030982,0.005515099154749
C>A,C-T,0.0116404826858127,0.012007581617668,0.0061743308149056,0.00843736752220006,0.0192131516708112,0.0113345749770574,0.00593044646466119,0.00568269862615335,0.00200205882264235,0.00369090025128906,0.0664108304223226,0.0127888420168756,0.0211701451196695,0.00505847520180156,0.00351610666607787,0.00680182149108609,0.0159961132869858,0.0037683527115875,0.00228414347773568,0.0228629572376817,0.00617981882972916,0.00936143441727664,0.0071940056615664,4.76953819522302e-05,0.0108996474699245,2.26773668608899e-05,2.01067606526943e-05,0.0206670260827978,0.0208516822285658,0.0293346361885804,0.015218549728258,0.0672148218118981,0.0184212391207978
C>A,G-A,0.00872293086222758,0.00972613161283291,0.00447220600072674,0.00522178016774512,0.0195049049003822,0.0100505831316123,0.00748408404258878,0.00544125198872586,0.0064352910745453,0.00512991189885658,0.0144819693707162,0.0172490887586602,0.0159899680411813,0.00202488705704713,0.00209103572816165,0.00667080406745478,0.00959172846665494,0.00274081424059809,0.00935253369068965,0.00175730133261402,0.0182184169912917,0.00605334286465724,0.0477906264180197,4.39829596199198e-05,0.0385546708844126,1.91451334917696e-05,2.37477815796403e-05,0.0130209326774089,0.0230667786018981,0.00441761933439566,0.00655586512116038,0.025014166545533,0.00325367354331649
C>A,G-C,0.00870300722676078,0.00764264833813641,0.00360559545869309,0.00318650266426156,0.019971809236729,0.00939989271328244,0.00302576722128712,0.00518093010219571,0.00370259487374883,0.0041865173540167,0.00492169050498664,0.0164156184003083,0.0388011506451159,0.00841433573595801,0.00222258019740806,0.00856846181522731,0.0058903017142177,0.015894129307762,0.00300712784401877,0.00324503682949605,0.0151826832513579,0.00977682445624224,0.0182610874386886,3.94478146508681e-05,0.015515930740073,1.98531174300409e-05,2.00971971713708e-05,0.00537263589774602,0.00689095028802493,0.00971703190104793,0.060172425350248,0.0249277503016551,0.0253889305580404
C>A,G-G,0.0103811707546286,0.00976660499580599,0.00625385755156689,0.00328090503199863,0.0213573908624702,0.0122152587231703,0.00283768043998629,0.012406845534738,0.0123526656997236,0.00559493190028147,0.0114415569357933,0.0100447918930331,0.043825319909034,0.0364824054578392,0.00474848753291967,0.00721913471878044,0.0043398462278833,0.00262996536257295,0.0118091825057863,0.0991582546665536,0.00620705003997162,0.0151122431296619,0.152479874204027,3.7765467406636e-05,0.00317377762531324,0.0626108022458125,1.90742922402305e-05,0.035458172326999,0.025895801093363,0.139982271984061,0.0195953087969567,0.0434709983453523,0.020531962041999
C>A,G-T,0.0097333942801277,0.00913656327857118,0.00357015231730341,0.00760854354917598,0.0193582442807179,0.0162109053936784,0.00798221103090552,0.00646868779313401,0.0106598896642657,0.00411505104752738,0.0198228878345342,0.0123490108582001,0.0268278569132626,0.0048580499906702,0.0056630183024782,0.0067671957489447,0.0101348187119212,0.00338001001739381,0.00451640023032378,0.0104139735181764,0.00442393394950964,0.010631245388863,0.0817530552429207,4.59395692605435e-05,0.0196130699713671,2.19586512207371e-05,2.41319817881556e-05,0.00837629451763651,0.0253344847432858,0.00995385440098715,0.0075679644939317,0.0411637360323749,0.015886596520012
C>A,T-A,0.0147861354600854,0.016678462919411,0.00632668392806303,0.00598806020037966,0.0151531641733242,0.010447574285103,0.00370575187731773,0.00469539260994733,0.00584555451987074,0.0158480061905183,0.0154897871254192,0.0142707489198471,0.0100417890087543,0.00510338559746389,0.0048003843109567,0.00938963354662472,0.00708464384320242,0.00162711418270713,0.00149687067565758,0.00737208883010355,0.00525702823585341,0.00590247947635345,0.00369002265798742,2.55777436927968e-05,0.0271665630694018,0.0625068360148557,2.53522370596761e-05,0.023676225117368,0.00948632541880748,0.00556626630373822,0.0116457226051252,0.0161233968719875,0.0101508875476767
C>A,T-C,0.0112067206648109,0.00795180882976861,0.0040716546379389,0.00315780155049812,0.0123074943448616,0.00955115327547963,0.00382593532064928,0.00587001513248859,0.00669324897378029,0.0106075487252529,0.00669121584852904,0.00847866901485173,0.0272158913157067,0.00218736741719289,0.00439772832688648,0.0403001725893133,0.00351511673433901,0.0018439290638725,0.0221027180143897,0.00114942295496758,0.023466628675172,0.0319466342991584,0.0104666170884491,5.34894166253615e-05,0.00732866963468246,0.0312181878580947,2.93354483876307e-05,0.00602116329341924,0.0101986142711909,0.0482239790428439,0.00375784492862461,0.00265952749504411,0.0254179178532546
C>A,T-G,0.0120998704290021,0.0101991416461325,0.00476069127835003,0.00459150309427444,0.00910843019246902,0.010784880103808,0.00360744075370221,0.00854863393745363,0.00880735366601165,0.00948182605183403,0.00570904176544317,0.00810568835248094,0.0286574468898202,0.00533392630503886,0.00391222248118756,0.0160422535506906,0.00853559953581327,0.0195124146402413,0.0391014555343556,0.0142725291197969,0.035694256184912,0.0145676812781771,0.0898012733772752,2.85058664829657e-05,0.00207684095607632,2.04178829585888e-05,0.119840558543252,0.20381055608119,0.0140699419671598,0.0085687647450159,0.00967802197716023,0.0138284758400021,0.00526598915607847
C>A,T-T,0.0122129288683422,0.0126426186049801,0.00405312884480289,0.00769702377063849,0.010467694929291,0.0158466243907851,0.00817202101530826,0.00724611165669806,0.00699963157336953,0.00894673114965898,0.0463998359145829,0.00938330866091553,0.0111157210578251,0.0530952961744277,0.00698563963299738,0.0177000960747009,0.0697140497423803,0.0511309864660306,0.0418185538097714,0.00212272597073136,0.00310090276611367,0.0199417050238523,0.00630791426740035,4.13687731257376e-05,0.00358223828746929,1.66478820673225e-05,2.35804353706857e-05,0.0142542011680275,0.0656148163940959,0.0181941291445682,0.0103710937977018,0.00843523647090847,0.0818209952373037
C>T,A-A,0.0227328531031071,0.010737611880696,0.0407028731939881,0.0097245935698559,0.0177196673367301,0.0269423205474923,0.00822614083526131,0.0227594114429379,0.011436736611346,0.00445642039300673,0.0171164645969281,0.0234955777726895,0.00118437692568997,0.0708243586881095,0.0148275440926556,0.0261882775130995,0.369061359308263,0.043248205035638,0.0469645984818444,0.00213569041412685,0.0180876481725418,0.0236759570351423,0.00551793677052465,4.10400572282585e-05,0.00154688264120695,1.97688675046848e-05,1.95862501459238e-05,0.0199590972478754,0.0681503856320275,0.0145033994640264,0.0215647004774222,0.00849609052865192,0.00862705467951242
C>T,A-C,0.02006628187618,0.0112939953345432,0.0398836596302551,0.00923482865703214,0.0218502097829546,0.0230954612742695,0.00517561410068892,0.0105795735002775,0.00714860891040429,0.00811372891538969,0.010437372074741,0.0580346700278399,0.0136627981685295,0.0156817253392713,0.00572302474931908,0.00827859344019396,0.0132014475333726,0.00195482149532189,0.00685160910408438,0.00802151030118095,0.0394298336434538,0.0210978919398812,0.00937756710030515,4.14499277655674e-05,0.00384353910150354,2.6452306916784e-05,1.99073848852725e-05,0.00948524565227611,0.00159465602394843,0.0120780534908506,0.0251824747633596,0.0215840609351491,0.0144066911565802
C>T,A-G,0.0263374539436672,0.00521420024150271,0.0522947563613703,0.00146496712354319,0.0224813132483088,0.011368032311923,0.00196196703572835,0.146571972690612,0.00240275602558035,0.00238922577944439,0.017605262000198,0.00955439202349692,0.00517832023381372,0.00467201178955617,0.0142525164763817,0.00416563916463051,0.00738989326630551,0.000910031883613158,0.00276164661766579,0.0304221467850604,0.0101740151054248,0.0147926648993386,0.00865029851305831,3.26587838931309e-05,0.00194096713706193,0.12491562074943,1.75200539229156e-05,0.00299747436623853,0.01164219846947,0.00878294427826172,0.0481970351076977,0.018064666896066,0.00612366662846575
C>T,A-T,0.0203222012147252,0.0124978917527751,0.0410091531735603,0.012976879873442,0.0275553928301455,0.0317483875386669,0.0146481265618904,0.0245031292108054,0.0140457995682435,0.00465543356945358,0.0194968177465849,0.0183326846007563,0.00524625122546612,0.0165846416289843,0.014237605327886,0.00836015602050359,0.00919883799417016,0.0136559735938852,0.0265671087792009,0.00809426930488807,0.00345323274467993,0.0128343599967836,0.00467973149411506,3.39251381492039e-05,0.00214737832421258,0.0312329428852378,2.41106994691757e-05,0.00458934392534139,0.00639744083408227,0.0181320243915494,0.0315853366943644,0.0357280711834689,0.0117048705005313
C>T,C-A,0.0215619376086785,0.014175715627944,0.0352944486711098,0.00917765110055814,0.0153800757561157,0.0239667019285922,0.00587525216195351,0.0131737449165451,0.0342448205014566,0.0514245773461797,0.0395663211268992,0.0195136081405635,0.0102827766514029,0.00225120147407733,0.016878287554868,0.0489177823994471,0.00462493335040584,0.0244633082188221,0.20698414849209,0.00824752093855535,0.00506954626112146,0.0192264846615648,0.00242300299136076,2.52897521024836e-05,0.00614098693592698,0.031232800252782,2.07687206364084e-05,0.0128973406071564,0.0310371545421869,0.0116067069366218,0.0543425518554469,0.0888377927744691,0.0498420143999601
C>T,C-C,0.0185521258192979,0.0124495921506211,0.0408931492988216,0.00499800281359826,0.029846860613396,0.0180254198421318,0.00644950965269453,0.0168424088867723,0.0202187391517048,0.0465364128007622,0.0285975203646379,0.0693923210910298,0.0139197724548141,0.0671910245260086,0.0157423223287115,0.011923237129323,0.00520977851786007,0.00404329200590722,0.0163150886547393,0.193023218250686,0.0296719858250542,0.0567315889551081,0.00686263553661486,4.19290947218178e-05,0.00301016040450142,0.0312478540865465,0.039957139918892,0.0112435730733617,0.0246085158900277,0.0239758716242756,0.0105708141358943,0.0195523455923891,0.0127774060769787
C>T,C-G,0.0278799373554834,0.0122201309563591,0.0585066346301918,0.00652884371155941,0.0169181495282402,0.0253416397494298,0.00754765858224799,0.124562289770141,0.00787968126080335,0.0286853613140603,0.104418883051404,0.0196782589918186,0.0210524055289072,0.000871066755834757,0.0274694954883491,0.00821828381575514,0.00508298221766902,0.0157939293843762,0.0119478092825285,0.00379490601228608,0.0172040896586559,0.0159066286189612,0.0018397467992325,3.07477810698931e-05,0.00336811150311968,0.093820034776061,0.0399269556161498,0.0105400738390483,0.00989273492485597,0.0132161048940358,0.0159662611235808,0.00411369254603555,0.00720362847318837
C>T,C-T,0.0269476634069455,0.0113210284561602,0.0510322234975981,0.0293828018318079,0.0374950935977847,0.000849133535257829,0.00639538578207418,0.0185260653447678,0.000569943651098173,0.0357209146790581,0.041732696968709,0.0123709981392534,0.00980210283755128,0.0859311969713476,0.0190150556461409,0.0156959656837722,0.00903539024085226,0.0180635641732009,0.00541727560401689,0.0082948175635177,0.0107695608445342,0.0138505217774466,0.0210449104437415,4.09975996527675e-05,0.00135947075816976,0.0311592274432407,0.0799236127756409,0.0206914653663597,0.0270283172058989,0.0910171582944214,0.0126748696703985,0.0249447405252029,0.0278631039462815
C>T,G-A,0.021010498976651,0.0108461004227322,0.0396718511158544,0.0105225001258142,0.0260575338607108,0.0272911483450407,0.00926486112797302,0.010724272514388,0.0167523715028245,0.00202333047024292,0.017517730464393,0.0422062595067809,0.00810499423543019,0.00498259917860453,0.00597067222800426,0.0136748804459475,0.0145976385322859,0.00104577550463183,0.0357326954744832,0.00863379446274744,0.0102699501363498,0.0169538425417342,0.00484989791643057,3.38699623441144e-05,0.00208347887555601,2.94570912000381e-05,2.32732643824975e-05,0.01722873097554,0.0024214622004185,0.0126601930797082,0.0114192375236441,0.00631907647394851,0.0294355890376303
C>T,G-C,0.0254286020229912,0.0139601056156428,0.0535841830651995,0.0103138242806327,0.0542902402913984,0.0374069435200843,0.0110972842558595,0.0121183610329877,0.00716497218757696,0.00866020136044445,0.0268683030716566,0.134292598308532,0.0196138251696061,0.00269673959373485,0.00402282809863693,0.0161455288304227,0.0122883177317676,0.10850368636978,0.00241459716323677,0.0292403088390761,0.0164012896593677,0.0199348505586713,0.00980313812589804,4.32336464780573e-05,0.00447049732310515,0.0624503896444193,2.68812452282889e-05,0.0320908936431126,0.00677791695274312,0.012491336531905,0.0160573962066149,0.0213452424777948,0.107509246632454
C>T,G-G,0.0358758529491904,0.0123543421179102,0.0684935228838276,0.00768150390884471,0.0418626321626221,0.0386348908446902,0.00450780855068082,0.153760834456919,0.00955236128248425,0.00170796631852102,0.0138872334451437,0.0216590252905089,0.0238953867873014,0.00318895048320967,0.351530541351513,0.00972173780822173,0.00711656682239509,0.00102045073253405,0.0027640086565339,0.0259989371740992,0.00486362846829545,0.0234490965363789,0.00499479210695541,3.07815269104697e-05,0.00240802385608749,0.0624909371970968,2.2575190172701e-05,0.00844807366920678,0.00742913207519691,0.00773824416365335,0.0237115575449245,0.0233976289499137,0.00904644428036987
C>T,G-T,0.028106908899121,0.0163278243982891,0.0545466345693877,0.0158891886107151,0.057156742132421,0.0431063634081899,0.0197024477171227,0.0303980816751418,0.0170538091422298,0.00499033781487057,0.0465348764797391,0.0415127700562272,0.00689439101814887,0.00182496156754091,0.0238305656939779,0.00964314728507507,0.0189966941533988,0.00418941009203278,0.00635693888877303,0.0242485445535455,0.0544070705262237,0.0434007760530891,0.0308963117914558,3.55306895567246e-05,0.00513742217883268,0.0625120842904276,1.90640561519857e-05,0.0237071314255958,0.0031376456447475,0.0532861826521335,0.0298927626420767,0.00615718122261444,0.0100775707904089
C>T,T-A,0.0241804462320902,0.027786345888108,0.043705587411789,0.0125746439013557,0.0239464739175241,0.0282344108637004,0.00517232389119037,0.00748086143496354,0.0516808228810389,0.171847834879549,0.0355722077101553,0.0176957480340613,0.00351937579255455,0.0150604221708725,0.0161626667855511,0.0163293927403363,0.0160733511015245,0.00405392985288914,0.00231047073813242,0.00591618331934885,0.00653308113637461,0.0265499409264196,0.0126665493571263,4.03886737323168e-05,0.00931775810949171,0.0312118410590094,0.19998380502532,0.00704664502038556,0.00608220108849808,0.0130271753617163,0.0103438886291626,0.0295948760867335,0.0420020486428929
C>T,T-C,0.0289960298459117,0.0188061449887899,0.064787753029012,0.0163690568877991,0.0499638000154224,0.00201635822657481,0.00252444639657673,0.0213744681446897,0.00171533383029156,0.148902417789529,0.0189893399493909,0.0851258310578061,0.011149926666882,0.0568860528110635,0.00423687113274061,0.00284335331295855,0.0102295619294725,0.00339105921776904,0.0180955558533804,0.0101156965109669,0.0191792673018813,0.00898644962975611,0.027763512913197,0.0893832646399113,0.0157380906227712,2.23802408129896e-05,0.120032679210071,0.0240155109415465,0.00656812605641134,0.0100257497238051,0.00752125326358447,0.0156115972251445,0.00407067955668184
C>T,T-G,0.0333245248565532,0.0323283278977168,0.0693077304631889,0.0154175277757103,0.0233268824227507,0.0405127579196475,0.00850050868201089,0.133911927594204,0.0608170542958792,0.121661516449506,0.0571109119847434,0.00399999535951124,0.00819990470509666,0.00406175020983146,0.055829754180405,0.0116584562415717,0.009447740041753,0.0076397813312437,0.00151942563364599,0.0361448149638401,0.00874133831332154,0.0368318191136181,0.0182492781767788,3.32663069065443e-05,0.00194286825945024,0.155671813342156,2.54726378806507e-05,0.0226603272115983,0.0100870390946475,0.0545520046024029,0.0100841989921104,0.0177795431329419,0.0679815553166427
C>T,T-T,0.0209009760125205,0.0173651790811655,0.0473876145984461,0.00755131015266294,0.0328148379828644,0.0257092971172277,0.00683100471136439,0.0227704770315793,0.0265062497390133,0.109786607568954,0.0435953548788163,0.00927386042607939,0.00314196632253331,0.143991814402516,0.0330329280080245,0.0135328292659098,0.00670283576539663,0.0520590145473915,0.0205394481323414,0.0241300086491975,0.0621868561755649,0.0175434241032775,0.00983118292999991,5.14470481136778e-05,0.0194586417263912,2.91914369242731e-05,0.0399303404154389,0.00695904485640514,0.00174221339193783,0.0110487585221247,0.0102575548085727,0.0103534323858957,0.0465009715338513
C>G,A-A,0.00672132142180019,0.00185967724182638,0.00600165308237702,0.00156702000185405,0.00875625295698069,0.007655984528529,0.00239927442828807,0.00977192659676488,0.00125314404313333,0.00252116154424716,0.00431527740939987,0.00191078336839968,0.00919159576237487,0.0190834054418213,0.0151977975037293,0.00381703979613254,0.00626484703164844,0.0324483037770452,0.017679735564097,0.00332153600322452,0.00244932863124671,0.0087295213711453,0.00175576819516215,3.44286223229457e-05,0.000734247235168631,2.35490983476939e-05,2.24038687457255e-05,0.00371368252201957,0.00243124910319322,0.00839345135739953,0.00709104539137728,0.0156422832526964,0.00466459637624018
C>G,A-C,0.0073363537932334,0.00192399877443629,0.0048397325029911,0.00290329234299354,0.0131851521574644,0.00821460175216489,0.00225021923534463,0.0045086800742023,0.00321599986641182,0.00161858076121286,0.00438043444510475,0.00329347460136018,0.0217180505690084,0.000628881059132836,0.00332346201684006,0.00495324514761691,0.00539395668386899,0.00179211391169511,0.00590472410778287,0.00414918099917859,0.00451682112822218,0.00845412443395388,0.0174598970614792,4.61905847900005e-05,0.0026956719500782,2.14984290016527e-05,1.435938869085e-05,0.0117495019545637,0.00438881836309485,0.00523808143541,0.0326093296431999,0.00786413839308033,0.016506967378165
C>G,A-G,0.00692496331034588,0.00155594412966825,0.00532630069872052,0.00186417306693538,0.00909442835091157,0.00777261257035596,0.00342737251378137,0.00699601898360243,0.00393041278227592,0.00393240011573996,0.00376303845534085,0.00412382620000781,0.0232052369195134,0.00254532553819122,0.00154879001377826,0.00237169187811707,0.00576456886679214,0.000979110155917232,0.00168309405349807,0.00226737454712926,0.0106886660390136,0.0134483415324235,0.00193536515788113,3.3999531332358e-05,0.00226451451563057,2.06319605016456e-05,2.56772641132166e-05,0.0101887652854092,0.00467086113636451,0.00750946388208097,0.00701484810356204,0.012238734014465,0.00806073559900884
C>G,A-T,0.00453946490813024,0.00069295642111441,0.00305566366594586,0.00145736788154268,0.00407256445181908,0.00521047970955405,0.00242436463331248,0.00371440662815816,0.000588364367893773,0.000807511578570267,0.00239152463043048,0.00144945339803778,0.0097715276276098,0.000538855910256203,0.00114716078214394,0.00286275688802454,0.00112583260555428,0.01150954840315,0.0164861397979222,0.00084401389109996,0.00231081192788909,0.0117953487766626,0.00180135173712858,5.16135570727402e-05,0.000803376420554842,2.66221747128178e-05,1.80904210111523e-05,0.00687466582516663,0.00868775397213783,0.00651273416580353,0.011443834426901,0.00203264151972738,0.00176841278651946
C>G,C-A,0.00600254662100703,0.00183643770994826,0.00749433433711619,0.00149539996618439,0.0092023072250256,0.00616363835802997,0.00200858713738167,0.0020018543938874,0.00267778894856217,0.0061511640761711,0.00399042709021087,0.00541124112303262,0.0236041668513768,0.00243231336756062,0.000674153999399897,0.00259415295105672,0.00540334648370851,0.000790788237223193,0.00490560726696083,0.00278127998153429,0.0252942868995324,0.00782537587679527,0.00918411541724059,4.55878936064534e-05,0.00238309004823484,2.37328750197268e-05,0.0398517078362538,0.0152340159628875,0.00212613925291308,0.00914608926545206,0.0265526051578296,0.0159043808679995,0.00191424896674123
C>G,C-C,0.00592309524983336,0.00187354446677647,0.00455143890084419,0.00176208199369404,0.0119165408651679,0.00294206145299927,0.00282507148566721,0.00397706337148807,0.00517160444567176,0.00158391939752094,0.00299382731087972,0.00247458349457515,0.0351462388696276,0.00117282612119626,0.00269210210303223,0.00348015060387501,0.00154047600179094,0.000481325535464874,0.000788486763668359,0.0147203808901049,0.0311711594974237,0.0139582993566503,0.00736580664453966,0.1805611765554,0.00196710407465998,1.96852330292998e-05,2.23476991745634e-05,0.0134971452836356,0.00457570187089867,0.0131900664141192,0.0067771291266766,0.0280786221092354,0.0174686086901639
C>G,C-G,0.00327907041885559,0.000345632473960321,0.00351323557218837,0.000451883588969842,0.00413150327537996,0.000279980732466229,0.000996403092604125,0.00169169317352568,0.000412463987888516,0.000433532526808765,0.0066439247899252,0.00205780919262718,0.0261426646339456,0.00175066861170407,0.000482138516253265,0.00190852025599797,0.000872874890197877,0.000325584516810875,0.00149585424583274,0.00946041244120049,0.00909489144789534,0.0078038496677012,0.00350445940665486,0.0908377432928725,0.00770064318491216,2.31817983267534e-05,2.62000822440519e-05,0.00268173680277325,0.00916005456432249,0.00589165146398837,0.014813790955498,0.00383331548635428,0.00432594494628415
C>G,G-A,0.00553501649934605,0.00208341929887869,0.00483385767751039,0.00205791454077916,0.0112698592756021,0.00664900611402328,0.00247683566109393,0.00486881960165258,0.00226677440660246,0.00298548366894677,0.00386462763594914,0.00414709642224837,0.0226313607796444,0.000924855433484696,0.00135835896253825,0.00794325541797522,0.00516697045375792,0.00105654666807113,0.00254458967330267,0.00162432085212288,0.0133866027798686,0.00880173599050118,0.00366955262238261,5.55894425916604e-05,0.00179692262125629,1.9397621398149e-05,1.57544483884329e-05,0.0146003542696561,0.00512407000374496,0.0102833188358858,0.00989988280336414,0.00362772938976394,0.00814218079984535
C>G,G-C,0.00459641278643801,0.00127524747378213,0.00251003986884,0.00173783378037155,0.00980453670903633,0.00117834635472614,0.00645104086593192,0.00129696042774081,0.000583123570855901,0.000990226972576463,0.00535278590929707,0.00231660308630049,0.0250660048993475,0.000718303843951158,0.00155548427347854,0.00255728422381379,0.00100102956546679,0.000290041997116932,0.000895088941323656,0.00523842858763527,0.00582576690230985,0.0112520154743983,0.00354123439865477,3.37155227862712e-05,0.0365265883027211,2.16880596477747e-05,2.00406228564938e-05,0.00170688716819419,0.00492667884745727,0.0310415162193958,0.00433570514617219,0.0123685839617199,0.0167619876412698
C>G,T-A,0.00390325309513279,0.00134983583729991,0.00416480546558156,0.00142934353705194,0.0062790999209638,0.00443310828266862,0.00148164284879076,0.00160269996236556,0.000515820533281641,0.00494922274012363,0.00415264398661785,0.00246307943383883,0.0111746335589729,0.000766595643832053,0.000930560561858998,0.00272487944872213,0.0044569808875418,0.000533163206617187,0.000627457130946027,0.000774755194698455,0.00123700079945312,0.00906151028895147,0.00192678646352582,4.31514078619882e-05,0.00094988014039304,0.0311902790806658,2.73944006872281e-05,0.00820421213128569,0.00588059325234653,0.00238466669172074,0.0194684026518724,0.012394915329089,0.00630596502853039
T>A,A-A,0.0417965432084001,0.065937169035838,0.00649499374799131,0.0448569124809946,0.0057977529895293,0.0211571059713937,0.0145590207250801,0.0140241971181703,0.126905835032571,0.0276912764372333,0.0271809896229171,0.00791213013327784,0.00475927765804471,0.0615014715106508,0.0131015123870553,0.311877853860954,0.116278468276882,0.0200730600145189,0.0420097825964241,0.00694266310880363,0.0376369081598843,0.0185193610819372,0.0209120821835055,3.44753702136703e-05,0.0546975923163847,2.11920683250564e-05,0.0398689214955504,0.0466254258978294,0.00481644747101471,0.0155383664724033,0.01061739068375,0.0117203072443277,0.0112091673969042
T>A,A-C,0.0324338924374175,0.0317976793697324,0.0078258753920538,0.0319693675246357,0.0158802684076075,0.0356008731304098,0.0595845738649281,0.00489664005849186,0.0450770350036435,0.00406331675996848,0.00302223478557611,0.0135511373694564,0.0297669105162323,0.0125251916081047,0.0149513274388221,0.00354427811273595,0.0053947968063525,0.00201186583297809,0.00550492368751296,0.0225876028519942,0.0532265737848413,0.0176376607886984,0.00726055421574884,3.79343464114477e-05,0.0486971630885223,2.58720346079447e-05,2.47620285292308e-05,0.0374643340828271,0.0123110275333763,0.00994204973539329,0.0267797631116192,0.0371272280968577,0.00792467832683769
T>A,A-G,0.0365455699673176,0.0350690227238074,0.00980386205239702,0.0743319644629543,0.0194673088918493,0.0466534510630077,0.0924094745588599,0.00478661082113048,0.01890530932302,0.00268907089228035,0.0189628903072372,0.0279495935339599,0.0211842184438017,0.0133837607550749,0.00918932066538359,0.0309319244688626,0.0207856340071474,0.0254125566285779,0.0124764427490391,0.0142952075285955,0.0122409060641442,0.0211609412913758,0.00900224191581354,2.55426673952426e-05,0.0508004168544946,1.61964136181114e-05,2.2057729563026e-05,0.00562254577087328,0.142684155754878,0.0150992409781801,0.038607443759957,0.0261105397722864,0.00833021400339699
T>A,A-T,0.0430377962650993,0.0600042024378463,0.00613422882537038,0.23873874567023,0.00917803834476804,0.119669499055527,0.444887344046702,0.00448487102943304,0.0125861164411751,0.0219396841950588,0.0430501148089286,0.00718451465990215,0.00272538236927017,0.0161357161370207,0.0138852562796088,0.0694275152297737,0.0357085523385284,0.0772151735661164,0.0195907232878354,0.00856964646337754,0.00362732419761135,0.0210551513849643,0.0684974407384724,0.454046019190905,0.0145090564873737,2.10658932794022e-05,2.65332285817863e-05,0.0256114509769258,0.019983715870699,0.0158418908027733,0.0125830788223671,0.0174971561924064,0.0289557930231747
T>A,C-A,0.035542929359383,0.0497039183433501,0.00615225511070037,0.0348411497872328,0.00812654191267095,0.0330244162252671,0.0352361250216464,0.00401470431544996,0.136076235831317,0.00362706716294371,0.0117916130908129,0.0366977411512725,0.0239902113498096,0.0178282443606542,0.0316601673982508,0.0102856970902781,0.0131469253142767,0.0957379266000403,0.133363743279423,0.00745997618824788,0.0145727506196841,0.0134127269517897,0.00390020279025131,4.68344041087058e-05,0.0224042530814527,1.75311954434065e-05,0.119827989886528,0.0126729679003422,0.0357059407244644,0.0178835307240186,0.0135786239431667,0.018068262666255,0.0227004783487922
T>A,C-C,0.0286647711801711,0.029044787541942,0.0108830564110242,0.0191791899652681,0.026444870075675,0.027099092090356,0.0104863519260861,0.00527233332994768,0.0369720258802539,0.00345038836665742,0.00736732218461403,0.0314033482173643,0.0536712012748473,0.108875001059943,0.0628806201115072,0.0108477367983537,0.0182272188513497,0.00479336558400779,0.0165641481339888,0.110268365555214,0.0138202508113296,0.0331395786503124,0.01302190306069,4.29532973538705e-05,0.0152414835456186,1.74648456909614e-05,0.119959833444787,0.0171759960722039,0.0565619860276296,0.015885452134488,0.0463187323762387,0.0248522119779621,0.0142697487179929
T>A,C-G,0.033380476526505,0.0308783627035339,0.0119856754464909,0.0321796616737943,0.0287566824971253,0.0235620709842128,0.0115158274141096,0.00560533199075798,0.00802029287856084,0.00164639876623462,0.0269159248699268,0.0541256055963758,0.0387426948374709,0.00650093902543312,0.00942426927513827,0.00715661266523355,0.0145060207774494,0.0589233381304554,0.0313731292180519,0.0341874891310974,0.0863387645703615,0.00969830162276348,0.0122842009357016,4.05004506378454e-05,0.0335008029355131,2.227560918058e-05,2.23192487482112e-05,0.0378959191999213,0.032638141763811,0.0060937371922694,0.0263208400125598,0.0135069708444406,0.00597460540260506
T>A,G-A,0.0304514595541044,0.0454078416197863,0.00650992977032488,0.0268307683281418,0.0136872152494172,0.0241284894566646,0.041093000013185,0.00175651206154883,0.0971214969791423,0.0116040208147317,0.00301039758362514,0.0112875602393195,0.0317858639728113,0.0155614320304582,0.0164060419612063,0.0273584169802485,0.00800179679275411,0.0050748762863755,0.0669427981839807,0.0208909502112094,0.0170177396906831,0.113715088411273,0.0168540301610121,3.74487013516514e-05,0.00236980899350365,2.21802872769871e-05,2.92044635351457e-05,0.0354495578077793,0.0435871699114824,0.0240061296830854,0.00658138872126964,0.0402251314883518,0.0307868674468879
T>A,G-C,0.0301217369246012,0.023832579930868,0.00780651716512993,0.00996382580125644,0.0141801466074865,0.0175590225184601,0.0153677110135713,0.00131291738738657,0.00282699256837525,0.00495093981276769,0.000997843138622974,0.00533397747523449,0.0683397331931273,0.0395101157881964,0.00335685093257183,0.00885935769245864,0.00683452779780078,0.151447256207631,0.00288758083794132,0.0558969016384725,0.0329705656520351,0.0282411831007176,0.00508865219280541,4.78214273695077e-05,0.0471679538397534,1.943495132669e-05,1.99713616483968e-05,0.00817716166104157,0.0122783457036164,0.0210729666468414,0.0315648917690136,0.0252733256980233,0.0105274341028262
T>A,T-A,0.0561014788292842,0.187213892417413,0.0018483299412142,0.174833051748732,0.00510540565353286,0.0341856543836936,0.04256429191353,0.0287184881403758,0.0911845110155113,0.0375134497220122,0.00666717497683946,0.00686429035007858,0.0034199165144659,0.0249280507518105,0.0576219849080856,0.0909678087544541,0.0124601322032781,0.0333197485737053,0.00281788961542434,0.0164687960067368,0.0202736280693008,0.0452387598788544,0.0167219676630195,3.93064438772355e-05,0.0823994002946823,2.38103787302629e-05,2.66640307070669e-05,0.00936140789347612,0.0114455944306889,0.0236376921156379,0.0169942152999536,0.00978693023339237,0.0310141044031029
